[09-Jan-2026 23:10:53 Asia/Dhaka] PHP ERROR [2]: Undefined variable $totalDurationPage in D:\XAMPP\htdocs\eimbox-dashboard\eimbox-materio\core\package_checker.php on line 103
[09-Jan-2026 23:10:53 Asia/Dhaka] PHP ERROR [2]: Undefined variable $totalDurationAll in D:\XAMPP\htdocs\eimbox-dashboard\eimbox-materio\core\package_checker.php on line 104
[09-Jan-2026 23:10:53 Asia/Dhaka] PHP ERROR [2]: Undefined variable $totalRecordsPage in D:\XAMPP\htdocs\eimbox-dashboard\eimbox-materio\core\package_checker.php on line 105
[09-Jan-2026 23:10:53 Asia/Dhaka] PHP ERROR [8192]: htmlspecialchars(): Passing null to parameter #1 ($string) of type string is deprecated in D:\XAMPP\htdocs\eimbox-dashboard\eimbox-materio\header.php on line 268
[09-Jan-2026 23:10:53 Asia/Dhaka] PHP ERROR [8192]: htmlspecialchars(): Passing null to parameter #1 ($string) of type string is deprecated in D:\XAMPP\htdocs\eimbox-dashboard\eimbox-materio\header.php on line 269
[09-Jan-2026 23:10:53 Asia/Dhaka] PHP ERROR [8192]: htmlspecialchars(): Passing null to parameter #1 ($string) of type string is deprecated in D:\XAMPP\htdocs\eimbox-dashboard\eimbox-materio\header.php on line 268
[09-Jan-2026 23:10:53 Asia/Dhaka] PHP ERROR [2]: Undefined variable $monitorPanel in D:\XAMPP\htdocs\eimbox-dashboard\eimbox-materio\footer.php on line 157
[09-Jan-2026 23:10:57 Asia/Dhaka] PHP ERROR [2]: Undefined variable $totalDurationPage in D:\XAMPP\htdocs\eimbox-dashboard\eimbox-materio\core\package_checker.php on line 103
[09-Jan-2026 23:10:57 Asia/Dhaka] PHP ERROR [2]: Undefined variable $totalDurationAll in D:\XAMPP\htdocs\eimbox-dashboard\eimbox-materio\core\package_checker.php on line 104
[09-Jan-2026 23:10:57 Asia/Dhaka] PHP ERROR [2]: Undefined variable $totalRecordsPage in D:\XAMPP\htdocs\eimbox-dashboard\eimbox-materio\core\package_checker.php on line 105
[09-Jan-2026 23:10:57 Asia/Dhaka] PHP ERROR [2]: Undefined variable $monitorPanel in D:\XAMPP\htdocs\eimbox-dashboard\eimbox-materio\footer.php on line 157
[09-Jan-2026 23:25:48 Asia/Dhaka] PHP ERROR [2]: Undefined variable $totalDurationPage in D:\XAMPP\htdocs\eimbox-dashboard\eimbox-materio\core\package_checker.php on line 103
[09-Jan-2026 23:25:48 Asia/Dhaka] PHP ERROR [2]: Undefined variable $totalDurationAll in D:\XAMPP\htdocs\eimbox-dashboard\eimbox-materio\core\package_checker.php on line 104
[09-Jan-2026 23:25:48 Asia/Dhaka] PHP ERROR [2]: Undefined variable $totalRecordsPage in D:\XAMPP\htdocs\eimbox-dashboard\eimbox-materio\core\package_checker.php on line 105
[09-Jan-2026 23:25:48 Asia/Dhaka] PHP ERROR [8192]: htmlspecialchars(): Passing null to parameter #1 ($string) of type string is deprecated in D:\XAMPP\htdocs\eimbox-dashboard\eimbox-materio\header.php on line 268
[09-Jan-2026 23:25:48 Asia/Dhaka] PHP ERROR [8192]: htmlspecialchars(): Passing null to parameter #1 ($string) of type string is deprecated in D:\XAMPP\htdocs\eimbox-dashboard\eimbox-materio\header.php on line 269
[09-Jan-2026 23:25:48 Asia/Dhaka] PHP ERROR [8192]: htmlspecialchars(): Passing null to parameter #1 ($string) of type string is deprecated in D:\XAMPP\htdocs\eimbox-dashboard\eimbox-materio\header.php on line 268
[09-Jan-2026 23:25:48 Asia/Dhaka] PHP ERROR [2]: Undefined variable $monitorPanel in D:\XAMPP\htdocs\eimbox-dashboard\eimbox-materio\footer.php on line 157
[09-Jan-2026 23:29:24 Asia/Dhaka] PHP ERROR [2]: Undefined variable $totalDurationPage in D:\XAMPP\htdocs\eimbox-dashboard\eimbox-materio\core\package_checker.php on line 103
[09-Jan-2026 23:29:24 Asia/Dhaka] PHP ERROR [2]: Undefined variable $totalDurationAll in D:\XAMPP\htdocs\eimbox-dashboard\eimbox-materio\core\package_checker.php on line 104
[09-Jan-2026 23:29:24 Asia/Dhaka] PHP ERROR [2]: Undefined variable $totalRecordsPage in D:\XAMPP\htdocs\eimbox-dashboard\eimbox-materio\core\package_checker.php on line 105
[09-Jan-2026 23:29:24 Asia/Dhaka] PHP ERROR [8192]: htmlspecialchars(): Passing null to parameter #1 ($string) of type string is deprecated in D:\XAMPP\htdocs\eimbox-dashboard\eimbox-materio\header.php on line 268
[09-Jan-2026 23:29:24 Asia/Dhaka] PHP ERROR [8192]: htmlspecialchars(): Passing null to parameter #1 ($string) of type string is deprecated in D:\XAMPP\htdocs\eimbox-dashboard\eimbox-materio\header.php on line 269
[09-Jan-2026 23:29:24 Asia/Dhaka] PHP ERROR [8192]: htmlspecialchars(): Passing null to parameter #1 ($string) of type string is deprecated in D:\XAMPP\htdocs\eimbox-dashboard\eimbox-materio\header.php on line 268
[09-Jan-2026 23:29:24 Asia/Dhaka] PHP ERROR [2]: Undefined variable $monitorPanel in D:\XAMPP\htdocs\eimbox-dashboard\eimbox-materio\footer.php on line 157
[09-Jan-2026 23:40:29 Asia/Dhaka] PHP ERROR [2]: Undefined variable $totalDurationPage in D:\XAMPP\htdocs\eimbox-dashboard\eimbox-materio\core\package_checker.php on line 103
[09-Jan-2026 23:40:29 Asia/Dhaka] PHP ERROR [2]: Undefined variable $totalDurationAll in D:\XAMPP\htdocs\eimbox-dashboard\eimbox-materio\core\package_checker.php on line 104
[09-Jan-2026 23:40:29 Asia/Dhaka] PHP ERROR [2]: Undefined variable $totalRecordsPage in D:\XAMPP\htdocs\eimbox-dashboard\eimbox-materio\core\package_checker.php on line 105
[09-Jan-2026 23:40:29 Asia/Dhaka] PHP ERROR [8192]: htmlspecialchars(): Passing null to parameter #1 ($string) of type string is deprecated in D:\XAMPP\htdocs\eimbox-dashboard\eimbox-materio\header.php on line 268
[09-Jan-2026 23:40:29 Asia/Dhaka] PHP ERROR [8192]: htmlspecialchars(): Passing null to parameter #1 ($string) of type string is deprecated in D:\XAMPP\htdocs\eimbox-dashboard\eimbox-materio\header.php on line 269
[09-Jan-2026 23:40:29 Asia/Dhaka] PHP ERROR [8192]: htmlspecialchars(): Passing null to parameter #1 ($string) of type string is deprecated in D:\XAMPP\htdocs\eimbox-dashboard\eimbox-materio\header.php on line 268
[09-Jan-2026 23:40:29 Asia/Dhaka] PHP ERROR [2]: Undefined variable $monitorPanel in D:\XAMPP\htdocs\eimbox-dashboard\eimbox-materio\footer.php on line 157
[09-Jan-2026 23:41:08 Asia/Dhaka] PHP ERROR [2]: Undefined variable $totalDurationPage in D:\XAMPP\htdocs\eimbox-dashboard\eimbox-materio\core\package_checker.php on line 103
[09-Jan-2026 23:41:08 Asia/Dhaka] PHP ERROR [2]: Undefined variable $totalDurationAll in D:\XAMPP\htdocs\eimbox-dashboard\eimbox-materio\core\package_checker.php on line 104
[09-Jan-2026 23:41:08 Asia/Dhaka] PHP ERROR [2]: Undefined variable $totalRecordsPage in D:\XAMPP\htdocs\eimbox-dashboard\eimbox-materio\core\package_checker.php on line 105
[09-Jan-2026 23:41:08 Asia/Dhaka] PHP ERROR [8192]: htmlspecialchars(): Passing null to parameter #1 ($string) of type string is deprecated in D:\XAMPP\htdocs\eimbox-dashboard\eimbox-materio\header.php on line 268
[09-Jan-2026 23:41:08 Asia/Dhaka] PHP ERROR [8192]: htmlspecialchars(): Passing null to parameter #1 ($string) of type string is deprecated in D:\XAMPP\htdocs\eimbox-dashboard\eimbox-materio\header.php on line 269
[09-Jan-2026 23:41:08 Asia/Dhaka] PHP ERROR [8192]: htmlspecialchars(): Passing null to parameter #1 ($string) of type string is deprecated in D:\XAMPP\htdocs\eimbox-dashboard\eimbox-materio\header.php on line 268
[09-Jan-2026 23:41:08 Asia/Dhaka] PHP ERROR [2]: Undefined variable $monitorPanel in D:\XAMPP\htdocs\eimbox-dashboard\eimbox-materio\footer.php on line 157
[09-Jan-2026 23:41:15 Asia/Dhaka] PHP ERROR [2]: Undefined variable $totalDurationPage in D:\XAMPP\htdocs\eimbox-dashboard\eimbox-materio\core\package_checker.php on line 103
[09-Jan-2026 23:41:15 Asia/Dhaka] PHP ERROR [2]: Undefined variable $totalDurationAll in D:\XAMPP\htdocs\eimbox-dashboard\eimbox-materio\core\package_checker.php on line 104
[09-Jan-2026 23:41:15 Asia/Dhaka] PHP ERROR [2]: Undefined variable $totalRecordsPage in D:\XAMPP\htdocs\eimbox-dashboard\eimbox-materio\core\package_checker.php on line 105
[09-Jan-2026 23:41:15 Asia/Dhaka] PHP ERROR [8192]: htmlspecialchars(): Passing null to parameter #1 ($string) of type string is deprecated in D:\XAMPP\htdocs\eimbox-dashboard\eimbox-materio\header.php on line 268
[09-Jan-2026 23:41:15 Asia/Dhaka] PHP ERROR [8192]: htmlspecialchars(): Passing null to parameter #1 ($string) of type string is deprecated in D:\XAMPP\htdocs\eimbox-dashboard\eimbox-materio\header.php on line 269
[09-Jan-2026 23:41:15 Asia/Dhaka] PHP ERROR [8192]: htmlspecialchars(): Passing null to parameter #1 ($string) of type string is deprecated in D:\XAMPP\htdocs\eimbox-dashboard\eimbox-materio\header.php on line 268
[09-Jan-2026 23:41:15 Asia/Dhaka] PHP ERROR [2]: Undefined variable $monitorPanel in D:\XAMPP\htdocs\eimbox-dashboard\eimbox-materio\footer.php on line 157
[09-Jan-2026 23:41:27 Asia/Dhaka] PHP ERROR [2]: Undefined variable $totalDurationPage in D:\XAMPP\htdocs\eimbox-dashboard\eimbox-materio\core\package_checker.php on line 103
[09-Jan-2026 23:41:27 Asia/Dhaka] PHP ERROR [2]: Undefined variable $totalDurationAll in D:\XAMPP\htdocs\eimbox-dashboard\eimbox-materio\core\package_checker.php on line 104
[09-Jan-2026 23:41:27 Asia/Dhaka] PHP ERROR [2]: Undefined variable $totalRecordsPage in D:\XAMPP\htdocs\eimbox-dashboard\eimbox-materio\core\package_checker.php on line 105
[09-Jan-2026 23:41:27 Asia/Dhaka] PHP ERROR [8192]: htmlspecialchars(): Passing null to parameter #1 ($string) of type string is deprecated in D:\XAMPP\htdocs\eimbox-dashboard\eimbox-materio\header.php on line 268
[09-Jan-2026 23:41:27 Asia/Dhaka] PHP ERROR [8192]: htmlspecialchars(): Passing null to parameter #1 ($string) of type string is deprecated in D:\XAMPP\htdocs\eimbox-dashboard\eimbox-materio\header.php on line 269
[09-Jan-2026 23:41:27 Asia/Dhaka] PHP ERROR [8192]: htmlspecialchars(): Passing null to parameter #1 ($string) of type string is deprecated in D:\XAMPP\htdocs\eimbox-dashboard\eimbox-materio\header.php on line 268
[09-Jan-2026 23:41:27 Asia/Dhaka] PHP ERROR [2]: Undefined variable $monitorPanel in D:\XAMPP\htdocs\eimbox-dashboard\eimbox-materio\footer.php on line 157
[09-Jan-2026 23:42:38 Asia/Dhaka] PHP ERROR [2]: Undefined variable $totalDurationPage in D:\XAMPP\htdocs\eimbox-dashboard\eimbox-materio\core\package_checker.php on line 103
[09-Jan-2026 23:42:38 Asia/Dhaka] PHP ERROR [2]: Undefined variable $totalDurationAll in D:\XAMPP\htdocs\eimbox-dashboard\eimbox-materio\core\package_checker.php on line 104
[09-Jan-2026 23:42:38 Asia/Dhaka] PHP ERROR [2]: Undefined variable $totalRecordsPage in D:\XAMPP\htdocs\eimbox-dashboard\eimbox-materio\core\package_checker.php on line 105
[09-Jan-2026 23:42:38 Asia/Dhaka] PHP ERROR [8192]: htmlspecialchars(): Passing null to parameter #1 ($string) of type string is deprecated in D:\XAMPP\htdocs\eimbox-dashboard\eimbox-materio\header.php on line 268
[09-Jan-2026 23:42:38 Asia/Dhaka] PHP ERROR [8192]: htmlspecialchars(): Passing null to parameter #1 ($string) of type string is deprecated in D:\XAMPP\htdocs\eimbox-dashboard\eimbox-materio\header.php on line 269
[09-Jan-2026 23:42:38 Asia/Dhaka] PHP ERROR [8192]: htmlspecialchars(): Passing null to parameter #1 ($string) of type string is deprecated in D:\XAMPP\htdocs\eimbox-dashboard\eimbox-materio\header.php on line 268
[09-Jan-2026 23:42:38 Asia/Dhaka] PHP ERROR [2]: Undefined variable $monitorPanel in D:\XAMPP\htdocs\eimbox-dashboard\eimbox-materio\footer.php on line 157
[09-Jan-2026 23:43:24 Asia/Dhaka] PHP ERROR [2]: Undefined variable $totalDurationPage in D:\XAMPP\htdocs\eimbox-dashboard\eimbox-materio\core\package_checker.php on line 103
[09-Jan-2026 23:43:24 Asia/Dhaka] PHP ERROR [2]: Undefined variable $totalDurationAll in D:\XAMPP\htdocs\eimbox-dashboard\eimbox-materio\core\package_checker.php on line 104
[09-Jan-2026 23:43:24 Asia/Dhaka] PHP ERROR [2]: Undefined variable $totalRecordsPage in D:\XAMPP\htdocs\eimbox-dashboard\eimbox-materio\core\package_checker.php on line 105
[09-Jan-2026 23:43:24 Asia/Dhaka] PHP ERROR [8192]: htmlspecialchars(): Passing null to parameter #1 ($string) of type string is deprecated in D:\XAMPP\htdocs\eimbox-dashboard\eimbox-materio\header.php on line 268
[09-Jan-2026 23:43:24 Asia/Dhaka] PHP ERROR [8192]: htmlspecialchars(): Passing null to parameter #1 ($string) of type string is deprecated in D:\XAMPP\htdocs\eimbox-dashboard\eimbox-materio\header.php on line 269
[09-Jan-2026 23:43:24 Asia/Dhaka] PHP ERROR [8192]: htmlspecialchars(): Passing null to parameter #1 ($string) of type string is deprecated in D:\XAMPP\htdocs\eimbox-dashboard\eimbox-materio\header.php on line 268
[09-Jan-2026 23:43:26 Asia/Dhaka] PHP ERROR [2]: Undefined variable $monitorPanel in D:\XAMPP\htdocs\eimbox-dashboard\eimbox-materio\footer.php on line 157
[09-Jan-2026 23:43:43 Asia/Dhaka] PHP ERROR [2]: Undefined variable $totalDurationPage in D:\XAMPP\htdocs\eimbox-dashboard\eimbox-materio\core\package_checker.php on line 103
[09-Jan-2026 23:43:43 Asia/Dhaka] PHP ERROR [2]: Undefined variable $totalDurationAll in D:\XAMPP\htdocs\eimbox-dashboard\eimbox-materio\core\package_checker.php on line 104
[09-Jan-2026 23:43:43 Asia/Dhaka] PHP ERROR [2]: Undefined variable $totalRecordsPage in D:\XAMPP\htdocs\eimbox-dashboard\eimbox-materio\core\package_checker.php on line 105
[09-Jan-2026 23:43:43 Asia/Dhaka] PHP ERROR [8192]: htmlspecialchars(): Passing null to parameter #1 ($string) of type string is deprecated in D:\XAMPP\htdocs\eimbox-dashboard\eimbox-materio\header.php on line 268
[09-Jan-2026 23:43:43 Asia/Dhaka] PHP ERROR [8192]: htmlspecialchars(): Passing null to parameter #1 ($string) of type string is deprecated in D:\XAMPP\htdocs\eimbox-dashboard\eimbox-materio\header.php on line 269
[09-Jan-2026 23:43:43 Asia/Dhaka] PHP ERROR [8192]: htmlspecialchars(): Passing null to parameter #1 ($string) of type string is deprecated in D:\XAMPP\htdocs\eimbox-dashboard\eimbox-materio\header.php on line 268
[09-Jan-2026 23:43:43 Asia/Dhaka] PHP ERROR [2]: Undefined variable $monitorPanel in D:\XAMPP\htdocs\eimbox-dashboard\eimbox-materio\footer.php on line 157
[09-Jan-2026 23:44:38 Asia/Dhaka] PHP ERROR [2]: Undefined variable $totalDurationPage in D:\XAMPP\htdocs\eimbox-dashboard\eimbox-materio\core\package_checker.php on line 103
[09-Jan-2026 23:44:38 Asia/Dhaka] PHP ERROR [2]: Undefined variable $totalDurationAll in D:\XAMPP\htdocs\eimbox-dashboard\eimbox-materio\core\package_checker.php on line 104
[09-Jan-2026 23:44:38 Asia/Dhaka] PHP ERROR [2]: Undefined variable $totalRecordsPage in D:\XAMPP\htdocs\eimbox-dashboard\eimbox-materio\core\package_checker.php on line 105
[09-Jan-2026 23:44:38 Asia/Dhaka] PHP ERROR [8192]: htmlspecialchars(): Passing null to parameter #1 ($string) of type string is deprecated in D:\XAMPP\htdocs\eimbox-dashboard\eimbox-materio\header.php on line 268
[09-Jan-2026 23:44:38 Asia/Dhaka] PHP ERROR [8192]: htmlspecialchars(): Passing null to parameter #1 ($string) of type string is deprecated in D:\XAMPP\htdocs\eimbox-dashboard\eimbox-materio\header.php on line 269
[09-Jan-2026 23:44:38 Asia/Dhaka] PHP ERROR [8192]: htmlspecialchars(): Passing null to parameter #1 ($string) of type string is deprecated in D:\XAMPP\htdocs\eimbox-dashboard\eimbox-materio\header.php on line 268
[09-Jan-2026 23:44:38 Asia/Dhaka] PHP ERROR [2]: Undefined variable $monitorPanel in D:\XAMPP\htdocs\eimbox-dashboard\eimbox-materio\footer.php on line 157
[09-Jan-2026 23:44:47 Asia/Dhaka] PHP ERROR [2]: Undefined variable $totalDurationPage in D:\XAMPP\htdocs\eimbox-dashboard\eimbox-materio\core\package_checker.php on line 103
[09-Jan-2026 23:44:47 Asia/Dhaka] PHP ERROR [2]: Undefined variable $totalDurationAll in D:\XAMPP\htdocs\eimbox-dashboard\eimbox-materio\core\package_checker.php on line 104
[09-Jan-2026 23:44:47 Asia/Dhaka] PHP ERROR [2]: Undefined variable $totalRecordsPage in D:\XAMPP\htdocs\eimbox-dashboard\eimbox-materio\core\package_checker.php on line 105
[09-Jan-2026 23:44:47 Asia/Dhaka] PHP ERROR [8192]: htmlspecialchars(): Passing null to parameter #1 ($string) of type string is deprecated in D:\XAMPP\htdocs\eimbox-dashboard\eimbox-materio\header.php on line 268
[09-Jan-2026 23:44:47 Asia/Dhaka] PHP ERROR [8192]: htmlspecialchars(): Passing null to parameter #1 ($string) of type string is deprecated in D:\XAMPP\htdocs\eimbox-dashboard\eimbox-materio\header.php on line 269
[09-Jan-2026 23:44:47 Asia/Dhaka] PHP ERROR [8192]: htmlspecialchars(): Passing null to parameter #1 ($string) of type string is deprecated in D:\XAMPP\htdocs\eimbox-dashboard\eimbox-materio\header.php on line 268
[09-Jan-2026 23:44:47 Asia/Dhaka] PHP ERROR [2]: Undefined variable $monitorPanel in D:\XAMPP\htdocs\eimbox-dashboard\eimbox-materio\footer.php on line 157
[09-Jan-2026 23:48:20 Asia/Dhaka] PHP ERROR [2]: Undefined variable $totalDurationPage in D:\XAMPP\htdocs\eimbox-dashboard\eimbox-materio\core\package_checker.php on line 103
[09-Jan-2026 23:48:20 Asia/Dhaka] PHP ERROR [2]: Undefined variable $totalDurationAll in D:\XAMPP\htdocs\eimbox-dashboard\eimbox-materio\core\package_checker.php on line 104
[09-Jan-2026 23:48:20 Asia/Dhaka] PHP ERROR [2]: Undefined variable $totalRecordsPage in D:\XAMPP\htdocs\eimbox-dashboard\eimbox-materio\core\package_checker.php on line 105
[09-Jan-2026 23:48:20 Asia/Dhaka] PHP ERROR [8192]: htmlspecialchars(): Passing null to parameter #1 ($string) of type string is deprecated in D:\XAMPP\htdocs\eimbox-dashboard\eimbox-materio\header.php on line 268
[09-Jan-2026 23:48:20 Asia/Dhaka] PHP ERROR [8192]: htmlspecialchars(): Passing null to parameter #1 ($string) of type string is deprecated in D:\XAMPP\htdocs\eimbox-dashboard\eimbox-materio\header.php on line 269
[09-Jan-2026 23:48:20 Asia/Dhaka] PHP ERROR [8192]: htmlspecialchars(): Passing null to parameter #1 ($string) of type string is deprecated in D:\XAMPP\htdocs\eimbox-dashboard\eimbox-materio\header.php on line 268
[09-Jan-2026 23:48:20 Asia/Dhaka] PHP ERROR [2]: Undefined variable $monitorPanel in D:\XAMPP\htdocs\eimbox-dashboard\eimbox-materio\footer.php on line 157
[09-Jan-2026 23:48:29 Asia/Dhaka] PHP ERROR [2]: Undefined variable $totalDurationPage in D:\XAMPP\htdocs\eimbox-dashboard\eimbox-materio\core\package_checker.php on line 103
[09-Jan-2026 23:48:29 Asia/Dhaka] PHP ERROR [2]: Undefined variable $totalDurationAll in D:\XAMPP\htdocs\eimbox-dashboard\eimbox-materio\core\package_checker.php on line 104
[09-Jan-2026 23:48:29 Asia/Dhaka] PHP ERROR [2]: Undefined variable $totalRecordsPage in D:\XAMPP\htdocs\eimbox-dashboard\eimbox-materio\core\package_checker.php on line 105
[09-Jan-2026 23:48:29 Asia/Dhaka] PHP ERROR [8192]: htmlspecialchars(): Passing null to parameter #1 ($string) of type string is deprecated in D:\XAMPP\htdocs\eimbox-dashboard\eimbox-materio\header.php on line 268
[09-Jan-2026 23:48:29 Asia/Dhaka] PHP ERROR [8192]: htmlspecialchars(): Passing null to parameter #1 ($string) of type string is deprecated in D:\XAMPP\htdocs\eimbox-dashboard\eimbox-materio\header.php on line 269
[09-Jan-2026 23:48:29 Asia/Dhaka] PHP ERROR [8192]: htmlspecialchars(): Passing null to parameter #1 ($string) of type string is deprecated in D:\XAMPP\htdocs\eimbox-dashboard\eimbox-materio\header.php on line 268
[09-Jan-2026 23:48:29 Asia/Dhaka] PHP ERROR [2]: Undefined variable $monitorPanel in D:\XAMPP\htdocs\eimbox-dashboard\eimbox-materio\footer.php on line 157
[09-Jan-2026 23:49:25 Asia/Dhaka] PHP ERROR [2]: Undefined variable $totalDurationPage in D:\XAMPP\htdocs\eimbox-dashboard\eimbox-materio\core\package_checker.php on line 103
[09-Jan-2026 23:49:25 Asia/Dhaka] PHP ERROR [2]: Undefined variable $totalDurationAll in D:\XAMPP\htdocs\eimbox-dashboard\eimbox-materio\core\package_checker.php on line 104
[09-Jan-2026 23:49:25 Asia/Dhaka] PHP ERROR [2]: Undefined variable $totalRecordsPage in D:\XAMPP\htdocs\eimbox-dashboard\eimbox-materio\core\package_checker.php on line 105
[09-Jan-2026 23:49:25 Asia/Dhaka] PHP ERROR [8192]: htmlspecialchars(): Passing null to parameter #1 ($string) of type string is deprecated in D:\XAMPP\htdocs\eimbox-dashboard\eimbox-materio\header.php on line 268
[09-Jan-2026 23:49:25 Asia/Dhaka] PHP ERROR [8192]: htmlspecialchars(): Passing null to parameter #1 ($string) of type string is deprecated in D:\XAMPP\htdocs\eimbox-dashboard\eimbox-materio\header.php on line 269
[09-Jan-2026 23:49:25 Asia/Dhaka] PHP ERROR [8192]: htmlspecialchars(): Passing null to parameter #1 ($string) of type string is deprecated in D:\XAMPP\htdocs\eimbox-dashboard\eimbox-materio\header.php on line 268
[09-Jan-2026 23:49:26 Asia/Dhaka] PHP ERROR [2]: Undefined variable $monitorPanel in D:\XAMPP\htdocs\eimbox-dashboard\eimbox-materio\footer.php on line 157
[09-Jan-2026 23:52:46 Asia/Dhaka] PHP ERROR [2]: Undefined variable $totalDurationPage in D:\XAMPP\htdocs\eimbox-dashboard\eimbox-materio\core\package_checker.php on line 103
[09-Jan-2026 23:52:46 Asia/Dhaka] PHP ERROR [2]: Undefined variable $totalDurationAll in D:\XAMPP\htdocs\eimbox-dashboard\eimbox-materio\core\package_checker.php on line 104
[09-Jan-2026 23:52:46 Asia/Dhaka] PHP ERROR [2]: Undefined variable $totalRecordsPage in D:\XAMPP\htdocs\eimbox-dashboard\eimbox-materio\core\package_checker.php on line 105
[09-Jan-2026 23:52:46 Asia/Dhaka] PHP ERROR [8192]: htmlspecialchars(): Passing null to parameter #1 ($string) of type string is deprecated in D:\XAMPP\htdocs\eimbox-dashboard\eimbox-materio\header.php on line 268
[09-Jan-2026 23:52:46 Asia/Dhaka] PHP ERROR [8192]: htmlspecialchars(): Passing null to parameter #1 ($string) of type string is deprecated in D:\XAMPP\htdocs\eimbox-dashboard\eimbox-materio\header.php on line 269
[09-Jan-2026 23:52:46 Asia/Dhaka] PHP ERROR [8192]: htmlspecialchars(): Passing null to parameter #1 ($string) of type string is deprecated in D:\XAMPP\htdocs\eimbox-dashboard\eimbox-materio\header.php on line 268
[09-Jan-2026 23:52:46 Asia/Dhaka] PHP ERROR [2]: Undefined variable $monitorPanel in D:\XAMPP\htdocs\eimbox-dashboard\eimbox-materio\footer.php on line 157
[09-Jan-2026 23:56:28 Asia/Dhaka] PHP ERROR [2]: Undefined variable $totalDurationPage in D:\XAMPP\htdocs\eimbox-dashboard\eimbox-materio\core\package_checker.php on line 103
[09-Jan-2026 23:56:28 Asia/Dhaka] PHP ERROR [2]: Undefined variable $totalDurationAll in D:\XAMPP\htdocs\eimbox-dashboard\eimbox-materio\core\package_checker.php on line 104
[09-Jan-2026 23:56:28 Asia/Dhaka] PHP ERROR [2]: Undefined variable $totalRecordsPage in D:\XAMPP\htdocs\eimbox-dashboard\eimbox-materio\core\package_checker.php on line 105
[09-Jan-2026 23:56:28 Asia/Dhaka] PHP ERROR [8192]: htmlspecialchars(): Passing null to parameter #1 ($string) of type string is deprecated in D:\XAMPP\htdocs\eimbox-dashboard\eimbox-materio\header.php on line 268
[09-Jan-2026 23:56:28 Asia/Dhaka] PHP ERROR [8192]: htmlspecialchars(): Passing null to parameter #1 ($string) of type string is deprecated in D:\XAMPP\htdocs\eimbox-dashboard\eimbox-materio\header.php on line 269
[09-Jan-2026 23:56:28 Asia/Dhaka] PHP ERROR [8192]: htmlspecialchars(): Passing null to parameter #1 ($string) of type string is deprecated in D:\XAMPP\htdocs\eimbox-dashboard\eimbox-materio\header.php on line 268
[09-Jan-2026 23:56:28 Asia/Dhaka] PHP ERROR [2]: Undefined variable $monitorPanel in D:\XAMPP\htdocs\eimbox-dashboard\eimbox-materio\footer.php on line 157
[09-Jan-2026 23:56:55 Asia/Dhaka] PHP ERROR [2]: Undefined variable $totalDurationPage in D:\XAMPP\htdocs\eimbox-dashboard\eimbox-materio\core\package_checker.php on line 103
[09-Jan-2026 23:56:55 Asia/Dhaka] PHP ERROR [2]: Undefined variable $totalDurationAll in D:\XAMPP\htdocs\eimbox-dashboard\eimbox-materio\core\package_checker.php on line 104
[09-Jan-2026 23:56:55 Asia/Dhaka] PHP ERROR [2]: Undefined variable $totalRecordsPage in D:\XAMPP\htdocs\eimbox-dashboard\eimbox-materio\core\package_checker.php on line 105
[09-Jan-2026 23:56:55 Asia/Dhaka] PHP ERROR [8192]: htmlspecialchars(): Passing null to parameter #1 ($string) of type string is deprecated in D:\XAMPP\htdocs\eimbox-dashboard\eimbox-materio\header.php on line 268
[09-Jan-2026 23:56:55 Asia/Dhaka] PHP ERROR [8192]: htmlspecialchars(): Passing null to parameter #1 ($string) of type string is deprecated in D:\XAMPP\htdocs\eimbox-dashboard\eimbox-materio\header.php on line 269
[09-Jan-2026 23:56:55 Asia/Dhaka] PHP ERROR [8192]: htmlspecialchars(): Passing null to parameter #1 ($string) of type string is deprecated in D:\XAMPP\htdocs\eimbox-dashboard\eimbox-materio\header.php on line 268
[09-Jan-2026 23:56:56 Asia/Dhaka] PHP ERROR [2]: Undefined variable $monitorPanel in D:\XAMPP\htdocs\eimbox-dashboard\eimbox-materio\footer.php on line 157
[09-Jan-2026 23:57:27 Asia/Dhaka] PHP ERROR [2]: Undefined variable $totalDurationPage in D:\XAMPP\htdocs\eimbox-dashboard\eimbox-materio\core\package_checker.php on line 103
[09-Jan-2026 23:57:27 Asia/Dhaka] PHP ERROR [2]: Undefined variable $totalDurationAll in D:\XAMPP\htdocs\eimbox-dashboard\eimbox-materio\core\package_checker.php on line 104
[09-Jan-2026 23:57:27 Asia/Dhaka] PHP ERROR [2]: Undefined variable $totalRecordsPage in D:\XAMPP\htdocs\eimbox-dashboard\eimbox-materio\core\package_checker.php on line 105
[09-Jan-2026 23:57:27 Asia/Dhaka] PHP ERROR [8192]: htmlspecialchars(): Passing null to parameter #1 ($string) of type string is deprecated in D:\XAMPP\htdocs\eimbox-dashboard\eimbox-materio\header.php on line 268
[09-Jan-2026 23:57:27 Asia/Dhaka] PHP ERROR [8192]: htmlspecialchars(): Passing null to parameter #1 ($string) of type string is deprecated in D:\XAMPP\htdocs\eimbox-dashboard\eimbox-materio\header.php on line 269
[09-Jan-2026 23:57:27 Asia/Dhaka] PHP ERROR [8192]: htmlspecialchars(): Passing null to parameter #1 ($string) of type string is deprecated in D:\XAMPP\htdocs\eimbox-dashboard\eimbox-materio\header.php on line 268
[09-Jan-2026 23:57:27 Asia/Dhaka] PHP ERROR [2]: Undefined variable $monitorPanel in D:\XAMPP\htdocs\eimbox-dashboard\eimbox-materio\footer.php on line 157
[10-Jan-2026 00:03:20 Asia/Dhaka] PHP ERROR [2]: Undefined variable $totalDurationPage in D:\XAMPP\htdocs\eimbox-dashboard\eimbox-materio\core\package_checker.php on line 103
[10-Jan-2026 00:03:20 Asia/Dhaka] PHP ERROR [2]: Undefined variable $totalDurationAll in D:\XAMPP\htdocs\eimbox-dashboard\eimbox-materio\core\package_checker.php on line 104
[10-Jan-2026 00:03:20 Asia/Dhaka] PHP ERROR [2]: Undefined variable $totalRecordsPage in D:\XAMPP\htdocs\eimbox-dashboard\eimbox-materio\core\package_checker.php on line 105
[10-Jan-2026 00:03:20 Asia/Dhaka] PHP ERROR [8192]: htmlspecialchars(): Passing null to parameter #1 ($string) of type string is deprecated in D:\XAMPP\htdocs\eimbox-dashboard\eimbox-materio\header.php on line 268
[10-Jan-2026 00:03:20 Asia/Dhaka] PHP ERROR [8192]: htmlspecialchars(): Passing null to parameter #1 ($string) of type string is deprecated in D:\XAMPP\htdocs\eimbox-dashboard\eimbox-materio\header.php on line 269
[10-Jan-2026 00:03:20 Asia/Dhaka] PHP ERROR [8192]: htmlspecialchars(): Passing null to parameter #1 ($string) of type string is deprecated in D:\XAMPP\htdocs\eimbox-dashboard\eimbox-materio\header.php on line 268
[10-Jan-2026 00:03:20 Asia/Dhaka] PHP ERROR [2]: Undefined variable $monitorPanel in D:\XAMPP\htdocs\eimbox-dashboard\eimbox-materio\footer.php on line 157
[10-Jan-2026 00:06:34 Asia/Dhaka] PHP ERROR [2]: Undefined variable $totalDurationPage in D:\XAMPP\htdocs\eimbox-dashboard\eimbox-materio\core\package_checker.php on line 103
[10-Jan-2026 00:06:34 Asia/Dhaka] PHP ERROR [2]: Undefined variable $totalDurationAll in D:\XAMPP\htdocs\eimbox-dashboard\eimbox-materio\core\package_checker.php on line 104
[10-Jan-2026 00:06:34 Asia/Dhaka] PHP ERROR [2]: Undefined variable $totalRecordsPage in D:\XAMPP\htdocs\eimbox-dashboard\eimbox-materio\core\package_checker.php on line 105
[10-Jan-2026 00:06:34 Asia/Dhaka] PHP ERROR [8192]: htmlspecialchars(): Passing null to parameter #1 ($string) of type string is deprecated in D:\XAMPP\htdocs\eimbox-dashboard\eimbox-materio\header.php on line 268
[10-Jan-2026 00:06:34 Asia/Dhaka] PHP ERROR [8192]: htmlspecialchars(): Passing null to parameter #1 ($string) of type string is deprecated in D:\XAMPP\htdocs\eimbox-dashboard\eimbox-materio\header.php on line 269
[10-Jan-2026 00:06:34 Asia/Dhaka] PHP ERROR [8192]: htmlspecialchars(): Passing null to parameter #1 ($string) of type string is deprecated in D:\XAMPP\htdocs\eimbox-dashboard\eimbox-materio\header.php on line 268
[10-Jan-2026 00:06:34 Asia/Dhaka] PHP ERROR [2]: Undefined variable $monitorPanel in D:\XAMPP\htdocs\eimbox-dashboard\eimbox-materio\footer.php on line 157
[10-Jan-2026 00:13:43 Asia/Dhaka] PHP ERROR [2]: Undefined variable $totalDurationPage in D:\XAMPP\htdocs\eimbox-dashboard\eimbox-materio\core\package_checker.php on line 103
[10-Jan-2026 00:13:43 Asia/Dhaka] PHP ERROR [2]: Undefined variable $totalDurationAll in D:\XAMPP\htdocs\eimbox-dashboard\eimbox-materio\core\package_checker.php on line 104
[10-Jan-2026 00:13:43 Asia/Dhaka] PHP ERROR [2]: Undefined variable $totalRecordsPage in D:\XAMPP\htdocs\eimbox-dashboard\eimbox-materio\core\package_checker.php on line 105
[10-Jan-2026 00:13:43 Asia/Dhaka] PHP ERROR [8192]: htmlspecialchars(): Passing null to parameter #1 ($string) of type string is deprecated in D:\XAMPP\htdocs\eimbox-dashboard\eimbox-materio\header.php on line 268
[10-Jan-2026 00:13:43 Asia/Dhaka] PHP ERROR [8192]: htmlspecialchars(): Passing null to parameter #1 ($string) of type string is deprecated in D:\XAMPP\htdocs\eimbox-dashboard\eimbox-materio\header.php on line 269
[10-Jan-2026 00:13:43 Asia/Dhaka] PHP ERROR [8192]: htmlspecialchars(): Passing null to parameter #1 ($string) of type string is deprecated in D:\XAMPP\htdocs\eimbox-dashboard\eimbox-materio\header.php on line 268
[10-Jan-2026 00:13:43 Asia/Dhaka] PHP ERROR [2]: Undefined variable $monitorPanel in D:\XAMPP\htdocs\eimbox-dashboard\eimbox-materio\footer.php on line 157
[10-Jan-2026 00:17:33 Asia/Dhaka] PHP ERROR [2]: Undefined variable $totalDurationPage in D:\XAMPP\htdocs\eimbox-dashboard\eimbox-materio\core\package_checker.php on line 103
[10-Jan-2026 00:17:33 Asia/Dhaka] PHP ERROR [2]: Undefined variable $totalDurationAll in D:\XAMPP\htdocs\eimbox-dashboard\eimbox-materio\core\package_checker.php on line 104
[10-Jan-2026 00:17:33 Asia/Dhaka] PHP ERROR [2]: Undefined variable $totalRecordsPage in D:\XAMPP\htdocs\eimbox-dashboard\eimbox-materio\core\package_checker.php on line 105
[10-Jan-2026 00:17:33 Asia/Dhaka] PHP ERROR [8192]: htmlspecialchars(): Passing null to parameter #1 ($string) of type string is deprecated in D:\XAMPP\htdocs\eimbox-dashboard\eimbox-materio\header.php on line 268
[10-Jan-2026 00:17:33 Asia/Dhaka] PHP ERROR [8192]: htmlspecialchars(): Passing null to parameter #1 ($string) of type string is deprecated in D:\XAMPP\htdocs\eimbox-dashboard\eimbox-materio\header.php on line 269
[10-Jan-2026 00:17:33 Asia/Dhaka] PHP ERROR [8192]: htmlspecialchars(): Passing null to parameter #1 ($string) of type string is deprecated in D:\XAMPP\htdocs\eimbox-dashboard\eimbox-materio\header.php on line 268
[10-Jan-2026 00:17:33 Asia/Dhaka] PHP ERROR [2]: Undefined variable $monitorPanel in D:\XAMPP\htdocs\eimbox-dashboard\eimbox-materio\footer.php on line 157
[10-Jan-2026 00:26:51 Asia/Dhaka] PHP ERROR [2]: Undefined variable $totalDurationPage in D:\XAMPP\htdocs\eimbox-dashboard\eimbox-materio\core\package_checker.php on line 103
[10-Jan-2026 00:26:51 Asia/Dhaka] PHP ERROR [2]: Undefined variable $totalDurationAll in D:\XAMPP\htdocs\eimbox-dashboard\eimbox-materio\core\package_checker.php on line 104
[10-Jan-2026 00:26:51 Asia/Dhaka] PHP ERROR [2]: Undefined variable $totalRecordsPage in D:\XAMPP\htdocs\eimbox-dashboard\eimbox-materio\core\package_checker.php on line 105
[10-Jan-2026 00:26:51 Asia/Dhaka] PHP ERROR [8192]: htmlspecialchars(): Passing null to parameter #1 ($string) of type string is deprecated in D:\XAMPP\htdocs\eimbox-dashboard\eimbox-materio\header.php on line 268
[10-Jan-2026 00:26:51 Asia/Dhaka] PHP ERROR [8192]: htmlspecialchars(): Passing null to parameter #1 ($string) of type string is deprecated in D:\XAMPP\htdocs\eimbox-dashboard\eimbox-materio\header.php on line 269
[10-Jan-2026 00:26:51 Asia/Dhaka] PHP ERROR [8192]: htmlspecialchars(): Passing null to parameter #1 ($string) of type string is deprecated in D:\XAMPP\htdocs\eimbox-dashboard\eimbox-materio\header.php on line 268
[10-Jan-2026 00:26:51 Asia/Dhaka] PHP ERROR [2]: Undefined variable $monitorPanel in D:\XAMPP\htdocs\eimbox-dashboard\eimbox-materio\footer.php on line 157
[10-Jan-2026 00:28:55 Asia/Dhaka] PHP ERROR [2]: Undefined variable $totalDurationPage in D:\XAMPP\htdocs\eimbox-dashboard\eimbox-materio\core\package_checker.php on line 103
[10-Jan-2026 00:28:55 Asia/Dhaka] PHP ERROR [2]: Undefined variable $totalDurationAll in D:\XAMPP\htdocs\eimbox-dashboard\eimbox-materio\core\package_checker.php on line 104
[10-Jan-2026 00:28:55 Asia/Dhaka] PHP ERROR [2]: Undefined variable $totalRecordsPage in D:\XAMPP\htdocs\eimbox-dashboard\eimbox-materio\core\package_checker.php on line 105
[10-Jan-2026 00:28:55 Asia/Dhaka] PHP ERROR [8192]: htmlspecialchars(): Passing null to parameter #1 ($string) of type string is deprecated in D:\XAMPP\htdocs\eimbox-dashboard\eimbox-materio\header.php on line 268
[10-Jan-2026 00:28:55 Asia/Dhaka] PHP ERROR [8192]: htmlspecialchars(): Passing null to parameter #1 ($string) of type string is deprecated in D:\XAMPP\htdocs\eimbox-dashboard\eimbox-materio\header.php on line 269
[10-Jan-2026 00:28:55 Asia/Dhaka] PHP ERROR [8192]: htmlspecialchars(): Passing null to parameter #1 ($string) of type string is deprecated in D:\XAMPP\htdocs\eimbox-dashboard\eimbox-materio\header.php on line 268
[10-Jan-2026 00:28:55 Asia/Dhaka] PHP ERROR [2]: Undefined variable $monitorPanel in D:\XAMPP\htdocs\eimbox-dashboard\eimbox-materio\footer.php on line 157
[10-Jan-2026 00:39:35 Asia/Dhaka] PHP ERROR [2]: Undefined variable $totalDurationPage in D:\XAMPP\htdocs\eimbox-dashboard\eimbox-materio\core\package_checker.php on line 103
[10-Jan-2026 00:39:35 Asia/Dhaka] PHP ERROR [2]: Undefined variable $totalDurationAll in D:\XAMPP\htdocs\eimbox-dashboard\eimbox-materio\core\package_checker.php on line 104
[10-Jan-2026 00:39:35 Asia/Dhaka] PHP ERROR [2]: Undefined variable $totalRecordsPage in D:\XAMPP\htdocs\eimbox-dashboard\eimbox-materio\core\package_checker.php on line 105
[10-Jan-2026 00:39:35 Asia/Dhaka] PHP ERROR [8192]: htmlspecialchars(): Passing null to parameter #1 ($string) of type string is deprecated in D:\XAMPP\htdocs\eimbox-dashboard\eimbox-materio\header.php on line 268
[10-Jan-2026 00:39:35 Asia/Dhaka] PHP ERROR [8192]: htmlspecialchars(): Passing null to parameter #1 ($string) of type string is deprecated in D:\XAMPP\htdocs\eimbox-dashboard\eimbox-materio\header.php on line 269
[10-Jan-2026 00:39:35 Asia/Dhaka] PHP ERROR [8192]: htmlspecialchars(): Passing null to parameter #1 ($string) of type string is deprecated in D:\XAMPP\htdocs\eimbox-dashboard\eimbox-materio\header.php on line 268
[10-Jan-2026 00:39:35 Asia/Dhaka] PHP ERROR [2]: Undefined variable $monitorPanel in D:\XAMPP\htdocs\eimbox-dashboard\eimbox-materio\footer.php on line 157
[10-Jan-2026 00:41:56 Asia/Dhaka] PHP ERROR [2]: Undefined variable $totalDurationPage in D:\XAMPP\htdocs\eimbox-dashboard\eimbox-materio\core\package_checker.php on line 103
[10-Jan-2026 00:41:56 Asia/Dhaka] PHP ERROR [2]: Undefined variable $totalDurationAll in D:\XAMPP\htdocs\eimbox-dashboard\eimbox-materio\core\package_checker.php on line 104
[10-Jan-2026 00:41:56 Asia/Dhaka] PHP ERROR [2]: Undefined variable $totalRecordsPage in D:\XAMPP\htdocs\eimbox-dashboard\eimbox-materio\core\package_checker.php on line 105
[10-Jan-2026 00:41:56 Asia/Dhaka] PHP ERROR [8192]: htmlspecialchars(): Passing null to parameter #1 ($string) of type string is deprecated in D:\XAMPP\htdocs\eimbox-dashboard\eimbox-materio\header.php on line 268
[10-Jan-2026 00:41:56 Asia/Dhaka] PHP ERROR [8192]: htmlspecialchars(): Passing null to parameter #1 ($string) of type string is deprecated in D:\XAMPP\htdocs\eimbox-dashboard\eimbox-materio\header.php on line 269
[10-Jan-2026 00:41:56 Asia/Dhaka] PHP ERROR [8192]: htmlspecialchars(): Passing null to parameter #1 ($string) of type string is deprecated in D:\XAMPP\htdocs\eimbox-dashboard\eimbox-materio\header.php on line 268
[10-Jan-2026 00:41:56 Asia/Dhaka] PHP ERROR [2]: Undefined variable $monitorPanel in D:\XAMPP\htdocs\eimbox-dashboard\eimbox-materio\footer.php on line 157
[10-Jan-2026 00:43:44 Asia/Dhaka] PHP ERROR [2]: Undefined variable $totalDurationPage in D:\XAMPP\htdocs\eimbox-dashboard\eimbox-materio\core\package_checker.php on line 103
[10-Jan-2026 00:43:44 Asia/Dhaka] PHP ERROR [2]: Undefined variable $totalDurationAll in D:\XAMPP\htdocs\eimbox-dashboard\eimbox-materio\core\package_checker.php on line 104
[10-Jan-2026 00:43:44 Asia/Dhaka] PHP ERROR [2]: Undefined variable $totalRecordsPage in D:\XAMPP\htdocs\eimbox-dashboard\eimbox-materio\core\package_checker.php on line 105
[10-Jan-2026 00:43:44 Asia/Dhaka] PHP ERROR [8192]: htmlspecialchars(): Passing null to parameter #1 ($string) of type string is deprecated in D:\XAMPP\htdocs\eimbox-dashboard\eimbox-materio\header.php on line 268
[10-Jan-2026 00:43:44 Asia/Dhaka] PHP ERROR [8192]: htmlspecialchars(): Passing null to parameter #1 ($string) of type string is deprecated in D:\XAMPP\htdocs\eimbox-dashboard\eimbox-materio\header.php on line 269
[10-Jan-2026 00:43:44 Asia/Dhaka] PHP ERROR [8192]: htmlspecialchars(): Passing null to parameter #1 ($string) of type string is deprecated in D:\XAMPP\htdocs\eimbox-dashboard\eimbox-materio\header.php on line 268
[10-Jan-2026 00:43:44 Asia/Dhaka] PHP ERROR [2]: Undefined variable $monitorPanel in D:\XAMPP\htdocs\eimbox-dashboard\eimbox-materio\footer.php on line 157
[10-Jan-2026 00:49:58 Asia/Dhaka] PHP ERROR [2]: Undefined variable $totalDurationPage in D:\XAMPP\htdocs\eimbox-dashboard\eimbox-materio\core\package_checker.php on line 103
[10-Jan-2026 00:49:58 Asia/Dhaka] PHP ERROR [2]: Undefined variable $totalDurationAll in D:\XAMPP\htdocs\eimbox-dashboard\eimbox-materio\core\package_checker.php on line 104
[10-Jan-2026 00:49:58 Asia/Dhaka] PHP ERROR [2]: Undefined variable $totalRecordsPage in D:\XAMPP\htdocs\eimbox-dashboard\eimbox-materio\core\package_checker.php on line 105
[10-Jan-2026 00:49:58 Asia/Dhaka] PHP ERROR [8192]: htmlspecialchars(): Passing null to parameter #1 ($string) of type string is deprecated in D:\XAMPP\htdocs\eimbox-dashboard\eimbox-materio\header.php on line 268
[10-Jan-2026 00:49:58 Asia/Dhaka] PHP ERROR [8192]: htmlspecialchars(): Passing null to parameter #1 ($string) of type string is deprecated in D:\XAMPP\htdocs\eimbox-dashboard\eimbox-materio\header.php on line 269
[10-Jan-2026 00:49:58 Asia/Dhaka] PHP ERROR [8192]: htmlspecialchars(): Passing null to parameter #1 ($string) of type string is deprecated in D:\XAMPP\htdocs\eimbox-dashboard\eimbox-materio\header.php on line 268
[10-Jan-2026 00:49:58 Asia/Dhaka] PHP ERROR [2]: Undefined variable $monitorPanel in D:\XAMPP\htdocs\eimbox-dashboard\eimbox-materio\footer.php on line 157
[10-Jan-2026 00:54:34 Asia/Dhaka] PHP ERROR [2]: Undefined variable $totalDurationPage in D:\XAMPP\htdocs\eimbox-dashboard\eimbox-materio\core\package_checker.php on line 103
[10-Jan-2026 00:54:34 Asia/Dhaka] PHP ERROR [2]: Undefined variable $totalDurationAll in D:\XAMPP\htdocs\eimbox-dashboard\eimbox-materio\core\package_checker.php on line 104
[10-Jan-2026 00:54:34 Asia/Dhaka] PHP ERROR [2]: Undefined variable $totalRecordsPage in D:\XAMPP\htdocs\eimbox-dashboard\eimbox-materio\core\package_checker.php on line 105
[10-Jan-2026 00:54:34 Asia/Dhaka] PHP ERROR [8192]: htmlspecialchars(): Passing null to parameter #1 ($string) of type string is deprecated in D:\XAMPP\htdocs\eimbox-dashboard\eimbox-materio\header.php on line 268
[10-Jan-2026 00:54:34 Asia/Dhaka] PHP ERROR [8192]: htmlspecialchars(): Passing null to parameter #1 ($string) of type string is deprecated in D:\XAMPP\htdocs\eimbox-dashboard\eimbox-materio\header.php on line 269
[10-Jan-2026 00:54:34 Asia/Dhaka] PHP ERROR [8192]: htmlspecialchars(): Passing null to parameter #1 ($string) of type string is deprecated in D:\XAMPP\htdocs\eimbox-dashboard\eimbox-materio\header.php on line 268
[10-Jan-2026 00:54:34 Asia/Dhaka] PHP ERROR [2]: Undefined variable $monitorPanel in D:\XAMPP\htdocs\eimbox-dashboard\eimbox-materio\footer.php on line 157
[10-Jan-2026 00:55:19 Asia/Dhaka] PHP ERROR [2]: Undefined variable $totalDurationPage in D:\XAMPP\htdocs\eimbox-dashboard\eimbox-materio\core\package_checker.php on line 103
[10-Jan-2026 00:55:19 Asia/Dhaka] PHP ERROR [2]: Undefined variable $totalDurationAll in D:\XAMPP\htdocs\eimbox-dashboard\eimbox-materio\core\package_checker.php on line 104
[10-Jan-2026 00:55:19 Asia/Dhaka] PHP ERROR [2]: Undefined variable $totalRecordsPage in D:\XAMPP\htdocs\eimbox-dashboard\eimbox-materio\core\package_checker.php on line 105
[10-Jan-2026 00:55:19 Asia/Dhaka] PHP ERROR [8192]: htmlspecialchars(): Passing null to parameter #1 ($string) of type string is deprecated in D:\XAMPP\htdocs\eimbox-dashboard\eimbox-materio\header.php on line 268
[10-Jan-2026 00:55:19 Asia/Dhaka] PHP ERROR [8192]: htmlspecialchars(): Passing null to parameter #1 ($string) of type string is deprecated in D:\XAMPP\htdocs\eimbox-dashboard\eimbox-materio\header.php on line 269
[10-Jan-2026 00:55:19 Asia/Dhaka] PHP ERROR [8192]: htmlspecialchars(): Passing null to parameter #1 ($string) of type string is deprecated in D:\XAMPP\htdocs\eimbox-dashboard\eimbox-materio\header.php on line 268
[10-Jan-2026 00:55:19 Asia/Dhaka] PHP ERROR [2]: Undefined variable $monitorPanel in D:\XAMPP\htdocs\eimbox-dashboard\eimbox-materio\footer.php on line 157
[10-Jan-2026 01:06:41 Asia/Dhaka] PHP ERROR [2]: Undefined variable $totalDurationPage in D:\XAMPP\htdocs\eimbox-dashboard\eimbox-materio\core\package_checker.php on line 103
[10-Jan-2026 01:06:41 Asia/Dhaka] PHP ERROR [2]: Undefined variable $totalDurationAll in D:\XAMPP\htdocs\eimbox-dashboard\eimbox-materio\core\package_checker.php on line 104
[10-Jan-2026 01:06:41 Asia/Dhaka] PHP ERROR [2]: Undefined variable $totalRecordsPage in D:\XAMPP\htdocs\eimbox-dashboard\eimbox-materio\core\package_checker.php on line 105
[10-Jan-2026 01:06:41 Asia/Dhaka] PHP ERROR [8192]: htmlspecialchars(): Passing null to parameter #1 ($string) of type string is deprecated in D:\XAMPP\htdocs\eimbox-dashboard\eimbox-materio\header.php on line 268
[10-Jan-2026 01:06:41 Asia/Dhaka] PHP ERROR [8192]: htmlspecialchars(): Passing null to parameter #1 ($string) of type string is deprecated in D:\XAMPP\htdocs\eimbox-dashboard\eimbox-materio\header.php on line 269
[10-Jan-2026 01:06:41 Asia/Dhaka] PHP ERROR [8192]: htmlspecialchars(): Passing null to parameter #1 ($string) of type string is deprecated in D:\XAMPP\htdocs\eimbox-dashboard\eimbox-materio\header.php on line 268
[10-Jan-2026 01:06:41 Asia/Dhaka] PHP ERROR [2]: Undefined variable $monitorPanel in D:\XAMPP\htdocs\eimbox-dashboard\eimbox-materio\footer.php on line 157
[10-Jan-2026 01:08:43 Asia/Dhaka] PHP ERROR [2]: Undefined variable $totalDurationPage in D:\XAMPP\htdocs\eimbox-dashboard\eimbox-materio\core\package_checker.php on line 103
[10-Jan-2026 01:08:43 Asia/Dhaka] PHP ERROR [2]: Undefined variable $totalDurationAll in D:\XAMPP\htdocs\eimbox-dashboard\eimbox-materio\core\package_checker.php on line 104
[10-Jan-2026 01:08:43 Asia/Dhaka] PHP ERROR [2]: Undefined variable $totalRecordsPage in D:\XAMPP\htdocs\eimbox-dashboard\eimbox-materio\core\package_checker.php on line 105
[10-Jan-2026 01:08:43 Asia/Dhaka] PHP ERROR [8192]: htmlspecialchars(): Passing null to parameter #1 ($string) of type string is deprecated in D:\XAMPP\htdocs\eimbox-dashboard\eimbox-materio\header.php on line 268
[10-Jan-2026 01:08:43 Asia/Dhaka] PHP ERROR [8192]: htmlspecialchars(): Passing null to parameter #1 ($string) of type string is deprecated in D:\XAMPP\htdocs\eimbox-dashboard\eimbox-materio\header.php on line 269
[10-Jan-2026 01:08:43 Asia/Dhaka] PHP ERROR [8192]: htmlspecialchars(): Passing null to parameter #1 ($string) of type string is deprecated in D:\XAMPP\htdocs\eimbox-dashboard\eimbox-materio\header.php on line 268
[10-Jan-2026 01:08:43 Asia/Dhaka] PHP ERROR [2]: Undefined variable $monitorPanel in D:\XAMPP\htdocs\eimbox-dashboard\eimbox-materio\footer.php on line 157
[10-Jan-2026 01:10:44 Asia/Dhaka] PHP ERROR [2]: Undefined variable $totalDurationPage in D:\XAMPP\htdocs\eimbox-dashboard\eimbox-materio\core\package_checker.php on line 103
[10-Jan-2026 01:10:44 Asia/Dhaka] PHP ERROR [2]: Undefined variable $totalDurationAll in D:\XAMPP\htdocs\eimbox-dashboard\eimbox-materio\core\package_checker.php on line 104
[10-Jan-2026 01:10:44 Asia/Dhaka] PHP ERROR [2]: Undefined variable $totalRecordsPage in D:\XAMPP\htdocs\eimbox-dashboard\eimbox-materio\core\package_checker.php on line 105
[10-Jan-2026 01:10:45 Asia/Dhaka] PHP ERROR [8192]: htmlspecialchars(): Passing null to parameter #1 ($string) of type string is deprecated in D:\XAMPP\htdocs\eimbox-dashboard\eimbox-materio\header.php on line 268
[10-Jan-2026 01:10:45 Asia/Dhaka] PHP ERROR [8192]: htmlspecialchars(): Passing null to parameter #1 ($string) of type string is deprecated in D:\XAMPP\htdocs\eimbox-dashboard\eimbox-materio\header.php on line 269
[10-Jan-2026 01:10:45 Asia/Dhaka] PHP ERROR [8192]: htmlspecialchars(): Passing null to parameter #1 ($string) of type string is deprecated in D:\XAMPP\htdocs\eimbox-dashboard\eimbox-materio\header.php on line 268
[10-Jan-2026 01:10:45 Asia/Dhaka] PHP ERROR [2]: Undefined variable $monitorPanel in D:\XAMPP\htdocs\eimbox-dashboard\eimbox-materio\footer.php on line 157
[10-Jan-2026 01:12:15 Asia/Dhaka] PHP ERROR [2]: Undefined variable $totalDurationPage in D:\XAMPP\htdocs\eimbox-dashboard\eimbox-materio\core\package_checker.php on line 103
[10-Jan-2026 01:12:15 Asia/Dhaka] PHP ERROR [2]: Undefined variable $totalDurationAll in D:\XAMPP\htdocs\eimbox-dashboard\eimbox-materio\core\package_checker.php on line 104
[10-Jan-2026 01:12:15 Asia/Dhaka] PHP ERROR [2]: Undefined variable $totalRecordsPage in D:\XAMPP\htdocs\eimbox-dashboard\eimbox-materio\core\package_checker.php on line 105
[10-Jan-2026 01:12:15 Asia/Dhaka] PHP ERROR [8192]: htmlspecialchars(): Passing null to parameter #1 ($string) of type string is deprecated in D:\XAMPP\htdocs\eimbox-dashboard\eimbox-materio\header.php on line 268
[10-Jan-2026 01:12:15 Asia/Dhaka] PHP ERROR [8192]: htmlspecialchars(): Passing null to parameter #1 ($string) of type string is deprecated in D:\XAMPP\htdocs\eimbox-dashboard\eimbox-materio\header.php on line 269
[10-Jan-2026 01:12:15 Asia/Dhaka] PHP ERROR [8192]: htmlspecialchars(): Passing null to parameter #1 ($string) of type string is deprecated in D:\XAMPP\htdocs\eimbox-dashboard\eimbox-materio\header.php on line 268
[10-Jan-2026 01:12:15 Asia/Dhaka] PHP ERROR [2]: Undefined variable $monitorPanel in D:\XAMPP\htdocs\eimbox-dashboard\eimbox-materio\footer.php on line 157
[10-Jan-2026 01:13:14 Asia/Dhaka] PHP ERROR [2]: Undefined variable $totalDurationPage in D:\XAMPP\htdocs\eimbox-dashboard\eimbox-materio\core\package_checker.php on line 103
[10-Jan-2026 01:13:14 Asia/Dhaka] PHP ERROR [2]: Undefined variable $totalDurationAll in D:\XAMPP\htdocs\eimbox-dashboard\eimbox-materio\core\package_checker.php on line 104
[10-Jan-2026 01:13:14 Asia/Dhaka] PHP ERROR [2]: Undefined variable $totalRecordsPage in D:\XAMPP\htdocs\eimbox-dashboard\eimbox-materio\core\package_checker.php on line 105
[10-Jan-2026 01:13:14 Asia/Dhaka] PHP ERROR [8192]: htmlspecialchars(): Passing null to parameter #1 ($string) of type string is deprecated in D:\XAMPP\htdocs\eimbox-dashboard\eimbox-materio\header.php on line 268
[10-Jan-2026 01:13:14 Asia/Dhaka] PHP ERROR [8192]: htmlspecialchars(): Passing null to parameter #1 ($string) of type string is deprecated in D:\XAMPP\htdocs\eimbox-dashboard\eimbox-materio\header.php on line 269
[10-Jan-2026 01:13:14 Asia/Dhaka] PHP ERROR [8192]: htmlspecialchars(): Passing null to parameter #1 ($string) of type string is deprecated in D:\XAMPP\htdocs\eimbox-dashboard\eimbox-materio\header.php on line 268
[10-Jan-2026 01:13:14 Asia/Dhaka] PHP ERROR [2]: Undefined variable $monitorPanel in D:\XAMPP\htdocs\eimbox-dashboard\eimbox-materio\footer.php on line 157
[10-Jan-2026 01:15:17 Asia/Dhaka] PHP ERROR [2]: Undefined variable $totalDurationPage in D:\XAMPP\htdocs\eimbox-dashboard\eimbox-materio\core\package_checker.php on line 103
[10-Jan-2026 01:15:17 Asia/Dhaka] PHP ERROR [2]: Undefined variable $totalDurationAll in D:\XAMPP\htdocs\eimbox-dashboard\eimbox-materio\core\package_checker.php on line 104
[10-Jan-2026 01:15:17 Asia/Dhaka] PHP ERROR [2]: Undefined variable $totalRecordsPage in D:\XAMPP\htdocs\eimbox-dashboard\eimbox-materio\core\package_checker.php on line 105
[10-Jan-2026 01:15:17 Asia/Dhaka] PHP ERROR [8192]: htmlspecialchars(): Passing null to parameter #1 ($string) of type string is deprecated in D:\XAMPP\htdocs\eimbox-dashboard\eimbox-materio\header.php on line 268
[10-Jan-2026 01:15:17 Asia/Dhaka] PHP ERROR [8192]: htmlspecialchars(): Passing null to parameter #1 ($string) of type string is deprecated in D:\XAMPP\htdocs\eimbox-dashboard\eimbox-materio\header.php on line 269
[10-Jan-2026 01:15:17 Asia/Dhaka] PHP ERROR [8192]: htmlspecialchars(): Passing null to parameter #1 ($string) of type string is deprecated in D:\XAMPP\htdocs\eimbox-dashboard\eimbox-materio\header.php on line 268
[10-Jan-2026 01:15:17 Asia/Dhaka] PHP ERROR [2]: Undefined variable $monitorPanel in D:\XAMPP\htdocs\eimbox-dashboard\eimbox-materio\footer.php on line 157
[10-Jan-2026 01:16:58 Asia/Dhaka] PHP ERROR [2]: Undefined variable $totalDurationPage in D:\XAMPP\htdocs\eimbox-dashboard\eimbox-materio\core\package_checker.php on line 103
[10-Jan-2026 01:16:58 Asia/Dhaka] PHP ERROR [2]: Undefined variable $totalDurationAll in D:\XAMPP\htdocs\eimbox-dashboard\eimbox-materio\core\package_checker.php on line 104
[10-Jan-2026 01:16:58 Asia/Dhaka] PHP ERROR [2]: Undefined variable $totalRecordsPage in D:\XAMPP\htdocs\eimbox-dashboard\eimbox-materio\core\package_checker.php on line 105
[10-Jan-2026 01:16:58 Asia/Dhaka] PHP ERROR [8192]: htmlspecialchars(): Passing null to parameter #1 ($string) of type string is deprecated in D:\XAMPP\htdocs\eimbox-dashboard\eimbox-materio\header.php on line 268
[10-Jan-2026 01:16:58 Asia/Dhaka] PHP ERROR [8192]: htmlspecialchars(): Passing null to parameter #1 ($string) of type string is deprecated in D:\XAMPP\htdocs\eimbox-dashboard\eimbox-materio\header.php on line 269
[10-Jan-2026 01:16:58 Asia/Dhaka] PHP ERROR [8192]: htmlspecialchars(): Passing null to parameter #1 ($string) of type string is deprecated in D:\XAMPP\htdocs\eimbox-dashboard\eimbox-materio\header.php on line 268
[10-Jan-2026 01:16:58 Asia/Dhaka] PHP ERROR [2]: Undefined variable $monitorPanel in D:\XAMPP\htdocs\eimbox-dashboard\eimbox-materio\footer.php on line 157
[10-Jan-2026 01:22:08 Asia/Dhaka] PHP ERROR [2]: Undefined variable $totalDurationPage in D:\XAMPP\htdocs\eimbox-dashboard\eimbox-materio\core\package_checker.php on line 103
[10-Jan-2026 01:22:08 Asia/Dhaka] PHP ERROR [2]: Undefined variable $totalDurationAll in D:\XAMPP\htdocs\eimbox-dashboard\eimbox-materio\core\package_checker.php on line 104
[10-Jan-2026 01:22:08 Asia/Dhaka] PHP ERROR [2]: Undefined variable $totalRecordsPage in D:\XAMPP\htdocs\eimbox-dashboard\eimbox-materio\core\package_checker.php on line 105
[10-Jan-2026 01:22:08 Asia/Dhaka] PHP ERROR [8192]: htmlspecialchars(): Passing null to parameter #1 ($string) of type string is deprecated in D:\XAMPP\htdocs\eimbox-dashboard\eimbox-materio\header.php on line 268
[10-Jan-2026 01:22:08 Asia/Dhaka] PHP ERROR [8192]: htmlspecialchars(): Passing null to parameter #1 ($string) of type string is deprecated in D:\XAMPP\htdocs\eimbox-dashboard\eimbox-materio\header.php on line 269
[10-Jan-2026 01:22:08 Asia/Dhaka] PHP ERROR [8192]: htmlspecialchars(): Passing null to parameter #1 ($string) of type string is deprecated in D:\XAMPP\htdocs\eimbox-dashboard\eimbox-materio\header.php on line 268
[10-Jan-2026 01:22:09 Asia/Dhaka] PHP ERROR [2]: Undefined variable $monitorPanel in D:\XAMPP\htdocs\eimbox-dashboard\eimbox-materio\footer.php on line 157
[10-Jan-2026 01:23:22 Asia/Dhaka] PHP ERROR [2]: Undefined variable $totalDurationPage in D:\XAMPP\htdocs\eimbox-dashboard\eimbox-materio\core\package_checker.php on line 103
[10-Jan-2026 01:23:22 Asia/Dhaka] PHP ERROR [2]: Undefined variable $totalDurationAll in D:\XAMPP\htdocs\eimbox-dashboard\eimbox-materio\core\package_checker.php on line 104
[10-Jan-2026 01:23:22 Asia/Dhaka] PHP ERROR [2]: Undefined variable $totalRecordsPage in D:\XAMPP\htdocs\eimbox-dashboard\eimbox-materio\core\package_checker.php on line 105
[10-Jan-2026 01:23:22 Asia/Dhaka] PHP ERROR [8192]: htmlspecialchars(): Passing null to parameter #1 ($string) of type string is deprecated in D:\XAMPP\htdocs\eimbox-dashboard\eimbox-materio\header.php on line 268
[10-Jan-2026 01:23:22 Asia/Dhaka] PHP ERROR [8192]: htmlspecialchars(): Passing null to parameter #1 ($string) of type string is deprecated in D:\XAMPP\htdocs\eimbox-dashboard\eimbox-materio\header.php on line 269
[10-Jan-2026 01:23:22 Asia/Dhaka] PHP ERROR [8192]: htmlspecialchars(): Passing null to parameter #1 ($string) of type string is deprecated in D:\XAMPP\htdocs\eimbox-dashboard\eimbox-materio\header.php on line 268
[10-Jan-2026 01:23:22 Asia/Dhaka] PHP ERROR [2]: Undefined variable $monitorPanel in D:\XAMPP\htdocs\eimbox-dashboard\eimbox-materio\footer.php on line 157
[10-Jan-2026 01:32:58 Asia/Dhaka] PHP ERROR [2]: Undefined variable $totalDurationPage in D:\XAMPP\htdocs\eimbox-dashboard\eimbox-materio\core\package_checker.php on line 103
[10-Jan-2026 01:32:58 Asia/Dhaka] PHP ERROR [2]: Undefined variable $totalDurationAll in D:\XAMPP\htdocs\eimbox-dashboard\eimbox-materio\core\package_checker.php on line 104
[10-Jan-2026 01:32:58 Asia/Dhaka] PHP ERROR [2]: Undefined variable $totalRecordsPage in D:\XAMPP\htdocs\eimbox-dashboard\eimbox-materio\core\package_checker.php on line 105
[10-Jan-2026 01:32:58 Asia/Dhaka] PHP ERROR [8192]: htmlspecialchars(): Passing null to parameter #1 ($string) of type string is deprecated in D:\XAMPP\htdocs\eimbox-dashboard\eimbox-materio\header.php on line 268
[10-Jan-2026 01:32:58 Asia/Dhaka] PHP ERROR [8192]: htmlspecialchars(): Passing null to parameter #1 ($string) of type string is deprecated in D:\XAMPP\htdocs\eimbox-dashboard\eimbox-materio\header.php on line 269
[10-Jan-2026 01:32:58 Asia/Dhaka] PHP ERROR [8192]: htmlspecialchars(): Passing null to parameter #1 ($string) of type string is deprecated in D:\XAMPP\htdocs\eimbox-dashboard\eimbox-materio\header.php on line 268
[10-Jan-2026 01:32:58 Asia/Dhaka] PHP ERROR [2]: Undefined variable $monitorPanel in D:\XAMPP\htdocs\eimbox-dashboard\eimbox-materio\footer.php on line 157
[10-Jan-2026 01:57:46 Asia/Dhaka] PHP ERROR [2]: Undefined variable $totalDurationPage in D:\XAMPP\htdocs\eimbox-dashboard\eimbox-materio\core\package_checker.php on line 103
[10-Jan-2026 01:57:46 Asia/Dhaka] PHP ERROR [2]: Undefined variable $totalDurationAll in D:\XAMPP\htdocs\eimbox-dashboard\eimbox-materio\core\package_checker.php on line 104
[10-Jan-2026 01:57:46 Asia/Dhaka] PHP ERROR [2]: Undefined variable $totalRecordsPage in D:\XAMPP\htdocs\eimbox-dashboard\eimbox-materio\core\package_checker.php on line 105
[10-Jan-2026 01:57:46 Asia/Dhaka] PHP ERROR [8192]: htmlspecialchars(): Passing null to parameter #1 ($string) of type string is deprecated in D:\XAMPP\htdocs\eimbox-dashboard\eimbox-materio\header.php on line 268
[10-Jan-2026 01:57:46 Asia/Dhaka] PHP ERROR [8192]: htmlspecialchars(): Passing null to parameter #1 ($string) of type string is deprecated in D:\XAMPP\htdocs\eimbox-dashboard\eimbox-materio\header.php on line 269
[10-Jan-2026 01:57:46 Asia/Dhaka] PHP ERROR [8192]: htmlspecialchars(): Passing null to parameter #1 ($string) of type string is deprecated in D:\XAMPP\htdocs\eimbox-dashboard\eimbox-materio\header.php on line 268
[10-Jan-2026 01:57:46 Asia/Dhaka] PHP ERROR [2]: Undefined variable $monitorPanel in D:\XAMPP\htdocs\eimbox-dashboard\eimbox-materio\footer.php on line 157
[10-Jan-2026 02:03:33 Asia/Dhaka] PHP ERROR [2]: Undefined variable $totalDurationPage in D:\XAMPP\htdocs\eimbox-dashboard\eimbox-materio\core\package_checker.php on line 103
[10-Jan-2026 02:03:33 Asia/Dhaka] PHP ERROR [2]: Undefined variable $totalDurationAll in D:\XAMPP\htdocs\eimbox-dashboard\eimbox-materio\core\package_checker.php on line 104
[10-Jan-2026 02:03:33 Asia/Dhaka] PHP ERROR [2]: Undefined variable $totalRecordsPage in D:\XAMPP\htdocs\eimbox-dashboard\eimbox-materio\core\package_checker.php on line 105
[10-Jan-2026 02:03:33 Asia/Dhaka] PHP ERROR [8192]: htmlspecialchars(): Passing null to parameter #1 ($string) of type string is deprecated in D:\XAMPP\htdocs\eimbox-dashboard\eimbox-materio\header.php on line 268
[10-Jan-2026 02:03:33 Asia/Dhaka] PHP ERROR [8192]: htmlspecialchars(): Passing null to parameter #1 ($string) of type string is deprecated in D:\XAMPP\htdocs\eimbox-dashboard\eimbox-materio\header.php on line 269
[10-Jan-2026 02:03:33 Asia/Dhaka] PHP ERROR [8192]: htmlspecialchars(): Passing null to parameter #1 ($string) of type string is deprecated in D:\XAMPP\htdocs\eimbox-dashboard\eimbox-materio\header.php on line 268
[10-Jan-2026 02:03:33 Asia/Dhaka] PHP ERROR [2]: Undefined variable $monitorPanel in D:\XAMPP\htdocs\eimbox-dashboard\eimbox-materio\footer.php on line 157
[10-Jan-2026 02:04:10 Asia/Dhaka] PHP ERROR [2]: Undefined variable $totalDurationPage in D:\XAMPP\htdocs\eimbox-dashboard\eimbox-materio\core\package_checker.php on line 103
[10-Jan-2026 02:04:10 Asia/Dhaka] PHP ERROR [2]: Undefined variable $totalDurationAll in D:\XAMPP\htdocs\eimbox-dashboard\eimbox-materio\core\package_checker.php on line 104
[10-Jan-2026 02:04:10 Asia/Dhaka] PHP ERROR [2]: Undefined variable $totalRecordsPage in D:\XAMPP\htdocs\eimbox-dashboard\eimbox-materio\core\package_checker.php on line 105
[10-Jan-2026 02:04:10 Asia/Dhaka] PHP ERROR [8192]: htmlspecialchars(): Passing null to parameter #1 ($string) of type string is deprecated in D:\XAMPP\htdocs\eimbox-dashboard\eimbox-materio\header.php on line 268
[10-Jan-2026 02:04:10 Asia/Dhaka] PHP ERROR [8192]: htmlspecialchars(): Passing null to parameter #1 ($string) of type string is deprecated in D:\XAMPP\htdocs\eimbox-dashboard\eimbox-materio\header.php on line 269
[10-Jan-2026 02:04:10 Asia/Dhaka] PHP ERROR [8192]: htmlspecialchars(): Passing null to parameter #1 ($string) of type string is deprecated in D:\XAMPP\htdocs\eimbox-dashboard\eimbox-materio\header.php on line 268
[10-Jan-2026 02:04:10 Asia/Dhaka] PHP ERROR [2]: Undefined variable $monitorPanel in D:\XAMPP\htdocs\eimbox-dashboard\eimbox-materio\footer.php on line 157
[10-Jan-2026 02:04:25 Asia/Dhaka] PHP ERROR [2]: Undefined variable $totalDurationPage in D:\XAMPP\htdocs\eimbox-dashboard\eimbox-materio\core\package_checker.php on line 103
[10-Jan-2026 02:04:25 Asia/Dhaka] PHP ERROR [2]: Undefined variable $totalDurationAll in D:\XAMPP\htdocs\eimbox-dashboard\eimbox-materio\core\package_checker.php on line 104
[10-Jan-2026 02:04:25 Asia/Dhaka] PHP ERROR [2]: Undefined variable $totalRecordsPage in D:\XAMPP\htdocs\eimbox-dashboard\eimbox-materio\core\package_checker.php on line 105
[10-Jan-2026 02:04:25 Asia/Dhaka] PHP ERROR [8192]: htmlspecialchars(): Passing null to parameter #1 ($string) of type string is deprecated in D:\XAMPP\htdocs\eimbox-dashboard\eimbox-materio\header.php on line 268
[10-Jan-2026 02:04:25 Asia/Dhaka] PHP ERROR [8192]: htmlspecialchars(): Passing null to parameter #1 ($string) of type string is deprecated in D:\XAMPP\htdocs\eimbox-dashboard\eimbox-materio\header.php on line 269
[10-Jan-2026 02:04:25 Asia/Dhaka] PHP ERROR [8192]: htmlspecialchars(): Passing null to parameter #1 ($string) of type string is deprecated in D:\XAMPP\htdocs\eimbox-dashboard\eimbox-materio\header.php on line 268
[10-Jan-2026 02:04:26 Asia/Dhaka] PHP ERROR [2]: Undefined variable $monitorPanel in D:\XAMPP\htdocs\eimbox-dashboard\eimbox-materio\footer.php on line 157
[10-Jan-2026 02:05:48 Asia/Dhaka] PHP ERROR [2]: Undefined variable $totalDurationPage in D:\XAMPP\htdocs\eimbox-dashboard\eimbox-materio\core\package_checker.php on line 103
[10-Jan-2026 02:05:48 Asia/Dhaka] PHP ERROR [2]: Undefined variable $totalDurationAll in D:\XAMPP\htdocs\eimbox-dashboard\eimbox-materio\core\package_checker.php on line 104
[10-Jan-2026 02:05:48 Asia/Dhaka] PHP ERROR [2]: Undefined variable $totalRecordsPage in D:\XAMPP\htdocs\eimbox-dashboard\eimbox-materio\core\package_checker.php on line 105
[10-Jan-2026 02:05:48 Asia/Dhaka] PHP ERROR [8192]: htmlspecialchars(): Passing null to parameter #1 ($string) of type string is deprecated in D:\XAMPP\htdocs\eimbox-dashboard\eimbox-materio\header.php on line 268
[10-Jan-2026 02:05:48 Asia/Dhaka] PHP ERROR [8192]: htmlspecialchars(): Passing null to parameter #1 ($string) of type string is deprecated in D:\XAMPP\htdocs\eimbox-dashboard\eimbox-materio\header.php on line 269
[10-Jan-2026 02:05:48 Asia/Dhaka] PHP ERROR [8192]: htmlspecialchars(): Passing null to parameter #1 ($string) of type string is deprecated in D:\XAMPP\htdocs\eimbox-dashboard\eimbox-materio\header.php on line 268
[10-Jan-2026 02:05:48 Asia/Dhaka] PHP ERROR [2]: Undefined variable $monitorPanel in D:\XAMPP\htdocs\eimbox-dashboard\eimbox-materio\footer.php on line 157
[10-Jan-2026 02:07:00 Asia/Dhaka] PHP ERROR [2]: Undefined variable $totalDurationPage in D:\XAMPP\htdocs\eimbox-dashboard\eimbox-materio\core\package_checker.php on line 103
[10-Jan-2026 02:07:00 Asia/Dhaka] PHP ERROR [2]: Undefined variable $totalDurationAll in D:\XAMPP\htdocs\eimbox-dashboard\eimbox-materio\core\package_checker.php on line 104
[10-Jan-2026 02:07:00 Asia/Dhaka] PHP ERROR [2]: Undefined variable $totalRecordsPage in D:\XAMPP\htdocs\eimbox-dashboard\eimbox-materio\core\package_checker.php on line 105
[10-Jan-2026 02:07:00 Asia/Dhaka] PHP ERROR [8192]: htmlspecialchars(): Passing null to parameter #1 ($string) of type string is deprecated in D:\XAMPP\htdocs\eimbox-dashboard\eimbox-materio\header.php on line 268
[10-Jan-2026 02:07:00 Asia/Dhaka] PHP ERROR [8192]: htmlspecialchars(): Passing null to parameter #1 ($string) of type string is deprecated in D:\XAMPP\htdocs\eimbox-dashboard\eimbox-materio\header.php on line 269
[10-Jan-2026 02:07:00 Asia/Dhaka] PHP ERROR [8192]: htmlspecialchars(): Passing null to parameter #1 ($string) of type string is deprecated in D:\XAMPP\htdocs\eimbox-dashboard\eimbox-materio\header.php on line 268
[10-Jan-2026 02:07:00 Asia/Dhaka] PHP ERROR [2]: Undefined variable $monitorPanel in D:\XAMPP\htdocs\eimbox-dashboard\eimbox-materio\footer.php on line 157
[10-Jan-2026 02:09:03 Asia/Dhaka] PHP ERROR [2]: Undefined variable $totalDurationPage in D:\XAMPP\htdocs\eimbox-dashboard\eimbox-materio\core\package_checker.php on line 103
[10-Jan-2026 02:09:03 Asia/Dhaka] PHP ERROR [2]: Undefined variable $totalDurationAll in D:\XAMPP\htdocs\eimbox-dashboard\eimbox-materio\core\package_checker.php on line 104
[10-Jan-2026 02:09:03 Asia/Dhaka] PHP ERROR [2]: Undefined variable $totalRecordsPage in D:\XAMPP\htdocs\eimbox-dashboard\eimbox-materio\core\package_checker.php on line 105
[10-Jan-2026 02:09:03 Asia/Dhaka] PHP ERROR [8192]: htmlspecialchars(): Passing null to parameter #1 ($string) of type string is deprecated in D:\XAMPP\htdocs\eimbox-dashboard\eimbox-materio\header.php on line 268
[10-Jan-2026 02:09:03 Asia/Dhaka] PHP ERROR [8192]: htmlspecialchars(): Passing null to parameter #1 ($string) of type string is deprecated in D:\XAMPP\htdocs\eimbox-dashboard\eimbox-materio\header.php on line 269
[10-Jan-2026 02:09:03 Asia/Dhaka] PHP ERROR [8192]: htmlspecialchars(): Passing null to parameter #1 ($string) of type string is deprecated in D:\XAMPP\htdocs\eimbox-dashboard\eimbox-materio\header.php on line 268
[10-Jan-2026 02:09:03 Asia/Dhaka] PHP ERROR [2]: Undefined variable $monitorPanel in D:\XAMPP\htdocs\eimbox-dashboard\eimbox-materio\footer.php on line 157
[10-Jan-2026 02:13:19 Asia/Dhaka] PHP ERROR [2]: Undefined variable $totalDurationPage in D:\XAMPP\htdocs\eimbox-dashboard\eimbox-materio\core\package_checker.php on line 103
[10-Jan-2026 02:13:19 Asia/Dhaka] PHP ERROR [2]: Undefined variable $totalDurationAll in D:\XAMPP\htdocs\eimbox-dashboard\eimbox-materio\core\package_checker.php on line 104
[10-Jan-2026 02:13:19 Asia/Dhaka] PHP ERROR [2]: Undefined variable $totalRecordsPage in D:\XAMPP\htdocs\eimbox-dashboard\eimbox-materio\core\package_checker.php on line 105
[10-Jan-2026 02:13:19 Asia/Dhaka] PHP ERROR [8192]: htmlspecialchars(): Passing null to parameter #1 ($string) of type string is deprecated in D:\XAMPP\htdocs\eimbox-dashboard\eimbox-materio\header.php on line 268
[10-Jan-2026 02:13:19 Asia/Dhaka] PHP ERROR [8192]: htmlspecialchars(): Passing null to parameter #1 ($string) of type string is deprecated in D:\XAMPP\htdocs\eimbox-dashboard\eimbox-materio\header.php on line 269
[10-Jan-2026 02:13:19 Asia/Dhaka] PHP ERROR [8192]: htmlspecialchars(): Passing null to parameter #1 ($string) of type string is deprecated in D:\XAMPP\htdocs\eimbox-dashboard\eimbox-materio\header.php on line 268
[10-Jan-2026 02:13:19 Asia/Dhaka] PHP ERROR [2]: Undefined variable $monitorPanel in D:\XAMPP\htdocs\eimbox-dashboard\eimbox-materio\footer.php on line 157
[10-Jan-2026 02:14:32 Asia/Dhaka] PHP ERROR [2]: Undefined variable $totalDurationPage in D:\XAMPP\htdocs\eimbox-dashboard\eimbox-materio\core\package_checker.php on line 103
[10-Jan-2026 02:14:32 Asia/Dhaka] PHP ERROR [2]: Undefined variable $totalDurationAll in D:\XAMPP\htdocs\eimbox-dashboard\eimbox-materio\core\package_checker.php on line 104
[10-Jan-2026 02:14:32 Asia/Dhaka] PHP ERROR [2]: Undefined variable $totalRecordsPage in D:\XAMPP\htdocs\eimbox-dashboard\eimbox-materio\core\package_checker.php on line 105
[10-Jan-2026 02:14:32 Asia/Dhaka] PHP ERROR [8192]: htmlspecialchars(): Passing null to parameter #1 ($string) of type string is deprecated in D:\XAMPP\htdocs\eimbox-dashboard\eimbox-materio\header.php on line 268
[10-Jan-2026 02:14:32 Asia/Dhaka] PHP ERROR [8192]: htmlspecialchars(): Passing null to parameter #1 ($string) of type string is deprecated in D:\XAMPP\htdocs\eimbox-dashboard\eimbox-materio\header.php on line 269
[10-Jan-2026 02:14:32 Asia/Dhaka] PHP ERROR [8192]: htmlspecialchars(): Passing null to parameter #1 ($string) of type string is deprecated in D:\XAMPP\htdocs\eimbox-dashboard\eimbox-materio\header.php on line 268
[10-Jan-2026 02:14:32 Asia/Dhaka] PHP ERROR [2]: Undefined variable $monitorPanel in D:\XAMPP\htdocs\eimbox-dashboard\eimbox-materio\footer.php on line 157
[10-Jan-2026 02:21:22 Asia/Dhaka] PHP ERROR [2]: Undefined variable $totalDurationPage in D:\XAMPP\htdocs\eimbox-dashboard\eimbox-materio\core\package_checker.php on line 103
[10-Jan-2026 02:21:22 Asia/Dhaka] PHP ERROR [2]: Undefined variable $totalDurationAll in D:\XAMPP\htdocs\eimbox-dashboard\eimbox-materio\core\package_checker.php on line 104
[10-Jan-2026 02:21:22 Asia/Dhaka] PHP ERROR [2]: Undefined variable $totalRecordsPage in D:\XAMPP\htdocs\eimbox-dashboard\eimbox-materio\core\package_checker.php on line 105
[10-Jan-2026 02:21:22 Asia/Dhaka] PHP ERROR [8192]: htmlspecialchars(): Passing null to parameter #1 ($string) of type string is deprecated in D:\XAMPP\htdocs\eimbox-dashboard\eimbox-materio\header.php on line 268
[10-Jan-2026 02:21:22 Asia/Dhaka] PHP ERROR [8192]: htmlspecialchars(): Passing null to parameter #1 ($string) of type string is deprecated in D:\XAMPP\htdocs\eimbox-dashboard\eimbox-materio\header.php on line 269
[10-Jan-2026 02:21:22 Asia/Dhaka] PHP ERROR [8192]: htmlspecialchars(): Passing null to parameter #1 ($string) of type string is deprecated in D:\XAMPP\htdocs\eimbox-dashboard\eimbox-materio\header.php on line 268
[10-Jan-2026 02:21:22 Asia/Dhaka] PHP ERROR [2]: Undefined variable $monitorPanel in D:\XAMPP\htdocs\eimbox-dashboard\eimbox-materio\footer.php on line 157
[10-Jan-2026 02:23:52 Asia/Dhaka] PHP ERROR [2]: Undefined variable $totalDurationPage in D:\XAMPP\htdocs\eimbox-dashboard\eimbox-materio\core\package_checker.php on line 103
[10-Jan-2026 02:23:52 Asia/Dhaka] PHP ERROR [2]: Undefined variable $totalDurationAll in D:\XAMPP\htdocs\eimbox-dashboard\eimbox-materio\core\package_checker.php on line 104
[10-Jan-2026 02:23:52 Asia/Dhaka] PHP ERROR [2]: Undefined variable $totalRecordsPage in D:\XAMPP\htdocs\eimbox-dashboard\eimbox-materio\core\package_checker.php on line 105
[10-Jan-2026 02:23:52 Asia/Dhaka] PHP ERROR [8192]: htmlspecialchars(): Passing null to parameter #1 ($string) of type string is deprecated in D:\XAMPP\htdocs\eimbox-dashboard\eimbox-materio\header.php on line 268
[10-Jan-2026 02:23:52 Asia/Dhaka] PHP ERROR [8192]: htmlspecialchars(): Passing null to parameter #1 ($string) of type string is deprecated in D:\XAMPP\htdocs\eimbox-dashboard\eimbox-materio\header.php on line 269
[10-Jan-2026 02:23:52 Asia/Dhaka] PHP ERROR [8192]: htmlspecialchars(): Passing null to parameter #1 ($string) of type string is deprecated in D:\XAMPP\htdocs\eimbox-dashboard\eimbox-materio\header.php on line 268
[10-Jan-2026 02:23:52 Asia/Dhaka] PHP ERROR [2]: Undefined variable $monitorPanel in D:\XAMPP\htdocs\eimbox-dashboard\eimbox-materio\footer.php on line 157
[10-Jan-2026 02:31:09 Asia/Dhaka] PHP ERROR [2]: Undefined variable $totalDurationPage in D:\XAMPP\htdocs\eimbox-dashboard\eimbox-materio\core\package_checker.php on line 103
[10-Jan-2026 02:31:09 Asia/Dhaka] PHP ERROR [2]: Undefined variable $totalDurationAll in D:\XAMPP\htdocs\eimbox-dashboard\eimbox-materio\core\package_checker.php on line 104
[10-Jan-2026 02:31:09 Asia/Dhaka] PHP ERROR [2]: Undefined variable $totalRecordsPage in D:\XAMPP\htdocs\eimbox-dashboard\eimbox-materio\core\package_checker.php on line 105
[10-Jan-2026 02:31:09 Asia/Dhaka] PHP ERROR [8192]: htmlspecialchars(): Passing null to parameter #1 ($string) of type string is deprecated in D:\XAMPP\htdocs\eimbox-dashboard\eimbox-materio\header.php on line 268
[10-Jan-2026 02:31:09 Asia/Dhaka] PHP ERROR [8192]: htmlspecialchars(): Passing null to parameter #1 ($string) of type string is deprecated in D:\XAMPP\htdocs\eimbox-dashboard\eimbox-materio\header.php on line 269
[10-Jan-2026 02:31:09 Asia/Dhaka] PHP ERROR [8192]: htmlspecialchars(): Passing null to parameter #1 ($string) of type string is deprecated in D:\XAMPP\htdocs\eimbox-dashboard\eimbox-materio\header.php on line 268
[10-Jan-2026 02:31:09 Asia/Dhaka] PHP ERROR [2]: Undefined variable $monitorPanel in D:\XAMPP\htdocs\eimbox-dashboard\eimbox-materio\footer.php on line 157
[10-Jan-2026 02:33:04 Asia/Dhaka] PHP ERROR [2]: Undefined variable $totalDurationPage in D:\XAMPP\htdocs\eimbox-dashboard\eimbox-materio\core\package_checker.php on line 103
[10-Jan-2026 02:33:04 Asia/Dhaka] PHP ERROR [2]: Undefined variable $totalDurationAll in D:\XAMPP\htdocs\eimbox-dashboard\eimbox-materio\core\package_checker.php on line 104
[10-Jan-2026 02:33:04 Asia/Dhaka] PHP ERROR [2]: Undefined variable $totalRecordsPage in D:\XAMPP\htdocs\eimbox-dashboard\eimbox-materio\core\package_checker.php on line 105
[10-Jan-2026 02:33:04 Asia/Dhaka] PHP ERROR [8192]: htmlspecialchars(): Passing null to parameter #1 ($string) of type string is deprecated in D:\XAMPP\htdocs\eimbox-dashboard\eimbox-materio\header.php on line 268
[10-Jan-2026 02:33:04 Asia/Dhaka] PHP ERROR [8192]: htmlspecialchars(): Passing null to parameter #1 ($string) of type string is deprecated in D:\XAMPP\htdocs\eimbox-dashboard\eimbox-materio\header.php on line 269
[10-Jan-2026 02:33:04 Asia/Dhaka] PHP ERROR [8192]: htmlspecialchars(): Passing null to parameter #1 ($string) of type string is deprecated in D:\XAMPP\htdocs\eimbox-dashboard\eimbox-materio\header.php on line 268
[10-Jan-2026 02:33:04 Asia/Dhaka] PHP ERROR [2]: Undefined variable $monitorPanel in D:\XAMPP\htdocs\eimbox-dashboard\eimbox-materio\footer.php on line 157
[10-Jan-2026 02:33:18 Asia/Dhaka] PHP ERROR [2]: Undefined variable $totalDurationPage in D:\XAMPP\htdocs\eimbox-dashboard\eimbox-materio\core\package_checker.php on line 103
[10-Jan-2026 02:33:18 Asia/Dhaka] PHP ERROR [2]: Undefined variable $totalDurationAll in D:\XAMPP\htdocs\eimbox-dashboard\eimbox-materio\core\package_checker.php on line 104
[10-Jan-2026 02:33:18 Asia/Dhaka] PHP ERROR [2]: Undefined variable $totalRecordsPage in D:\XAMPP\htdocs\eimbox-dashboard\eimbox-materio\core\package_checker.php on line 105
[10-Jan-2026 02:33:18 Asia/Dhaka] PHP ERROR [8192]: htmlspecialchars(): Passing null to parameter #1 ($string) of type string is deprecated in D:\XAMPP\htdocs\eimbox-dashboard\eimbox-materio\header.php on line 268
[10-Jan-2026 02:33:18 Asia/Dhaka] PHP ERROR [8192]: htmlspecialchars(): Passing null to parameter #1 ($string) of type string is deprecated in D:\XAMPP\htdocs\eimbox-dashboard\eimbox-materio\header.php on line 269
[10-Jan-2026 02:33:18 Asia/Dhaka] PHP ERROR [8192]: htmlspecialchars(): Passing null to parameter #1 ($string) of type string is deprecated in D:\XAMPP\htdocs\eimbox-dashboard\eimbox-materio\header.php on line 268
[10-Jan-2026 02:33:19 Asia/Dhaka] PHP ERROR [2]: Undefined variable $monitorPanel in D:\XAMPP\htdocs\eimbox-dashboard\eimbox-materio\footer.php on line 157
[10-Jan-2026 02:33:53 Asia/Dhaka] PHP ERROR [2]: Undefined variable $totalDurationPage in D:\XAMPP\htdocs\eimbox-dashboard\eimbox-materio\core\package_checker.php on line 103
[10-Jan-2026 02:33:53 Asia/Dhaka] PHP ERROR [2]: Undefined variable $totalDurationAll in D:\XAMPP\htdocs\eimbox-dashboard\eimbox-materio\core\package_checker.php on line 104
[10-Jan-2026 02:33:53 Asia/Dhaka] PHP ERROR [2]: Undefined variable $totalRecordsPage in D:\XAMPP\htdocs\eimbox-dashboard\eimbox-materio\core\package_checker.php on line 105
[10-Jan-2026 02:33:53 Asia/Dhaka] PHP ERROR [8192]: htmlspecialchars(): Passing null to parameter #1 ($string) of type string is deprecated in D:\XAMPP\htdocs\eimbox-dashboard\eimbox-materio\header.php on line 268
[10-Jan-2026 02:33:53 Asia/Dhaka] PHP ERROR [8192]: htmlspecialchars(): Passing null to parameter #1 ($string) of type string is deprecated in D:\XAMPP\htdocs\eimbox-dashboard\eimbox-materio\header.php on line 269
[10-Jan-2026 02:33:53 Asia/Dhaka] PHP ERROR [8192]: htmlspecialchars(): Passing null to parameter #1 ($string) of type string is deprecated in D:\XAMPP\htdocs\eimbox-dashboard\eimbox-materio\header.php on line 268
[10-Jan-2026 02:33:53 Asia/Dhaka] PHP ERROR [2]: Undefined variable $monitorPanel in D:\XAMPP\htdocs\eimbox-dashboard\eimbox-materio\footer.php on line 157
[10-Jan-2026 02:34:08 Asia/Dhaka] PHP ERROR [2]: Undefined variable $totalDurationPage in D:\XAMPP\htdocs\eimbox-dashboard\eimbox-materio\core\package_checker.php on line 103
[10-Jan-2026 02:34:08 Asia/Dhaka] PHP ERROR [2]: Undefined variable $totalDurationAll in D:\XAMPP\htdocs\eimbox-dashboard\eimbox-materio\core\package_checker.php on line 104
[10-Jan-2026 02:34:08 Asia/Dhaka] PHP ERROR [2]: Undefined variable $totalRecordsPage in D:\XAMPP\htdocs\eimbox-dashboard\eimbox-materio\core\package_checker.php on line 105
[10-Jan-2026 02:34:08 Asia/Dhaka] PHP ERROR [8192]: htmlspecialchars(): Passing null to parameter #1 ($string) of type string is deprecated in D:\XAMPP\htdocs\eimbox-dashboard\eimbox-materio\header.php on line 268
[10-Jan-2026 02:34:08 Asia/Dhaka] PHP ERROR [8192]: htmlspecialchars(): Passing null to parameter #1 ($string) of type string is deprecated in D:\XAMPP\htdocs\eimbox-dashboard\eimbox-materio\header.php on line 269
[10-Jan-2026 02:34:08 Asia/Dhaka] PHP ERROR [8192]: htmlspecialchars(): Passing null to parameter #1 ($string) of type string is deprecated in D:\XAMPP\htdocs\eimbox-dashboard\eimbox-materio\header.php on line 268
[10-Jan-2026 02:34:08 Asia/Dhaka] PHP ERROR [2]: Undefined variable $monitorPanel in D:\XAMPP\htdocs\eimbox-dashboard\eimbox-materio\footer.php on line 157
[10-Jan-2026 02:35:45 Asia/Dhaka] PHP ERROR [2]: Undefined variable $totalDurationPage in D:\XAMPP\htdocs\eimbox-dashboard\eimbox-materio\core\package_checker.php on line 103
[10-Jan-2026 02:35:45 Asia/Dhaka] PHP ERROR [2]: Undefined variable $totalDurationAll in D:\XAMPP\htdocs\eimbox-dashboard\eimbox-materio\core\package_checker.php on line 104
[10-Jan-2026 02:35:45 Asia/Dhaka] PHP ERROR [2]: Undefined variable $totalRecordsPage in D:\XAMPP\htdocs\eimbox-dashboard\eimbox-materio\core\package_checker.php on line 105
[10-Jan-2026 02:35:45 Asia/Dhaka] PHP ERROR [8192]: htmlspecialchars(): Passing null to parameter #1 ($string) of type string is deprecated in D:\XAMPP\htdocs\eimbox-dashboard\eimbox-materio\header.php on line 268
[10-Jan-2026 02:35:45 Asia/Dhaka] PHP ERROR [8192]: htmlspecialchars(): Passing null to parameter #1 ($string) of type string is deprecated in D:\XAMPP\htdocs\eimbox-dashboard\eimbox-materio\header.php on line 269
[10-Jan-2026 02:35:45 Asia/Dhaka] PHP ERROR [8192]: htmlspecialchars(): Passing null to parameter #1 ($string) of type string is deprecated in D:\XAMPP\htdocs\eimbox-dashboard\eimbox-materio\header.php on line 268
[10-Jan-2026 02:35:45 Asia/Dhaka] PHP ERROR [2]: Undefined variable $monitorPanel in D:\XAMPP\htdocs\eimbox-dashboard\eimbox-materio\footer.php on line 157
[10-Jan-2026 02:37:47 Asia/Dhaka] PHP ERROR [2]: Undefined variable $totalDurationPage in D:\XAMPP\htdocs\eimbox-dashboard\eimbox-materio\core\package_checker.php on line 103
[10-Jan-2026 02:37:47 Asia/Dhaka] PHP ERROR [2]: Undefined variable $totalDurationAll in D:\XAMPP\htdocs\eimbox-dashboard\eimbox-materio\core\package_checker.php on line 104
[10-Jan-2026 02:37:47 Asia/Dhaka] PHP ERROR [2]: Undefined variable $totalRecordsPage in D:\XAMPP\htdocs\eimbox-dashboard\eimbox-materio\core\package_checker.php on line 105
[10-Jan-2026 02:37:47 Asia/Dhaka] PHP ERROR [8192]: htmlspecialchars(): Passing null to parameter #1 ($string) of type string is deprecated in D:\XAMPP\htdocs\eimbox-dashboard\eimbox-materio\header.php on line 268
[10-Jan-2026 02:37:47 Asia/Dhaka] PHP ERROR [8192]: htmlspecialchars(): Passing null to parameter #1 ($string) of type string is deprecated in D:\XAMPP\htdocs\eimbox-dashboard\eimbox-materio\header.php on line 269
[10-Jan-2026 02:37:47 Asia/Dhaka] PHP ERROR [8192]: htmlspecialchars(): Passing null to parameter #1 ($string) of type string is deprecated in D:\XAMPP\htdocs\eimbox-dashboard\eimbox-materio\header.php on line 268
[10-Jan-2026 02:37:47 Asia/Dhaka] PHP ERROR [2]: Undefined variable $monitorPanel in D:\XAMPP\htdocs\eimbox-dashboard\eimbox-materio\footer.php on line 157
[10-Jan-2026 02:38:52 Asia/Dhaka] PHP ERROR [2]: Undefined variable $totalDurationPage in D:\XAMPP\htdocs\eimbox-dashboard\eimbox-materio\core\package_checker.php on line 103
[10-Jan-2026 02:38:52 Asia/Dhaka] PHP ERROR [2]: Undefined variable $totalDurationAll in D:\XAMPP\htdocs\eimbox-dashboard\eimbox-materio\core\package_checker.php on line 104
[10-Jan-2026 02:38:52 Asia/Dhaka] PHP ERROR [2]: Undefined variable $totalRecordsPage in D:\XAMPP\htdocs\eimbox-dashboard\eimbox-materio\core\package_checker.php on line 105
[10-Jan-2026 02:38:52 Asia/Dhaka] PHP ERROR [8192]: htmlspecialchars(): Passing null to parameter #1 ($string) of type string is deprecated in D:\XAMPP\htdocs\eimbox-dashboard\eimbox-materio\header.php on line 268
[10-Jan-2026 02:38:52 Asia/Dhaka] PHP ERROR [8192]: htmlspecialchars(): Passing null to parameter #1 ($string) of type string is deprecated in D:\XAMPP\htdocs\eimbox-dashboard\eimbox-materio\header.php on line 269
[10-Jan-2026 02:38:52 Asia/Dhaka] PHP ERROR [8192]: htmlspecialchars(): Passing null to parameter #1 ($string) of type string is deprecated in D:\XAMPP\htdocs\eimbox-dashboard\eimbox-materio\header.php on line 268
[10-Jan-2026 02:38:52 Asia/Dhaka] PHP ERROR [2]: Undefined variable $monitorPanel in D:\XAMPP\htdocs\eimbox-dashboard\eimbox-materio\footer.php on line 157
[10-Jan-2026 02:46:57 Asia/Dhaka] PHP ERROR [2]: Undefined variable $totalDurationPage in D:\XAMPP\htdocs\eimbox-dashboard\eimbox-materio\core\package_checker.php on line 103
[10-Jan-2026 02:46:57 Asia/Dhaka] PHP ERROR [2]: Undefined variable $totalDurationAll in D:\XAMPP\htdocs\eimbox-dashboard\eimbox-materio\core\package_checker.php on line 104
[10-Jan-2026 02:46:57 Asia/Dhaka] PHP ERROR [2]: Undefined variable $totalRecordsPage in D:\XAMPP\htdocs\eimbox-dashboard\eimbox-materio\core\package_checker.php on line 105
[10-Jan-2026 02:46:57 Asia/Dhaka] PHP ERROR [8192]: htmlspecialchars(): Passing null to parameter #1 ($string) of type string is deprecated in D:\XAMPP\htdocs\eimbox-dashboard\eimbox-materio\header.php on line 268
[10-Jan-2026 02:46:57 Asia/Dhaka] PHP ERROR [8192]: htmlspecialchars(): Passing null to parameter #1 ($string) of type string is deprecated in D:\XAMPP\htdocs\eimbox-dashboard\eimbox-materio\header.php on line 269
[10-Jan-2026 02:46:57 Asia/Dhaka] PHP ERROR [8192]: htmlspecialchars(): Passing null to parameter #1 ($string) of type string is deprecated in D:\XAMPP\htdocs\eimbox-dashboard\eimbox-materio\header.php on line 268
[10-Jan-2026 02:46:57 Asia/Dhaka] PHP ERROR [2]: Undefined variable $monitorPanel in D:\XAMPP\htdocs\eimbox-dashboard\eimbox-materio\footer.php on line 157
[10-Jan-2026 02:48:50 Asia/Dhaka] PHP ERROR [2]: Undefined variable $totalDurationPage in D:\XAMPP\htdocs\eimbox-dashboard\eimbox-materio\core\package_checker.php on line 103
[10-Jan-2026 02:48:50 Asia/Dhaka] PHP ERROR [2]: Undefined variable $totalDurationAll in D:\XAMPP\htdocs\eimbox-dashboard\eimbox-materio\core\package_checker.php on line 104
[10-Jan-2026 02:48:50 Asia/Dhaka] PHP ERROR [2]: Undefined variable $totalRecordsPage in D:\XAMPP\htdocs\eimbox-dashboard\eimbox-materio\core\package_checker.php on line 105
[10-Jan-2026 02:48:50 Asia/Dhaka] PHP ERROR [8192]: htmlspecialchars(): Passing null to parameter #1 ($string) of type string is deprecated in D:\XAMPP\htdocs\eimbox-dashboard\eimbox-materio\header.php on line 268
[10-Jan-2026 02:48:50 Asia/Dhaka] PHP ERROR [8192]: htmlspecialchars(): Passing null to parameter #1 ($string) of type string is deprecated in D:\XAMPP\htdocs\eimbox-dashboard\eimbox-materio\header.php on line 269
[10-Jan-2026 02:48:50 Asia/Dhaka] PHP ERROR [8192]: htmlspecialchars(): Passing null to parameter #1 ($string) of type string is deprecated in D:\XAMPP\htdocs\eimbox-dashboard\eimbox-materio\header.php on line 268
[10-Jan-2026 02:48:50 Asia/Dhaka] PHP ERROR [2]: Undefined variable $monitorPanel in D:\XAMPP\htdocs\eimbox-dashboard\eimbox-materio\footer.php on line 157
[10-Jan-2026 02:49:55 Asia/Dhaka] PHP ERROR [2]: Undefined variable $totalDurationPage in D:\XAMPP\htdocs\eimbox-dashboard\eimbox-materio\core\package_checker.php on line 103
[10-Jan-2026 02:49:55 Asia/Dhaka] PHP ERROR [2]: Undefined variable $totalDurationAll in D:\XAMPP\htdocs\eimbox-dashboard\eimbox-materio\core\package_checker.php on line 104
[10-Jan-2026 02:49:55 Asia/Dhaka] PHP ERROR [2]: Undefined variable $totalRecordsPage in D:\XAMPP\htdocs\eimbox-dashboard\eimbox-materio\core\package_checker.php on line 105
[10-Jan-2026 02:49:55 Asia/Dhaka] PHP ERROR [8192]: htmlspecialchars(): Passing null to parameter #1 ($string) of type string is deprecated in D:\XAMPP\htdocs\eimbox-dashboard\eimbox-materio\header.php on line 268
[10-Jan-2026 02:49:55 Asia/Dhaka] PHP ERROR [8192]: htmlspecialchars(): Passing null to parameter #1 ($string) of type string is deprecated in D:\XAMPP\htdocs\eimbox-dashboard\eimbox-materio\header.php on line 269
[10-Jan-2026 02:49:55 Asia/Dhaka] PHP ERROR [8192]: htmlspecialchars(): Passing null to parameter #1 ($string) of type string is deprecated in D:\XAMPP\htdocs\eimbox-dashboard\eimbox-materio\header.php on line 268
[10-Jan-2026 02:49:55 Asia/Dhaka] PHP ERROR [2]: Undefined variable $monitorPanel in D:\XAMPP\htdocs\eimbox-dashboard\eimbox-materio\footer.php on line 157
[10-Jan-2026 02:53:04 Asia/Dhaka] PHP ERROR [2]: Undefined variable $totalDurationPage in D:\XAMPP\htdocs\eimbox-dashboard\eimbox-materio\core\package_checker.php on line 103
[10-Jan-2026 02:53:04 Asia/Dhaka] PHP ERROR [2]: Undefined variable $totalDurationAll in D:\XAMPP\htdocs\eimbox-dashboard\eimbox-materio\core\package_checker.php on line 104
[10-Jan-2026 02:53:04 Asia/Dhaka] PHP ERROR [2]: Undefined variable $totalRecordsPage in D:\XAMPP\htdocs\eimbox-dashboard\eimbox-materio\core\package_checker.php on line 105
[10-Jan-2026 02:53:04 Asia/Dhaka] PHP ERROR [8192]: htmlspecialchars(): Passing null to parameter #1 ($string) of type string is deprecated in D:\XAMPP\htdocs\eimbox-dashboard\eimbox-materio\header.php on line 268
[10-Jan-2026 02:53:04 Asia/Dhaka] PHP ERROR [8192]: htmlspecialchars(): Passing null to parameter #1 ($string) of type string is deprecated in D:\XAMPP\htdocs\eimbox-dashboard\eimbox-materio\header.php on line 269
[10-Jan-2026 02:53:04 Asia/Dhaka] PHP ERROR [8192]: htmlspecialchars(): Passing null to parameter #1 ($string) of type string is deprecated in D:\XAMPP\htdocs\eimbox-dashboard\eimbox-materio\header.php on line 268
[10-Jan-2026 02:53:04 Asia/Dhaka] PHP ERROR [2]: Undefined variable $monitorPanel in D:\XAMPP\htdocs\eimbox-dashboard\eimbox-materio\footer.php on line 157
[10-Jan-2026 02:54:03 Asia/Dhaka] PHP ERROR [2]: Undefined variable $totalDurationPage in D:\XAMPP\htdocs\eimbox-dashboard\eimbox-materio\core\package_checker.php on line 103
[10-Jan-2026 02:54:03 Asia/Dhaka] PHP ERROR [2]: Undefined variable $totalDurationAll in D:\XAMPP\htdocs\eimbox-dashboard\eimbox-materio\core\package_checker.php on line 104
[10-Jan-2026 02:54:03 Asia/Dhaka] PHP ERROR [2]: Undefined variable $totalRecordsPage in D:\XAMPP\htdocs\eimbox-dashboard\eimbox-materio\core\package_checker.php on line 105
[10-Jan-2026 02:54:03 Asia/Dhaka] PHP ERROR [8192]: htmlspecialchars(): Passing null to parameter #1 ($string) of type string is deprecated in D:\XAMPP\htdocs\eimbox-dashboard\eimbox-materio\header.php on line 268
[10-Jan-2026 02:54:03 Asia/Dhaka] PHP ERROR [8192]: htmlspecialchars(): Passing null to parameter #1 ($string) of type string is deprecated in D:\XAMPP\htdocs\eimbox-dashboard\eimbox-materio\header.php on line 269
[10-Jan-2026 02:54:03 Asia/Dhaka] PHP ERROR [8192]: htmlspecialchars(): Passing null to parameter #1 ($string) of type string is deprecated in D:\XAMPP\htdocs\eimbox-dashboard\eimbox-materio\header.php on line 268
[10-Jan-2026 02:54:03 Asia/Dhaka] PHP ERROR [2]: Undefined variable $monitorPanel in D:\XAMPP\htdocs\eimbox-dashboard\eimbox-materio\footer.php on line 157
[10-Jan-2026 02:54:42 Asia/Dhaka] PHP ERROR [2]: Undefined variable $totalDurationPage in D:\XAMPP\htdocs\eimbox-dashboard\eimbox-materio\core\package_checker.php on line 103
[10-Jan-2026 02:54:42 Asia/Dhaka] PHP ERROR [2]: Undefined variable $totalDurationAll in D:\XAMPP\htdocs\eimbox-dashboard\eimbox-materio\core\package_checker.php on line 104
[10-Jan-2026 02:54:42 Asia/Dhaka] PHP ERROR [2]: Undefined variable $totalRecordsPage in D:\XAMPP\htdocs\eimbox-dashboard\eimbox-materio\core\package_checker.php on line 105
[10-Jan-2026 02:54:42 Asia/Dhaka] PHP ERROR [8192]: htmlspecialchars(): Passing null to parameter #1 ($string) of type string is deprecated in D:\XAMPP\htdocs\eimbox-dashboard\eimbox-materio\header.php on line 268
[10-Jan-2026 02:54:42 Asia/Dhaka] PHP ERROR [8192]: htmlspecialchars(): Passing null to parameter #1 ($string) of type string is deprecated in D:\XAMPP\htdocs\eimbox-dashboard\eimbox-materio\header.php on line 269
[10-Jan-2026 02:54:42 Asia/Dhaka] PHP ERROR [8192]: htmlspecialchars(): Passing null to parameter #1 ($string) of type string is deprecated in D:\XAMPP\htdocs\eimbox-dashboard\eimbox-materio\header.php on line 268
[10-Jan-2026 02:54:42 Asia/Dhaka] PHP ERROR [2]: Undefined variable $monitorPanel in D:\XAMPP\htdocs\eimbox-dashboard\eimbox-materio\footer.php on line 157
[10-Jan-2026 03:07:15 Asia/Dhaka] PHP ERROR [2]: Undefined variable $totalDurationPage in D:\XAMPP\htdocs\eimbox-dashboard\eimbox-materio\core\package_checker.php on line 103
[10-Jan-2026 03:07:15 Asia/Dhaka] PHP ERROR [2]: Undefined variable $totalDurationAll in D:\XAMPP\htdocs\eimbox-dashboard\eimbox-materio\core\package_checker.php on line 104
[10-Jan-2026 03:07:15 Asia/Dhaka] PHP ERROR [2]: Undefined variable $totalRecordsPage in D:\XAMPP\htdocs\eimbox-dashboard\eimbox-materio\core\package_checker.php on line 105
[10-Jan-2026 03:07:15 Asia/Dhaka] PHP ERROR [8192]: htmlspecialchars(): Passing null to parameter #1 ($string) of type string is deprecated in D:\XAMPP\htdocs\eimbox-dashboard\eimbox-materio\header.php on line 268
[10-Jan-2026 03:07:15 Asia/Dhaka] PHP ERROR [8192]: htmlspecialchars(): Passing null to parameter #1 ($string) of type string is deprecated in D:\XAMPP\htdocs\eimbox-dashboard\eimbox-materio\header.php on line 269
[10-Jan-2026 03:07:15 Asia/Dhaka] PHP ERROR [8192]: htmlspecialchars(): Passing null to parameter #1 ($string) of type string is deprecated in D:\XAMPP\htdocs\eimbox-dashboard\eimbox-materio\header.php on line 268
[10-Jan-2026 03:07:15 Asia/Dhaka] PHP ERROR [2]: Undefined variable $selected_panels in D:\XAMPP\htdocs\eimbox-dashboard\eimbox-materio\package-manager.php on line 199
[10-Jan-2026 03:07:15 Asia/Dhaka] Uncaught Exception: in_array(): Argument #2 ($haystack) must be of type array, null given in D:\XAMPP\htdocs\eimbox-dashboard\eimbox-materio\package-manager.php on line 199
[10-Jan-2026 03:08:26 Asia/Dhaka] PHP ERROR [2]: Undefined variable $totalDurationPage in D:\XAMPP\htdocs\eimbox-dashboard\eimbox-materio\core\package_checker.php on line 103
[10-Jan-2026 03:08:26 Asia/Dhaka] PHP ERROR [2]: Undefined variable $totalDurationAll in D:\XAMPP\htdocs\eimbox-dashboard\eimbox-materio\core\package_checker.php on line 104
[10-Jan-2026 03:08:26 Asia/Dhaka] PHP ERROR [2]: Undefined variable $totalRecordsPage in D:\XAMPP\htdocs\eimbox-dashboard\eimbox-materio\core\package_checker.php on line 105
[10-Jan-2026 03:08:26 Asia/Dhaka] PHP ERROR [8192]: htmlspecialchars(): Passing null to parameter #1 ($string) of type string is deprecated in D:\XAMPP\htdocs\eimbox-dashboard\eimbox-materio\header.php on line 268
[10-Jan-2026 03:08:26 Asia/Dhaka] PHP ERROR [8192]: htmlspecialchars(): Passing null to parameter #1 ($string) of type string is deprecated in D:\XAMPP\htdocs\eimbox-dashboard\eimbox-materio\header.php on line 269
[10-Jan-2026 03:08:26 Asia/Dhaka] PHP ERROR [8192]: htmlspecialchars(): Passing null to parameter #1 ($string) of type string is deprecated in D:\XAMPP\htdocs\eimbox-dashboard\eimbox-materio\header.php on line 268
[10-Jan-2026 03:08:27 Asia/Dhaka] PHP ERROR [2]: Undefined variable $monitorPanel in D:\XAMPP\htdocs\eimbox-dashboard\eimbox-materio\footer.php on line 157
[10-Jan-2026 03:09:28 Asia/Dhaka] PHP ERROR [2]: Undefined variable $totalDurationPage in D:\XAMPP\htdocs\eimbox-dashboard\eimbox-materio\core\package_checker.php on line 103
[10-Jan-2026 03:09:28 Asia/Dhaka] PHP ERROR [2]: Undefined variable $totalDurationAll in D:\XAMPP\htdocs\eimbox-dashboard\eimbox-materio\core\package_checker.php on line 104
[10-Jan-2026 03:09:28 Asia/Dhaka] PHP ERROR [2]: Undefined variable $totalRecordsPage in D:\XAMPP\htdocs\eimbox-dashboard\eimbox-materio\core\package_checker.php on line 105
[10-Jan-2026 03:09:28 Asia/Dhaka] PHP ERROR [8192]: htmlspecialchars(): Passing null to parameter #1 ($string) of type string is deprecated in D:\XAMPP\htdocs\eimbox-dashboard\eimbox-materio\header.php on line 268
[10-Jan-2026 03:09:28 Asia/Dhaka] PHP ERROR [8192]: htmlspecialchars(): Passing null to parameter #1 ($string) of type string is deprecated in D:\XAMPP\htdocs\eimbox-dashboard\eimbox-materio\header.php on line 269
[10-Jan-2026 03:09:28 Asia/Dhaka] PHP ERROR [8192]: htmlspecialchars(): Passing null to parameter #1 ($string) of type string is deprecated in D:\XAMPP\htdocs\eimbox-dashboard\eimbox-materio\header.php on line 268
[10-Jan-2026 03:09:28 Asia/Dhaka] PHP ERROR [2]: Undefined variable $monitorPanel in D:\XAMPP\htdocs\eimbox-dashboard\eimbox-materio\footer.php on line 157
[10-Jan-2026 03:10:18 Asia/Dhaka] PHP ERROR [2]: Undefined variable $totalDurationPage in D:\XAMPP\htdocs\eimbox-dashboard\eimbox-materio\core\package_checker.php on line 103
[10-Jan-2026 03:10:18 Asia/Dhaka] PHP ERROR [2]: Undefined variable $totalDurationAll in D:\XAMPP\htdocs\eimbox-dashboard\eimbox-materio\core\package_checker.php on line 104
[10-Jan-2026 03:10:18 Asia/Dhaka] PHP ERROR [2]: Undefined variable $totalRecordsPage in D:\XAMPP\htdocs\eimbox-dashboard\eimbox-materio\core\package_checker.php on line 105
[10-Jan-2026 03:10:18 Asia/Dhaka] PHP ERROR [8192]: htmlspecialchars(): Passing null to parameter #1 ($string) of type string is deprecated in D:\XAMPP\htdocs\eimbox-dashboard\eimbox-materio\header.php on line 268
[10-Jan-2026 03:10:18 Asia/Dhaka] PHP ERROR [8192]: htmlspecialchars(): Passing null to parameter #1 ($string) of type string is deprecated in D:\XAMPP\htdocs\eimbox-dashboard\eimbox-materio\header.php on line 269
[10-Jan-2026 03:10:18 Asia/Dhaka] PHP ERROR [8192]: htmlspecialchars(): Passing null to parameter #1 ($string) of type string is deprecated in D:\XAMPP\htdocs\eimbox-dashboard\eimbox-materio\header.php on line 268
[10-Jan-2026 03:10:18 Asia/Dhaka] PHP ERROR [2]: Undefined variable $monitorPanel in D:\XAMPP\htdocs\eimbox-dashboard\eimbox-materio\footer.php on line 157
[10-Jan-2026 03:11:15 Asia/Dhaka] PHP ERROR [2]: Undefined variable $totalDurationPage in D:\XAMPP\htdocs\eimbox-dashboard\eimbox-materio\core\package_checker.php on line 103
[10-Jan-2026 03:11:15 Asia/Dhaka] PHP ERROR [2]: Undefined variable $totalDurationAll in D:\XAMPP\htdocs\eimbox-dashboard\eimbox-materio\core\package_checker.php on line 104
[10-Jan-2026 03:11:15 Asia/Dhaka] PHP ERROR [2]: Undefined variable $totalRecordsPage in D:\XAMPP\htdocs\eimbox-dashboard\eimbox-materio\core\package_checker.php on line 105
[10-Jan-2026 03:11:16 Asia/Dhaka] PHP ERROR [8192]: htmlspecialchars(): Passing null to parameter #1 ($string) of type string is deprecated in D:\XAMPP\htdocs\eimbox-dashboard\eimbox-materio\header.php on line 268
[10-Jan-2026 03:11:16 Asia/Dhaka] PHP ERROR [8192]: htmlspecialchars(): Passing null to parameter #1 ($string) of type string is deprecated in D:\XAMPP\htdocs\eimbox-dashboard\eimbox-materio\header.php on line 269
[10-Jan-2026 03:11:16 Asia/Dhaka] PHP ERROR [8192]: htmlspecialchars(): Passing null to parameter #1 ($string) of type string is deprecated in D:\XAMPP\htdocs\eimbox-dashboard\eimbox-materio\header.php on line 268
[10-Jan-2026 03:11:16 Asia/Dhaka] PHP ERROR [2]: Undefined variable $monitorPanel in D:\XAMPP\htdocs\eimbox-dashboard\eimbox-materio\footer.php on line 157
[10-Jan-2026 03:12:05 Asia/Dhaka] PHP ERROR [2]: Undefined variable $totalDurationPage in D:\XAMPP\htdocs\eimbox-dashboard\eimbox-materio\core\package_checker.php on line 103
[10-Jan-2026 03:12:05 Asia/Dhaka] PHP ERROR [2]: Undefined variable $totalDurationAll in D:\XAMPP\htdocs\eimbox-dashboard\eimbox-materio\core\package_checker.php on line 104
[10-Jan-2026 03:12:05 Asia/Dhaka] PHP ERROR [2]: Undefined variable $totalRecordsPage in D:\XAMPP\htdocs\eimbox-dashboard\eimbox-materio\core\package_checker.php on line 105
[10-Jan-2026 03:12:05 Asia/Dhaka] PHP ERROR [2]: Undefined variable $monitorPanel in D:\XAMPP\htdocs\eimbox-dashboard\eimbox-materio\footer.php on line 157
[10-Jan-2026 03:12:06 Asia/Dhaka] PHP ERROR [2]: Undefined variable $totalDurationPage in D:\XAMPP\htdocs\eimbox-dashboard\eimbox-materio\core\package_checker.php on line 103
[10-Jan-2026 03:12:06 Asia/Dhaka] PHP ERROR [2]: Undefined variable $totalDurationAll in D:\XAMPP\htdocs\eimbox-dashboard\eimbox-materio\core\package_checker.php on line 104
[10-Jan-2026 03:12:06 Asia/Dhaka] PHP ERROR [2]: Undefined variable $totalRecordsPage in D:\XAMPP\htdocs\eimbox-dashboard\eimbox-materio\core\package_checker.php on line 105
[10-Jan-2026 03:12:06 Asia/Dhaka] PHP ERROR [8192]: htmlspecialchars(): Passing null to parameter #1 ($string) of type string is deprecated in D:\XAMPP\htdocs\eimbox-dashboard\eimbox-materio\header.php on line 268
[10-Jan-2026 03:12:06 Asia/Dhaka] PHP ERROR [8192]: htmlspecialchars(): Passing null to parameter #1 ($string) of type string is deprecated in D:\XAMPP\htdocs\eimbox-dashboard\eimbox-materio\header.php on line 269
[10-Jan-2026 03:12:06 Asia/Dhaka] PHP ERROR [8192]: htmlspecialchars(): Passing null to parameter #1 ($string) of type string is deprecated in D:\XAMPP\htdocs\eimbox-dashboard\eimbox-materio\header.php on line 268
[10-Jan-2026 03:12:06 Asia/Dhaka] PHP ERROR [2]: Undefined variable $monitorPanel in D:\XAMPP\htdocs\eimbox-dashboard\eimbox-materio\footer.php on line 157
[10-Jan-2026 03:18:16 Asia/Dhaka] PHP ERROR [2]: Undefined variable $totalDurationPage in D:\XAMPP\htdocs\eimbox-dashboard\eimbox-materio\core\package_checker.php on line 103
[10-Jan-2026 03:18:16 Asia/Dhaka] PHP ERROR [2]: Undefined variable $totalDurationAll in D:\XAMPP\htdocs\eimbox-dashboard\eimbox-materio\core\package_checker.php on line 104
[10-Jan-2026 03:18:16 Asia/Dhaka] PHP ERROR [2]: Undefined variable $totalRecordsPage in D:\XAMPP\htdocs\eimbox-dashboard\eimbox-materio\core\package_checker.php on line 105
[10-Jan-2026 03:18:16 Asia/Dhaka] PHP ERROR [8192]: htmlspecialchars(): Passing null to parameter #1 ($string) of type string is deprecated in D:\XAMPP\htdocs\eimbox-dashboard\eimbox-materio\header.php on line 268
[10-Jan-2026 03:18:16 Asia/Dhaka] PHP ERROR [8192]: htmlspecialchars(): Passing null to parameter #1 ($string) of type string is deprecated in D:\XAMPP\htdocs\eimbox-dashboard\eimbox-materio\header.php on line 269
[10-Jan-2026 03:18:16 Asia/Dhaka] PHP ERROR [8192]: htmlspecialchars(): Passing null to parameter #1 ($string) of type string is deprecated in D:\XAMPP\htdocs\eimbox-dashboard\eimbox-materio\header.php on line 268
[10-Jan-2026 03:18:16 Asia/Dhaka] PHP ERROR [2]: Undefined variable $monitorPanel in D:\XAMPP\htdocs\eimbox-dashboard\eimbox-materio\footer.php on line 157
[10-Jan-2026 03:18:48 Asia/Dhaka] PHP ERROR [2]: Undefined variable $totalDurationPage in D:\XAMPP\htdocs\eimbox-dashboard\eimbox-materio\core\package_checker.php on line 103
[10-Jan-2026 03:18:48 Asia/Dhaka] PHP ERROR [2]: Undefined variable $totalDurationAll in D:\XAMPP\htdocs\eimbox-dashboard\eimbox-materio\core\package_checker.php on line 104
[10-Jan-2026 03:18:48 Asia/Dhaka] PHP ERROR [2]: Undefined variable $totalRecordsPage in D:\XAMPP\htdocs\eimbox-dashboard\eimbox-materio\core\package_checker.php on line 105
[10-Jan-2026 03:18:48 Asia/Dhaka] PHP ERROR [8192]: htmlspecialchars(): Passing null to parameter #1 ($string) of type string is deprecated in D:\XAMPP\htdocs\eimbox-dashboard\eimbox-materio\header.php on line 268
[10-Jan-2026 03:18:48 Asia/Dhaka] PHP ERROR [8192]: htmlspecialchars(): Passing null to parameter #1 ($string) of type string is deprecated in D:\XAMPP\htdocs\eimbox-dashboard\eimbox-materio\header.php on line 269
[10-Jan-2026 03:18:48 Asia/Dhaka] PHP ERROR [8192]: htmlspecialchars(): Passing null to parameter #1 ($string) of type string is deprecated in D:\XAMPP\htdocs\eimbox-dashboard\eimbox-materio\header.php on line 268
[10-Jan-2026 03:18:48 Asia/Dhaka] PHP ERROR [2]: Undefined variable $monitorPanel in D:\XAMPP\htdocs\eimbox-dashboard\eimbox-materio\footer.php on line 157
[10-Jan-2026 03:19:06 Asia/Dhaka] PHP ERROR [2]: Undefined variable $totalDurationPage in D:\XAMPP\htdocs\eimbox-dashboard\eimbox-materio\core\package_checker.php on line 103
[10-Jan-2026 03:19:06 Asia/Dhaka] PHP ERROR [2]: Undefined variable $totalDurationAll in D:\XAMPP\htdocs\eimbox-dashboard\eimbox-materio\core\package_checker.php on line 104
[10-Jan-2026 03:19:06 Asia/Dhaka] PHP ERROR [2]: Undefined variable $totalRecordsPage in D:\XAMPP\htdocs\eimbox-dashboard\eimbox-materio\core\package_checker.php on line 105
[10-Jan-2026 03:19:06 Asia/Dhaka] PHP ERROR [8192]: htmlspecialchars(): Passing null to parameter #1 ($string) of type string is deprecated in D:\XAMPP\htdocs\eimbox-dashboard\eimbox-materio\header.php on line 268
[10-Jan-2026 03:19:06 Asia/Dhaka] PHP ERROR [8192]: htmlspecialchars(): Passing null to parameter #1 ($string) of type string is deprecated in D:\XAMPP\htdocs\eimbox-dashboard\eimbox-materio\header.php on line 269
[10-Jan-2026 03:19:06 Asia/Dhaka] PHP ERROR [8192]: htmlspecialchars(): Passing null to parameter #1 ($string) of type string is deprecated in D:\XAMPP\htdocs\eimbox-dashboard\eimbox-materio\header.php on line 268
[10-Jan-2026 03:19:06 Asia/Dhaka] PHP ERROR [2]: Undefined variable $monitorPanel in D:\XAMPP\htdocs\eimbox-dashboard\eimbox-materio\footer.php on line 157
[10-Jan-2026 03:19:19 Asia/Dhaka] PHP ERROR [2]: Undefined variable $totalDurationPage in D:\XAMPP\htdocs\eimbox-dashboard\eimbox-materio\core\package_checker.php on line 103
[10-Jan-2026 03:19:19 Asia/Dhaka] PHP ERROR [2]: Undefined variable $totalDurationAll in D:\XAMPP\htdocs\eimbox-dashboard\eimbox-materio\core\package_checker.php on line 104
[10-Jan-2026 03:19:19 Asia/Dhaka] PHP ERROR [2]: Undefined variable $totalRecordsPage in D:\XAMPP\htdocs\eimbox-dashboard\eimbox-materio\core\package_checker.php on line 105
[10-Jan-2026 03:19:19 Asia/Dhaka] PHP ERROR [8192]: htmlspecialchars(): Passing null to parameter #1 ($string) of type string is deprecated in D:\XAMPP\htdocs\eimbox-dashboard\eimbox-materio\header.php on line 268
[10-Jan-2026 03:19:19 Asia/Dhaka] PHP ERROR [8192]: htmlspecialchars(): Passing null to parameter #1 ($string) of type string is deprecated in D:\XAMPP\htdocs\eimbox-dashboard\eimbox-materio\header.php on line 269
[10-Jan-2026 03:19:19 Asia/Dhaka] PHP ERROR [8192]: htmlspecialchars(): Passing null to parameter #1 ($string) of type string is deprecated in D:\XAMPP\htdocs\eimbox-dashboard\eimbox-materio\header.php on line 268
[10-Jan-2026 03:19:19 Asia/Dhaka] PHP ERROR [2]: Undefined variable $monitorPanel in D:\XAMPP\htdocs\eimbox-dashboard\eimbox-materio\footer.php on line 157
[10-Jan-2026 03:22:38 Asia/Dhaka] PHP ERROR [2]: Undefined variable $totalDurationPage in D:\XAMPP\htdocs\eimbox-dashboard\eimbox-materio\core\package_checker.php on line 103
[10-Jan-2026 03:22:38 Asia/Dhaka] PHP ERROR [2]: Undefined variable $totalDurationAll in D:\XAMPP\htdocs\eimbox-dashboard\eimbox-materio\core\package_checker.php on line 104
[10-Jan-2026 03:22:38 Asia/Dhaka] PHP ERROR [2]: Undefined variable $totalRecordsPage in D:\XAMPP\htdocs\eimbox-dashboard\eimbox-materio\core\package_checker.php on line 105
[10-Jan-2026 03:22:39 Asia/Dhaka] PHP ERROR [8192]: htmlspecialchars(): Passing null to parameter #1 ($string) of type string is deprecated in D:\XAMPP\htdocs\eimbox-dashboard\eimbox-materio\header.php on line 268
[10-Jan-2026 03:22:39 Asia/Dhaka] PHP ERROR [8192]: htmlspecialchars(): Passing null to parameter #1 ($string) of type string is deprecated in D:\XAMPP\htdocs\eimbox-dashboard\eimbox-materio\header.php on line 269
[10-Jan-2026 03:22:39 Asia/Dhaka] PHP ERROR [8192]: htmlspecialchars(): Passing null to parameter #1 ($string) of type string is deprecated in D:\XAMPP\htdocs\eimbox-dashboard\eimbox-materio\header.php on line 268
[10-Jan-2026 03:22:39 Asia/Dhaka] PHP ERROR [2]: Undefined variable $monitorPanel in D:\XAMPP\htdocs\eimbox-dashboard\eimbox-materio\footer.php on line 157
[10-Jan-2026 03:22:54 Asia/Dhaka] PHP ERROR [2]: Undefined variable $totalDurationPage in D:\XAMPP\htdocs\eimbox-dashboard\eimbox-materio\core\package_checker.php on line 103
[10-Jan-2026 03:22:54 Asia/Dhaka] PHP ERROR [2]: Undefined variable $totalDurationAll in D:\XAMPP\htdocs\eimbox-dashboard\eimbox-materio\core\package_checker.php on line 104
[10-Jan-2026 03:22:54 Asia/Dhaka] PHP ERROR [2]: Undefined variable $totalRecordsPage in D:\XAMPP\htdocs\eimbox-dashboard\eimbox-materio\core\package_checker.php on line 105
[10-Jan-2026 03:22:54 Asia/Dhaka] PHP ERROR [8192]: htmlspecialchars(): Passing null to parameter #1 ($string) of type string is deprecated in D:\XAMPP\htdocs\eimbox-dashboard\eimbox-materio\header.php on line 268
[10-Jan-2026 03:22:54 Asia/Dhaka] PHP ERROR [8192]: htmlspecialchars(): Passing null to parameter #1 ($string) of type string is deprecated in D:\XAMPP\htdocs\eimbox-dashboard\eimbox-materio\header.php on line 269
[10-Jan-2026 03:22:54 Asia/Dhaka] PHP ERROR [8192]: htmlspecialchars(): Passing null to parameter #1 ($string) of type string is deprecated in D:\XAMPP\htdocs\eimbox-dashboard\eimbox-materio\header.php on line 268
[10-Jan-2026 03:22:55 Asia/Dhaka] PHP ERROR [2]: Undefined variable $monitorPanel in D:\XAMPP\htdocs\eimbox-dashboard\eimbox-materio\footer.php on line 157
[10-Jan-2026 03:24:27 Asia/Dhaka] PHP ERROR [2]: Undefined variable $totalDurationPage in D:\XAMPP\htdocs\eimbox-dashboard\eimbox-materio\core\package_checker.php on line 103
[10-Jan-2026 03:24:27 Asia/Dhaka] PHP ERROR [2]: Undefined variable $totalDurationAll in D:\XAMPP\htdocs\eimbox-dashboard\eimbox-materio\core\package_checker.php on line 104
[10-Jan-2026 03:24:27 Asia/Dhaka] PHP ERROR [2]: Undefined variable $totalRecordsPage in D:\XAMPP\htdocs\eimbox-dashboard\eimbox-materio\core\package_checker.php on line 105
[10-Jan-2026 03:24:27 Asia/Dhaka] PHP ERROR [8192]: htmlspecialchars(): Passing null to parameter #1 ($string) of type string is deprecated in D:\XAMPP\htdocs\eimbox-dashboard\eimbox-materio\header.php on line 268
[10-Jan-2026 03:24:27 Asia/Dhaka] PHP ERROR [8192]: htmlspecialchars(): Passing null to parameter #1 ($string) of type string is deprecated in D:\XAMPP\htdocs\eimbox-dashboard\eimbox-materio\header.php on line 269
[10-Jan-2026 03:24:27 Asia/Dhaka] PHP ERROR [8192]: htmlspecialchars(): Passing null to parameter #1 ($string) of type string is deprecated in D:\XAMPP\htdocs\eimbox-dashboard\eimbox-materio\header.php on line 268
[10-Jan-2026 03:24:27 Asia/Dhaka] PHP ERROR [2]: Undefined variable $monitorPanel in D:\XAMPP\htdocs\eimbox-dashboard\eimbox-materio\footer.php on line 157
[10-Jan-2026 03:25:06 Asia/Dhaka] PHP ERROR [2]: Undefined variable $totalDurationPage in D:\XAMPP\htdocs\eimbox-dashboard\eimbox-materio\core\package_checker.php on line 103
[10-Jan-2026 03:25:06 Asia/Dhaka] PHP ERROR [2]: Undefined variable $totalDurationAll in D:\XAMPP\htdocs\eimbox-dashboard\eimbox-materio\core\package_checker.php on line 104
[10-Jan-2026 03:25:06 Asia/Dhaka] PHP ERROR [2]: Undefined variable $totalRecordsPage in D:\XAMPP\htdocs\eimbox-dashboard\eimbox-materio\core\package_checker.php on line 105
[10-Jan-2026 03:25:06 Asia/Dhaka] PHP ERROR [8192]: htmlspecialchars(): Passing null to parameter #1 ($string) of type string is deprecated in D:\XAMPP\htdocs\eimbox-dashboard\eimbox-materio\header.php on line 268
[10-Jan-2026 03:25:06 Asia/Dhaka] PHP ERROR [8192]: htmlspecialchars(): Passing null to parameter #1 ($string) of type string is deprecated in D:\XAMPP\htdocs\eimbox-dashboard\eimbox-materio\header.php on line 269
[10-Jan-2026 03:25:06 Asia/Dhaka] PHP ERROR [8192]: htmlspecialchars(): Passing null to parameter #1 ($string) of type string is deprecated in D:\XAMPP\htdocs\eimbox-dashboard\eimbox-materio\header.php on line 268
[10-Jan-2026 03:25:06 Asia/Dhaka] PHP ERROR [2]: Undefined variable $monitorPanel in D:\XAMPP\htdocs\eimbox-dashboard\eimbox-materio\footer.php on line 157
[10-Jan-2026 03:26:18 Asia/Dhaka] PHP ERROR [2]: Undefined variable $totalDurationPage in D:\XAMPP\htdocs\eimbox-dashboard\eimbox-materio\core\package_checker.php on line 103
[10-Jan-2026 03:26:18 Asia/Dhaka] PHP ERROR [2]: Undefined variable $totalDurationAll in D:\XAMPP\htdocs\eimbox-dashboard\eimbox-materio\core\package_checker.php on line 104
[10-Jan-2026 03:26:18 Asia/Dhaka] PHP ERROR [2]: Undefined variable $totalRecordsPage in D:\XAMPP\htdocs\eimbox-dashboard\eimbox-materio\core\package_checker.php on line 105
[10-Jan-2026 03:26:18 Asia/Dhaka] PHP ERROR [8192]: htmlspecialchars(): Passing null to parameter #1 ($string) of type string is deprecated in D:\XAMPP\htdocs\eimbox-dashboard\eimbox-materio\header.php on line 268
[10-Jan-2026 03:26:18 Asia/Dhaka] PHP ERROR [8192]: htmlspecialchars(): Passing null to parameter #1 ($string) of type string is deprecated in D:\XAMPP\htdocs\eimbox-dashboard\eimbox-materio\header.php on line 269
[10-Jan-2026 03:26:18 Asia/Dhaka] PHP ERROR [8192]: htmlspecialchars(): Passing null to parameter #1 ($string) of type string is deprecated in D:\XAMPP\htdocs\eimbox-dashboard\eimbox-materio\header.php on line 268
[10-Jan-2026 03:26:18 Asia/Dhaka] PHP ERROR [2]: Undefined variable $monitorPanel in D:\XAMPP\htdocs\eimbox-dashboard\eimbox-materio\footer.php on line 157
[10-Jan-2026 03:26:50 Asia/Dhaka] PHP ERROR [2]: Undefined variable $totalDurationPage in D:\XAMPP\htdocs\eimbox-dashboard\eimbox-materio\core\package_checker.php on line 103
[10-Jan-2026 03:26:50 Asia/Dhaka] PHP ERROR [2]: Undefined variable $totalDurationAll in D:\XAMPP\htdocs\eimbox-dashboard\eimbox-materio\core\package_checker.php on line 104
[10-Jan-2026 03:26:50 Asia/Dhaka] PHP ERROR [2]: Undefined variable $totalRecordsPage in D:\XAMPP\htdocs\eimbox-dashboard\eimbox-materio\core\package_checker.php on line 105
[10-Jan-2026 03:26:51 Asia/Dhaka] PHP ERROR [8192]: htmlspecialchars(): Passing null to parameter #1 ($string) of type string is deprecated in D:\XAMPP\htdocs\eimbox-dashboard\eimbox-materio\header.php on line 268
[10-Jan-2026 03:26:51 Asia/Dhaka] PHP ERROR [8192]: htmlspecialchars(): Passing null to parameter #1 ($string) of type string is deprecated in D:\XAMPP\htdocs\eimbox-dashboard\eimbox-materio\header.php on line 269
[10-Jan-2026 03:26:51 Asia/Dhaka] PHP ERROR [8192]: htmlspecialchars(): Passing null to parameter #1 ($string) of type string is deprecated in D:\XAMPP\htdocs\eimbox-dashboard\eimbox-materio\header.php on line 268
[10-Jan-2026 03:26:51 Asia/Dhaka] PHP ERROR [2]: Undefined variable $monitorPanel in D:\XAMPP\htdocs\eimbox-dashboard\eimbox-materio\footer.php on line 157
[10-Jan-2026 03:27:33 Asia/Dhaka] PHP ERROR [2]: Undefined variable $totalDurationPage in D:\XAMPP\htdocs\eimbox-dashboard\eimbox-materio\core\package_checker.php on line 103
[10-Jan-2026 03:27:33 Asia/Dhaka] PHP ERROR [2]: Undefined variable $totalDurationAll in D:\XAMPP\htdocs\eimbox-dashboard\eimbox-materio\core\package_checker.php on line 104
[10-Jan-2026 03:27:33 Asia/Dhaka] PHP ERROR [2]: Undefined variable $totalRecordsPage in D:\XAMPP\htdocs\eimbox-dashboard\eimbox-materio\core\package_checker.php on line 105
[10-Jan-2026 03:27:33 Asia/Dhaka] PHP ERROR [8192]: htmlspecialchars(): Passing null to parameter #1 ($string) of type string is deprecated in D:\XAMPP\htdocs\eimbox-dashboard\eimbox-materio\header.php on line 268
[10-Jan-2026 03:27:33 Asia/Dhaka] PHP ERROR [8192]: htmlspecialchars(): Passing null to parameter #1 ($string) of type string is deprecated in D:\XAMPP\htdocs\eimbox-dashboard\eimbox-materio\header.php on line 269
[10-Jan-2026 03:27:33 Asia/Dhaka] PHP ERROR [8192]: htmlspecialchars(): Passing null to parameter #1 ($string) of type string is deprecated in D:\XAMPP\htdocs\eimbox-dashboard\eimbox-materio\header.php on line 268
[10-Jan-2026 03:27:33 Asia/Dhaka] PHP ERROR [2]: Undefined variable $monitorPanel in D:\XAMPP\htdocs\eimbox-dashboard\eimbox-materio\footer.php on line 157
[10-Jan-2026 03:27:43 Asia/Dhaka] PHP ERROR [2]: Undefined variable $totalDurationPage in D:\XAMPP\htdocs\eimbox-dashboard\eimbox-materio\core\package_checker.php on line 103
[10-Jan-2026 03:27:43 Asia/Dhaka] PHP ERROR [2]: Undefined variable $totalDurationAll in D:\XAMPP\htdocs\eimbox-dashboard\eimbox-materio\core\package_checker.php on line 104
[10-Jan-2026 03:27:43 Asia/Dhaka] PHP ERROR [2]: Undefined variable $totalRecordsPage in D:\XAMPP\htdocs\eimbox-dashboard\eimbox-materio\core\package_checker.php on line 105
[10-Jan-2026 03:27:43 Asia/Dhaka] PHP ERROR [8192]: htmlspecialchars(): Passing null to parameter #1 ($string) of type string is deprecated in D:\XAMPP\htdocs\eimbox-dashboard\eimbox-materio\header.php on line 268
[10-Jan-2026 03:27:43 Asia/Dhaka] PHP ERROR [8192]: htmlspecialchars(): Passing null to parameter #1 ($string) of type string is deprecated in D:\XAMPP\htdocs\eimbox-dashboard\eimbox-materio\header.php on line 269
[10-Jan-2026 03:27:43 Asia/Dhaka] PHP ERROR [8192]: htmlspecialchars(): Passing null to parameter #1 ($string) of type string is deprecated in D:\XAMPP\htdocs\eimbox-dashboard\eimbox-materio\header.php on line 268
[10-Jan-2026 03:27:43 Asia/Dhaka] PHP ERROR [2]: Undefined variable $monitorPanel in D:\XAMPP\htdocs\eimbox-dashboard\eimbox-materio\footer.php on line 157
[10-Jan-2026 03:29:04 Asia/Dhaka] PHP ERROR [2]: Undefined variable $totalDurationPage in D:\XAMPP\htdocs\eimbox-dashboard\eimbox-materio\core\package_checker.php on line 103
[10-Jan-2026 03:29:04 Asia/Dhaka] PHP ERROR [2]: Undefined variable $totalDurationAll in D:\XAMPP\htdocs\eimbox-dashboard\eimbox-materio\core\package_checker.php on line 104
[10-Jan-2026 03:29:04 Asia/Dhaka] PHP ERROR [2]: Undefined variable $totalRecordsPage in D:\XAMPP\htdocs\eimbox-dashboard\eimbox-materio\core\package_checker.php on line 105
[10-Jan-2026 03:29:04 Asia/Dhaka] PHP ERROR [8192]: htmlspecialchars(): Passing null to parameter #1 ($string) of type string is deprecated in D:\XAMPP\htdocs\eimbox-dashboard\eimbox-materio\header.php on line 268
[10-Jan-2026 03:29:04 Asia/Dhaka] PHP ERROR [8192]: htmlspecialchars(): Passing null to parameter #1 ($string) of type string is deprecated in D:\XAMPP\htdocs\eimbox-dashboard\eimbox-materio\header.php on line 269
[10-Jan-2026 03:29:04 Asia/Dhaka] PHP ERROR [8192]: htmlspecialchars(): Passing null to parameter #1 ($string) of type string is deprecated in D:\XAMPP\htdocs\eimbox-dashboard\eimbox-materio\header.php on line 268
[10-Jan-2026 03:29:04 Asia/Dhaka] PHP ERROR [2]: Undefined variable $monitorPanel in D:\XAMPP\htdocs\eimbox-dashboard\eimbox-materio\footer.php on line 157
[10-Jan-2026 03:29:24 Asia/Dhaka] PHP ERROR [2]: Undefined variable $totalDurationPage in D:\XAMPP\htdocs\eimbox-dashboard\eimbox-materio\core\package_checker.php on line 103
[10-Jan-2026 03:29:24 Asia/Dhaka] PHP ERROR [2]: Undefined variable $totalDurationAll in D:\XAMPP\htdocs\eimbox-dashboard\eimbox-materio\core\package_checker.php on line 104
[10-Jan-2026 03:29:24 Asia/Dhaka] PHP ERROR [2]: Undefined variable $totalRecordsPage in D:\XAMPP\htdocs\eimbox-dashboard\eimbox-materio\core\package_checker.php on line 105
[10-Jan-2026 03:29:24 Asia/Dhaka] PHP ERROR [8192]: htmlspecialchars(): Passing null to parameter #1 ($string) of type string is deprecated in D:\XAMPP\htdocs\eimbox-dashboard\eimbox-materio\header.php on line 268
[10-Jan-2026 03:29:24 Asia/Dhaka] PHP ERROR [8192]: htmlspecialchars(): Passing null to parameter #1 ($string) of type string is deprecated in D:\XAMPP\htdocs\eimbox-dashboard\eimbox-materio\header.php on line 269
[10-Jan-2026 03:29:24 Asia/Dhaka] PHP ERROR [8192]: htmlspecialchars(): Passing null to parameter #1 ($string) of type string is deprecated in D:\XAMPP\htdocs\eimbox-dashboard\eimbox-materio\header.php on line 268
[10-Jan-2026 03:29:24 Asia/Dhaka] PHP ERROR [2]: Undefined variable $monitorPanel in D:\XAMPP\htdocs\eimbox-dashboard\eimbox-materio\footer.php on line 157
[10-Jan-2026 03:30:46 Asia/Dhaka] PHP ERROR [2]: Undefined variable $totalDurationPage in D:\XAMPP\htdocs\eimbox-dashboard\eimbox-materio\core\package_checker.php on line 103
[10-Jan-2026 03:30:46 Asia/Dhaka] PHP ERROR [2]: Undefined variable $totalDurationAll in D:\XAMPP\htdocs\eimbox-dashboard\eimbox-materio\core\package_checker.php on line 104
[10-Jan-2026 03:30:46 Asia/Dhaka] PHP ERROR [2]: Undefined variable $totalRecordsPage in D:\XAMPP\htdocs\eimbox-dashboard\eimbox-materio\core\package_checker.php on line 105
[10-Jan-2026 03:30:46 Asia/Dhaka] PHP ERROR [8192]: htmlspecialchars(): Passing null to parameter #1 ($string) of type string is deprecated in D:\XAMPP\htdocs\eimbox-dashboard\eimbox-materio\header.php on line 268
[10-Jan-2026 03:30:46 Asia/Dhaka] PHP ERROR [8192]: htmlspecialchars(): Passing null to parameter #1 ($string) of type string is deprecated in D:\XAMPP\htdocs\eimbox-dashboard\eimbox-materio\header.php on line 269
[10-Jan-2026 03:30:46 Asia/Dhaka] PHP ERROR [8192]: htmlspecialchars(): Passing null to parameter #1 ($string) of type string is deprecated in D:\XAMPP\htdocs\eimbox-dashboard\eimbox-materio\header.php on line 268
[10-Jan-2026 03:30:46 Asia/Dhaka] PHP ERROR [2]: Undefined variable $monitorPanel in D:\XAMPP\htdocs\eimbox-dashboard\eimbox-materio\footer.php on line 157
[10-Jan-2026 22:39:41 Asia/Dhaka] PHP ERROR [2]: Undefined variable $totalDurationPage in D:\XAMPP\htdocs\eimbox-dashboard\eimbox-materio\core\package_checker.php on line 103
[10-Jan-2026 22:39:41 Asia/Dhaka] PHP ERROR [2]: Undefined variable $totalDurationAll in D:\XAMPP\htdocs\eimbox-dashboard\eimbox-materio\core\package_checker.php on line 104
[10-Jan-2026 22:39:41 Asia/Dhaka] PHP ERROR [2]: Undefined variable $totalRecordsPage in D:\XAMPP\htdocs\eimbox-dashboard\eimbox-materio\core\package_checker.php on line 105
[10-Jan-2026 22:39:42 Asia/Dhaka] PHP ERROR [2]: Undefined variable $monitorPanel in D:\XAMPP\htdocs\eimbox-dashboard\eimbox-materio\footer.php on line 157
[10-Jan-2026 22:40:15 Asia/Dhaka] PHP ERROR [2]: Undefined variable $totalDurationPage in D:\XAMPP\htdocs\eimbox-dashboard\eimbox-materio\core\package_checker.php on line 103
[10-Jan-2026 22:40:15 Asia/Dhaka] PHP ERROR [2]: Undefined variable $totalDurationAll in D:\XAMPP\htdocs\eimbox-dashboard\eimbox-materio\core\package_checker.php on line 104
[10-Jan-2026 22:40:15 Asia/Dhaka] PHP ERROR [2]: Undefined variable $totalRecordsPage in D:\XAMPP\htdocs\eimbox-dashboard\eimbox-materio\core\package_checker.php on line 105
[10-Jan-2026 22:40:15 Asia/Dhaka] PHP ERROR [8192]: htmlspecialchars(): Passing null to parameter #1 ($string) of type string is deprecated in D:\XAMPP\htdocs\eimbox-dashboard\eimbox-materio\header.php on line 268
[10-Jan-2026 22:40:15 Asia/Dhaka] PHP ERROR [8192]: htmlspecialchars(): Passing null to parameter #1 ($string) of type string is deprecated in D:\XAMPP\htdocs\eimbox-dashboard\eimbox-materio\header.php on line 269
[10-Jan-2026 22:40:15 Asia/Dhaka] PHP ERROR [8192]: htmlspecialchars(): Passing null to parameter #1 ($string) of type string is deprecated in D:\XAMPP\htdocs\eimbox-dashboard\eimbox-materio\header.php on line 268
[10-Jan-2026 22:40:15 Asia/Dhaka] PHP ERROR [2]: Undefined variable $monitorPanel in D:\XAMPP\htdocs\eimbox-dashboard\eimbox-materio\footer.php on line 157
[10-Jan-2026 22:49:24 Asia/Dhaka] PHP ERROR [2]: Undefined variable $totalDurationPage in D:\XAMPP\htdocs\eimbox-dashboard\eimbox-materio\core\package_checker.php on line 103
[10-Jan-2026 22:49:24 Asia/Dhaka] PHP ERROR [2]: Undefined variable $totalDurationAll in D:\XAMPP\htdocs\eimbox-dashboard\eimbox-materio\core\package_checker.php on line 104
[10-Jan-2026 22:49:24 Asia/Dhaka] PHP ERROR [2]: Undefined variable $totalRecordsPage in D:\XAMPP\htdocs\eimbox-dashboard\eimbox-materio\core\package_checker.php on line 105
[10-Jan-2026 22:49:24 Asia/Dhaka] PHP ERROR [8192]: explode(): Passing null to parameter #2 ($string) of type string is deprecated in D:\XAMPP\htdocs\eimbox-dashboard\eimbox-materio\view-ins-profile.php on line 224
[10-Jan-2026 22:49:25 Asia/Dhaka] PHP ERROR [2]: Undefined variable $monitorPanel in D:\XAMPP\htdocs\eimbox-dashboard\eimbox-materio\footer.php on line 157
[10-Jan-2026 22:49:42 Asia/Dhaka] PHP ERROR [2]: Undefined variable $totalDurationPage in D:\XAMPP\htdocs\eimbox-dashboard\eimbox-materio\core\package_checker.php on line 103
[10-Jan-2026 22:49:42 Asia/Dhaka] PHP ERROR [2]: Undefined variable $totalDurationAll in D:\XAMPP\htdocs\eimbox-dashboard\eimbox-materio\core\package_checker.php on line 104
[10-Jan-2026 22:49:42 Asia/Dhaka] PHP ERROR [2]: Undefined variable $totalRecordsPage in D:\XAMPP\htdocs\eimbox-dashboard\eimbox-materio\core\package_checker.php on line 105
[10-Jan-2026 22:49:42 Asia/Dhaka] PHP ERROR [8192]: explode(): Passing null to parameter #2 ($string) of type string is deprecated in D:\XAMPP\htdocs\eimbox-dashboard\eimbox-materio\view-ins-profile.php on line 224
[10-Jan-2026 22:49:43 Asia/Dhaka] PHP ERROR [2]: Undefined variable $monitorPanel in D:\XAMPP\htdocs\eimbox-dashboard\eimbox-materio\footer.php on line 157
[10-Jan-2026 23:08:26 Asia/Dhaka] PHP ERROR [2]: Undefined variable $totalDurationPage in D:\XAMPP\htdocs\eimbox-dashboard\eimbox-materio\core\package_checker.php on line 103
[10-Jan-2026 23:08:26 Asia/Dhaka] PHP ERROR [2]: Undefined variable $totalDurationAll in D:\XAMPP\htdocs\eimbox-dashboard\eimbox-materio\core\package_checker.php on line 104
[10-Jan-2026 23:08:26 Asia/Dhaka] PHP ERROR [2]: Undefined variable $totalRecordsPage in D:\XAMPP\htdocs\eimbox-dashboard\eimbox-materio\core\package_checker.php on line 105
[10-Jan-2026 23:08:26 Asia/Dhaka] PHP ERROR [8192]: explode(): Passing null to parameter #2 ($string) of type string is deprecated in D:\XAMPP\htdocs\eimbox-dashboard\eimbox-materio\view-ins-profile.php on line 245
[10-Jan-2026 23:08:27 Asia/Dhaka] PHP ERROR [2]: Undefined variable $monitorPanel in D:\XAMPP\htdocs\eimbox-dashboard\eimbox-materio\footer.php on line 157
[10-Jan-2026 23:08:38 Asia/Dhaka] PHP ERROR [2]: Undefined variable $totalDurationPage in D:\XAMPP\htdocs\eimbox-dashboard\eimbox-materio\core\package_checker.php on line 103
[10-Jan-2026 23:08:38 Asia/Dhaka] PHP ERROR [2]: Undefined variable $totalDurationAll in D:\XAMPP\htdocs\eimbox-dashboard\eimbox-materio\core\package_checker.php on line 104
[10-Jan-2026 23:08:38 Asia/Dhaka] PHP ERROR [2]: Undefined variable $totalRecordsPage in D:\XAMPP\htdocs\eimbox-dashboard\eimbox-materio\core\package_checker.php on line 105
[10-Jan-2026 23:08:38 Asia/Dhaka] PHP ERROR [8192]: explode(): Passing null to parameter #2 ($string) of type string is deprecated in D:\XAMPP\htdocs\eimbox-dashboard\eimbox-materio\view-ins-profile.php on line 245
[10-Jan-2026 23:08:38 Asia/Dhaka] PHP ERROR [2]: Undefined variable $monitorPanel in D:\XAMPP\htdocs\eimbox-dashboard\eimbox-materio\footer.php on line 157
[10-Jan-2026 23:08:47 Asia/Dhaka] PHP ERROR [2]: Undefined variable $totalDurationPage in D:\XAMPP\htdocs\eimbox-dashboard\eimbox-materio\core\package_checker.php on line 103
[10-Jan-2026 23:08:47 Asia/Dhaka] PHP ERROR [2]: Undefined variable $totalDurationAll in D:\XAMPP\htdocs\eimbox-dashboard\eimbox-materio\core\package_checker.php on line 104
[10-Jan-2026 23:08:47 Asia/Dhaka] PHP ERROR [2]: Undefined variable $totalRecordsPage in D:\XAMPP\htdocs\eimbox-dashboard\eimbox-materio\core\package_checker.php on line 105
[10-Jan-2026 23:08:48 Asia/Dhaka] PHP ERROR [8192]: explode(): Passing null to parameter #2 ($string) of type string is deprecated in D:\XAMPP\htdocs\eimbox-dashboard\eimbox-materio\view-ins-profile.php on line 245
[10-Jan-2026 23:08:48 Asia/Dhaka] PHP ERROR [2]: Undefined variable $monitorPanel in D:\XAMPP\htdocs\eimbox-dashboard\eimbox-materio\footer.php on line 157
[10-Jan-2026 23:09:25 Asia/Dhaka] PHP ERROR [2]: Undefined variable $totalDurationPage in D:\XAMPP\htdocs\eimbox-dashboard\eimbox-materio\core\package_checker.php on line 103
[10-Jan-2026 23:09:25 Asia/Dhaka] PHP ERROR [2]: Undefined variable $totalDurationAll in D:\XAMPP\htdocs\eimbox-dashboard\eimbox-materio\core\package_checker.php on line 104
[10-Jan-2026 23:09:25 Asia/Dhaka] PHP ERROR [2]: Undefined variable $totalRecordsPage in D:\XAMPP\htdocs\eimbox-dashboard\eimbox-materio\core\package_checker.php on line 105
[10-Jan-2026 23:09:25 Asia/Dhaka] PHP ERROR [8192]: htmlspecialchars(): Passing null to parameter #1 ($string) of type string is deprecated in D:\XAMPP\htdocs\eimbox-dashboard\eimbox-materio\header.php on line 268
[10-Jan-2026 23:09:25 Asia/Dhaka] PHP ERROR [8192]: htmlspecialchars(): Passing null to parameter #1 ($string) of type string is deprecated in D:\XAMPP\htdocs\eimbox-dashboard\eimbox-materio\header.php on line 269
[10-Jan-2026 23:09:25 Asia/Dhaka] PHP ERROR [8192]: htmlspecialchars(): Passing null to parameter #1 ($string) of type string is deprecated in D:\XAMPP\htdocs\eimbox-dashboard\eimbox-materio\header.php on line 268
[10-Jan-2026 23:09:25 Asia/Dhaka] PHP ERROR [2]: Undefined variable $monitorPanel in D:\XAMPP\htdocs\eimbox-dashboard\eimbox-materio\footer.php on line 157
[10-Jan-2026 23:09:28 Asia/Dhaka] PHP ERROR [2]: Undefined variable $totalDurationPage in D:\XAMPP\htdocs\eimbox-dashboard\eimbox-materio\core\package_checker.php on line 103
[10-Jan-2026 23:09:28 Asia/Dhaka] PHP ERROR [2]: Undefined variable $totalDurationAll in D:\XAMPP\htdocs\eimbox-dashboard\eimbox-materio\core\package_checker.php on line 104
[10-Jan-2026 23:09:28 Asia/Dhaka] PHP ERROR [2]: Undefined variable $totalRecordsPage in D:\XAMPP\htdocs\eimbox-dashboard\eimbox-materio\core\package_checker.php on line 105
[10-Jan-2026 23:09:28 Asia/Dhaka] PHP ERROR [8192]: htmlspecialchars(): Passing null to parameter #1 ($string) of type string is deprecated in D:\XAMPP\htdocs\eimbox-dashboard\eimbox-materio\header.php on line 268
[10-Jan-2026 23:09:28 Asia/Dhaka] PHP ERROR [8192]: htmlspecialchars(): Passing null to parameter #1 ($string) of type string is deprecated in D:\XAMPP\htdocs\eimbox-dashboard\eimbox-materio\header.php on line 269
[10-Jan-2026 23:09:28 Asia/Dhaka] PHP ERROR [8192]: htmlspecialchars(): Passing null to parameter #1 ($string) of type string is deprecated in D:\XAMPP\htdocs\eimbox-dashboard\eimbox-materio\header.php on line 268
[10-Jan-2026 23:09:28 Asia/Dhaka] PHP ERROR [2]: Undefined variable $selected in D:\XAMPP\htdocs\eimbox-dashboard\eimbox-materio\module-structure.php on line 163
[10-Jan-2026 23:09:29 Asia/Dhaka] PHP ERROR [2]: Undefined variable $monitorPanel in D:\XAMPP\htdocs\eimbox-dashboard\eimbox-materio\footer.php on line 157
[10-Jan-2026 23:09:36 Asia/Dhaka] PHP ERROR [2]: Undefined variable $totalDurationPage in D:\XAMPP\htdocs\eimbox-dashboard\eimbox-materio\core\package_checker.php on line 103
[10-Jan-2026 23:09:36 Asia/Dhaka] PHP ERROR [2]: Undefined variable $totalDurationAll in D:\XAMPP\htdocs\eimbox-dashboard\eimbox-materio\core\package_checker.php on line 104
[10-Jan-2026 23:09:36 Asia/Dhaka] PHP ERROR [2]: Undefined variable $totalRecordsPage in D:\XAMPP\htdocs\eimbox-dashboard\eimbox-materio\core\package_checker.php on line 105
[10-Jan-2026 23:09:36 Asia/Dhaka] PHP ERROR [8192]: htmlspecialchars(): Passing null to parameter #1 ($string) of type string is deprecated in D:\XAMPP\htdocs\eimbox-dashboard\eimbox-materio\header.php on line 268
[10-Jan-2026 23:09:36 Asia/Dhaka] PHP ERROR [8192]: htmlspecialchars(): Passing null to parameter #1 ($string) of type string is deprecated in D:\XAMPP\htdocs\eimbox-dashboard\eimbox-materio\header.php on line 269
[10-Jan-2026 23:09:36 Asia/Dhaka] PHP ERROR [8192]: htmlspecialchars(): Passing null to parameter #1 ($string) of type string is deprecated in D:\XAMPP\htdocs\eimbox-dashboard\eimbox-materio\header.php on line 268
[10-Jan-2026 23:09:36 Asia/Dhaka] PHP ERROR [2]: Undefined variable $monitorPanel in D:\XAMPP\htdocs\eimbox-dashboard\eimbox-materio\footer.php on line 157
[10-Jan-2026 23:17:34 Asia/Dhaka] PHP ERROR [2]: Undefined variable $totalDurationPage in D:\XAMPP\htdocs\eimbox-dashboard\eimbox-materio\core\package_checker.php on line 103
[10-Jan-2026 23:17:34 Asia/Dhaka] PHP ERROR [2]: Undefined variable $totalDurationAll in D:\XAMPP\htdocs\eimbox-dashboard\eimbox-materio\core\package_checker.php on line 104
[10-Jan-2026 23:17:34 Asia/Dhaka] PHP ERROR [2]: Undefined variable $totalRecordsPage in D:\XAMPP\htdocs\eimbox-dashboard\eimbox-materio\core\package_checker.php on line 105
[10-Jan-2026 23:17:34 Asia/Dhaka] PHP ERROR [8192]: explode(): Passing null to parameter #2 ($string) of type string is deprecated in D:\XAMPP\htdocs\eimbox-dashboard\eimbox-materio\view-ins-profile.php on line 245
[10-Jan-2026 23:17:34 Asia/Dhaka] PHP ERROR [2]: Undefined variable $monitorPanel in D:\XAMPP\htdocs\eimbox-dashboard\eimbox-materio\footer.php on line 157
[10-Jan-2026 23:33:06 Asia/Dhaka] PHP ERROR [2]: Undefined variable $totalDurationPage in D:\XAMPP\htdocs\eimbox-dashboard\eimbox-materio\core\package_checker.php on line 103
[10-Jan-2026 23:33:06 Asia/Dhaka] PHP ERROR [2]: Undefined variable $totalDurationAll in D:\XAMPP\htdocs\eimbox-dashboard\eimbox-materio\core\package_checker.php on line 104
[10-Jan-2026 23:33:06 Asia/Dhaka] PHP ERROR [2]: Undefined variable $totalRecordsPage in D:\XAMPP\htdocs\eimbox-dashboard\eimbox-materio\core\package_checker.php on line 105
[10-Jan-2026 23:33:06 Asia/Dhaka] PHP ERROR [8192]: explode(): Passing null to parameter #2 ($string) of type string is deprecated in D:\XAMPP\htdocs\eimbox-dashboard\eimbox-materio\view-ins-profile.php on line 245
[10-Jan-2026 23:33:07 Asia/Dhaka] PHP ERROR [2]: Undefined variable $monitorPanel in D:\XAMPP\htdocs\eimbox-dashboard\eimbox-materio\footer.php on line 157
[10-Jan-2026 23:34:55 Asia/Dhaka] PHP ERROR [2]: Undefined variable $totalDurationPage in D:\XAMPP\htdocs\eimbox-dashboard\eimbox-materio\core\package_checker.php on line 103
[10-Jan-2026 23:34:55 Asia/Dhaka] PHP ERROR [2]: Undefined variable $totalDurationAll in D:\XAMPP\htdocs\eimbox-dashboard\eimbox-materio\core\package_checker.php on line 104
[10-Jan-2026 23:34:55 Asia/Dhaka] PHP ERROR [2]: Undefined variable $totalRecordsPage in D:\XAMPP\htdocs\eimbox-dashboard\eimbox-materio\core\package_checker.php on line 105
[10-Jan-2026 23:34:55 Asia/Dhaka] PHP ERROR [8192]: explode(): Passing null to parameter #2 ($string) of type string is deprecated in D:\XAMPP\htdocs\eimbox-dashboard\eimbox-materio\view-ins-profile.php on line 245
[10-Jan-2026 23:34:56 Asia/Dhaka] PHP ERROR [2]: Undefined variable $monitorPanel in D:\XAMPP\htdocs\eimbox-dashboard\eimbox-materio\footer.php on line 157
[10-Jan-2026 23:44:43 Asia/Dhaka] PHP ERROR [2]: Undefined variable $totalDurationPage in D:\XAMPP\htdocs\eimbox-dashboard\eimbox-materio\core\package_checker.php on line 103
[10-Jan-2026 23:44:43 Asia/Dhaka] PHP ERROR [2]: Undefined variable $totalDurationAll in D:\XAMPP\htdocs\eimbox-dashboard\eimbox-materio\core\package_checker.php on line 104
[10-Jan-2026 23:44:43 Asia/Dhaka] PHP ERROR [2]: Undefined variable $totalRecordsPage in D:\XAMPP\htdocs\eimbox-dashboard\eimbox-materio\core\package_checker.php on line 105
[10-Jan-2026 23:44:43 Asia/Dhaka] PHP ERROR [8192]: explode(): Passing null to parameter #2 ($string) of type string is deprecated in D:\XAMPP\htdocs\eimbox-dashboard\eimbox-materio\view-ins-profile.php on line 245
[10-Jan-2026 23:44:44 Asia/Dhaka] PHP ERROR [2]: Undefined variable $monitorPanel in D:\XAMPP\htdocs\eimbox-dashboard\eimbox-materio\footer.php on line 157
[10-Jan-2026 23:45:58 Asia/Dhaka] PHP ERROR [2]: Undefined variable $totalDurationPage in D:\XAMPP\htdocs\eimbox-dashboard\eimbox-materio\core\package_checker.php on line 103
[10-Jan-2026 23:45:58 Asia/Dhaka] PHP ERROR [2]: Undefined variable $totalDurationAll in D:\XAMPP\htdocs\eimbox-dashboard\eimbox-materio\core\package_checker.php on line 104
[10-Jan-2026 23:45:58 Asia/Dhaka] PHP ERROR [2]: Undefined variable $totalRecordsPage in D:\XAMPP\htdocs\eimbox-dashboard\eimbox-materio\core\package_checker.php on line 105
[10-Jan-2026 23:45:58 Asia/Dhaka] PHP ERROR [8192]: explode(): Passing null to parameter #2 ($string) of type string is deprecated in D:\XAMPP\htdocs\eimbox-dashboard\eimbox-materio\view-ins-profile.php on line 245
[10-Jan-2026 23:45:59 Asia/Dhaka] PHP ERROR [2]: Undefined variable $monitorPanel in D:\XAMPP\htdocs\eimbox-dashboard\eimbox-materio\footer.php on line 157
[10-Jan-2026 23:46:48 Asia/Dhaka] PHP ERROR [2]: Undefined variable $totalDurationPage in D:\XAMPP\htdocs\eimbox-dashboard\eimbox-materio\core\package_checker.php on line 103
[10-Jan-2026 23:46:48 Asia/Dhaka] PHP ERROR [2]: Undefined variable $totalDurationAll in D:\XAMPP\htdocs\eimbox-dashboard\eimbox-materio\core\package_checker.php on line 104
[10-Jan-2026 23:46:48 Asia/Dhaka] PHP ERROR [2]: Undefined variable $totalRecordsPage in D:\XAMPP\htdocs\eimbox-dashboard\eimbox-materio\core\package_checker.php on line 105
[10-Jan-2026 23:46:49 Asia/Dhaka] PHP ERROR [2]: Undefined variable $monitorPanel in D:\XAMPP\htdocs\eimbox-dashboard\eimbox-materio\footer.php on line 157
[10-Jan-2026 23:47:15 Asia/Dhaka] PHP ERROR [2]: Undefined variable $totalDurationPage in D:\XAMPP\htdocs\eimbox-dashboard\eimbox-materio\core\package_checker.php on line 103
[10-Jan-2026 23:47:15 Asia/Dhaka] PHP ERROR [2]: Undefined variable $totalDurationAll in D:\XAMPP\htdocs\eimbox-dashboard\eimbox-materio\core\package_checker.php on line 104
[10-Jan-2026 23:47:15 Asia/Dhaka] PHP ERROR [2]: Undefined variable $totalRecordsPage in D:\XAMPP\htdocs\eimbox-dashboard\eimbox-materio\core\package_checker.php on line 105
[10-Jan-2026 23:47:15 Asia/Dhaka] PHP ERROR [2]: Undefined variable $monitorPanel in D:\XAMPP\htdocs\eimbox-dashboard\eimbox-materio\footer.php on line 157
[10-Jan-2026 23:49:40 Asia/Dhaka] PHP ERROR [2]: Undefined variable $totalDurationPage in D:\XAMPP\htdocs\eimbox-dashboard\eimbox-materio\core\package_checker.php on line 103
[10-Jan-2026 23:49:40 Asia/Dhaka] PHP ERROR [2]: Undefined variable $totalDurationAll in D:\XAMPP\htdocs\eimbox-dashboard\eimbox-materio\core\package_checker.php on line 104
[10-Jan-2026 23:49:40 Asia/Dhaka] PHP ERROR [2]: Undefined variable $totalRecordsPage in D:\XAMPP\htdocs\eimbox-dashboard\eimbox-materio\core\package_checker.php on line 105
[10-Jan-2026 23:49:41 Asia/Dhaka] PHP ERROR [2]: Undefined variable $monitorPanel in D:\XAMPP\htdocs\eimbox-dashboard\eimbox-materio\footer.php on line 157
[11-Jan-2026 00:11:54 Asia/Dhaka] PHP ERROR [2]: Undefined variable $totalDurationPage in D:\XAMPP\htdocs\eimbox-dashboard\eimbox-materio\core\package_checker.php on line 103
[11-Jan-2026 00:11:54 Asia/Dhaka] PHP ERROR [2]: Undefined variable $totalDurationAll in D:\XAMPP\htdocs\eimbox-dashboard\eimbox-materio\core\package_checker.php on line 104
[11-Jan-2026 00:11:54 Asia/Dhaka] PHP ERROR [2]: Undefined variable $totalRecordsPage in D:\XAMPP\htdocs\eimbox-dashboard\eimbox-materio\core\package_checker.php on line 105
[11-Jan-2026 00:11:55 Asia/Dhaka] PHP ERROR [2]: Undefined variable $monitorPanel in D:\XAMPP\htdocs\eimbox-dashboard\eimbox-materio\footer.php on line 157
[11-Jan-2026 00:12:55 Asia/Dhaka] PHP ERROR [2]: Undefined variable $totalDurationPage in D:\XAMPP\htdocs\eimbox-dashboard\eimbox-materio\core\package_checker.php on line 103
[11-Jan-2026 00:12:55 Asia/Dhaka] PHP ERROR [2]: Undefined variable $totalDurationAll in D:\XAMPP\htdocs\eimbox-dashboard\eimbox-materio\core\package_checker.php on line 104
[11-Jan-2026 00:12:55 Asia/Dhaka] PHP ERROR [2]: Undefined variable $totalRecordsPage in D:\XAMPP\htdocs\eimbox-dashboard\eimbox-materio\core\package_checker.php on line 105
[11-Jan-2026 00:12:55 Asia/Dhaka] PHP ERROR [2]: Undefined variable $monitorPanel in D:\XAMPP\htdocs\eimbox-dashboard\eimbox-materio\footer.php on line 157
[11-Jan-2026 00:14:28 Asia/Dhaka] PHP ERROR [2]: Undefined variable $totalDurationPage in D:\XAMPP\htdocs\eimbox-dashboard\eimbox-materio\core\package_checker.php on line 103
[11-Jan-2026 00:14:28 Asia/Dhaka] PHP ERROR [2]: Undefined variable $totalDurationAll in D:\XAMPP\htdocs\eimbox-dashboard\eimbox-materio\core\package_checker.php on line 104
[11-Jan-2026 00:14:28 Asia/Dhaka] PHP ERROR [2]: Undefined variable $totalRecordsPage in D:\XAMPP\htdocs\eimbox-dashboard\eimbox-materio\core\package_checker.php on line 105
[11-Jan-2026 00:14:29 Asia/Dhaka] PHP ERROR [2]: Undefined variable $monitorPanel in D:\XAMPP\htdocs\eimbox-dashboard\eimbox-materio\footer.php on line 157
[11-Jan-2026 00:14:44 Asia/Dhaka] PHP ERROR [2]: Undefined variable $totalDurationPage in D:\XAMPP\htdocs\eimbox-dashboard\eimbox-materio\core\package_checker.php on line 103
[11-Jan-2026 00:14:44 Asia/Dhaka] PHP ERROR [2]: Undefined variable $totalDurationAll in D:\XAMPP\htdocs\eimbox-dashboard\eimbox-materio\core\package_checker.php on line 104
[11-Jan-2026 00:14:44 Asia/Dhaka] PHP ERROR [2]: Undefined variable $totalRecordsPage in D:\XAMPP\htdocs\eimbox-dashboard\eimbox-materio\core\package_checker.php on line 105
[11-Jan-2026 00:14:44 Asia/Dhaka] PHP ERROR [2]: Undefined variable $monitorPanel in D:\XAMPP\htdocs\eimbox-dashboard\eimbox-materio\footer.php on line 157
[11-Jan-2026 00:17:28 Asia/Dhaka] PHP ERROR [2]: Undefined variable $totalDurationPage in D:\XAMPP\htdocs\eimbox-dashboard\eimbox-materio\core\package_checker.php on line 103
[11-Jan-2026 00:17:28 Asia/Dhaka] PHP ERROR [2]: Undefined variable $totalDurationAll in D:\XAMPP\htdocs\eimbox-dashboard\eimbox-materio\core\package_checker.php on line 104
[11-Jan-2026 00:17:28 Asia/Dhaka] PHP ERROR [2]: Undefined variable $totalRecordsPage in D:\XAMPP\htdocs\eimbox-dashboard\eimbox-materio\core\package_checker.php on line 105
[11-Jan-2026 00:17:29 Asia/Dhaka] PHP ERROR [2]: Undefined variable $monitorPanel in D:\XAMPP\htdocs\eimbox-dashboard\eimbox-materio\footer.php on line 157
[11-Jan-2026 00:17:40 Asia/Dhaka] PHP ERROR [2]: Undefined variable $totalDurationPage in D:\XAMPP\htdocs\eimbox-dashboard\eimbox-materio\core\package_checker.php on line 103
[11-Jan-2026 00:17:40 Asia/Dhaka] PHP ERROR [2]: Undefined variable $totalDurationAll in D:\XAMPP\htdocs\eimbox-dashboard\eimbox-materio\core\package_checker.php on line 104
[11-Jan-2026 00:17:40 Asia/Dhaka] PHP ERROR [2]: Undefined variable $totalRecordsPage in D:\XAMPP\htdocs\eimbox-dashboard\eimbox-materio\core\package_checker.php on line 105
[11-Jan-2026 00:17:40 Asia/Dhaka] PHP ERROR [2]: Undefined variable $monitorPanel in D:\XAMPP\htdocs\eimbox-dashboard\eimbox-materio\footer.php on line 157
[11-Jan-2026 00:31:29 Asia/Dhaka] PHP ERROR [2]: Undefined variable $totalDurationPage in D:\XAMPP\htdocs\eimbox-dashboard\eimbox-materio\core\package_checker.php on line 103
[11-Jan-2026 00:31:29 Asia/Dhaka] PHP ERROR [2]: Undefined variable $totalDurationAll in D:\XAMPP\htdocs\eimbox-dashboard\eimbox-materio\core\package_checker.php on line 104
[11-Jan-2026 00:31:29 Asia/Dhaka] PHP ERROR [2]: Undefined variable $totalRecordsPage in D:\XAMPP\htdocs\eimbox-dashboard\eimbox-materio\core\package_checker.php on line 105
[11-Jan-2026 00:31:29 Asia/Dhaka] PHP ERROR [2]: Undefined variable $monitorPanel in D:\XAMPP\htdocs\eimbox-dashboard\eimbox-materio\footer.php on line 157
[11-Jan-2026 00:31:39 Asia/Dhaka] PHP ERROR [2]: Undefined variable $totalDurationPage in D:\XAMPP\htdocs\eimbox-dashboard\eimbox-materio\core\package_checker.php on line 103
[11-Jan-2026 00:31:39 Asia/Dhaka] PHP ERROR [2]: Undefined variable $totalDurationAll in D:\XAMPP\htdocs\eimbox-dashboard\eimbox-materio\core\package_checker.php on line 104
[11-Jan-2026 00:31:39 Asia/Dhaka] PHP ERROR [2]: Undefined variable $totalRecordsPage in D:\XAMPP\htdocs\eimbox-dashboard\eimbox-materio\core\package_checker.php on line 105
[11-Jan-2026 00:31:40 Asia/Dhaka] PHP ERROR [2]: Undefined variable $monitorPanel in D:\XAMPP\htdocs\eimbox-dashboard\eimbox-materio\footer.php on line 157
[11-Jan-2026 00:43:30 Asia/Dhaka] PHP ERROR [2]: Undefined variable $totalDurationPage in D:\XAMPP\htdocs\eimbox-dashboard\eimbox-materio\core\package_checker.php on line 103
[11-Jan-2026 00:43:30 Asia/Dhaka] PHP ERROR [2]: Undefined variable $totalDurationAll in D:\XAMPP\htdocs\eimbox-dashboard\eimbox-materio\core\package_checker.php on line 104
[11-Jan-2026 00:43:30 Asia/Dhaka] PHP ERROR [2]: Undefined variable $totalRecordsPage in D:\XAMPP\htdocs\eimbox-dashboard\eimbox-materio\core\package_checker.php on line 105
[11-Jan-2026 00:43:30 Asia/Dhaka] PHP ERROR [2]: Undefined variable $monitorPanel in D:\XAMPP\htdocs\eimbox-dashboard\eimbox-materio\footer.php on line 157
[11-Jan-2026 00:43:51 Asia/Dhaka] PHP ERROR [2]: Undefined variable $totalDurationPage in D:\XAMPP\htdocs\eimbox-dashboard\eimbox-materio\core\package_checker.php on line 103
[11-Jan-2026 00:43:51 Asia/Dhaka] PHP ERROR [2]: Undefined variable $totalDurationAll in D:\XAMPP\htdocs\eimbox-dashboard\eimbox-materio\core\package_checker.php on line 104
[11-Jan-2026 00:43:51 Asia/Dhaka] PHP ERROR [2]: Undefined variable $totalRecordsPage in D:\XAMPP\htdocs\eimbox-dashboard\eimbox-materio\core\package_checker.php on line 105
[11-Jan-2026 00:43:52 Asia/Dhaka] PHP ERROR [2]: Undefined variable $monitorPanel in D:\XAMPP\htdocs\eimbox-dashboard\eimbox-materio\footer.php on line 157
[11-Jan-2026 00:44:03 Asia/Dhaka] PHP ERROR [2]: Undefined variable $totalDurationPage in D:\XAMPP\htdocs\eimbox-dashboard\eimbox-materio\core\package_checker.php on line 103
[11-Jan-2026 00:44:03 Asia/Dhaka] PHP ERROR [2]: Undefined variable $totalDurationAll in D:\XAMPP\htdocs\eimbox-dashboard\eimbox-materio\core\package_checker.php on line 104
[11-Jan-2026 00:44:03 Asia/Dhaka] PHP ERROR [2]: Undefined variable $totalRecordsPage in D:\XAMPP\htdocs\eimbox-dashboard\eimbox-materio\core\package_checker.php on line 105
[11-Jan-2026 00:44:03 Asia/Dhaka] PHP ERROR [2]: Undefined variable $monitorPanel in D:\XAMPP\htdocs\eimbox-dashboard\eimbox-materio\footer.php on line 157
[11-Jan-2026 00:44:07 Asia/Dhaka] PHP ERROR [2]: Undefined variable $totalDurationPage in D:\XAMPP\htdocs\eimbox-dashboard\eimbox-materio\core\package_checker.php on line 103
[11-Jan-2026 00:44:07 Asia/Dhaka] PHP ERROR [2]: Undefined variable $totalDurationAll in D:\XAMPP\htdocs\eimbox-dashboard\eimbox-materio\core\package_checker.php on line 104
[11-Jan-2026 00:44:07 Asia/Dhaka] PHP ERROR [2]: Undefined variable $totalRecordsPage in D:\XAMPP\htdocs\eimbox-dashboard\eimbox-materio\core\package_checker.php on line 105
[11-Jan-2026 00:44:07 Asia/Dhaka] PHP ERROR [2]: Undefined variable $monitorPanel in D:\XAMPP\htdocs\eimbox-dashboard\eimbox-materio\footer.php on line 157
[11-Jan-2026 00:44:53 Asia/Dhaka] PHP ERROR [2]: Undefined variable $totalDurationPage in D:\XAMPP\htdocs\eimbox-dashboard\eimbox-materio\core\package_checker.php on line 103
[11-Jan-2026 00:44:53 Asia/Dhaka] PHP ERROR [2]: Undefined variable $totalDurationAll in D:\XAMPP\htdocs\eimbox-dashboard\eimbox-materio\core\package_checker.php on line 104
[11-Jan-2026 00:44:53 Asia/Dhaka] PHP ERROR [2]: Undefined variable $totalRecordsPage in D:\XAMPP\htdocs\eimbox-dashboard\eimbox-materio\core\package_checker.php on line 105
[11-Jan-2026 00:44:54 Asia/Dhaka] PHP ERROR [2]: Undefined variable $monitorPanel in D:\XAMPP\htdocs\eimbox-dashboard\eimbox-materio\footer.php on line 157
[11-Jan-2026 00:46:30 Asia/Dhaka] PHP ERROR [2]: Undefined variable $totalDurationPage in D:\XAMPP\htdocs\eimbox-dashboard\eimbox-materio\core\package_checker.php on line 103
[11-Jan-2026 00:46:30 Asia/Dhaka] PHP ERROR [2]: Undefined variable $totalDurationAll in D:\XAMPP\htdocs\eimbox-dashboard\eimbox-materio\core\package_checker.php on line 104
[11-Jan-2026 00:46:30 Asia/Dhaka] PHP ERROR [2]: Undefined variable $totalRecordsPage in D:\XAMPP\htdocs\eimbox-dashboard\eimbox-materio\core\package_checker.php on line 105
[11-Jan-2026 00:46:31 Asia/Dhaka] PHP ERROR [2]: Undefined variable $monitorPanel in D:\XAMPP\htdocs\eimbox-dashboard\eimbox-materio\footer.php on line 157
[11-Jan-2026 00:47:22 Asia/Dhaka] PHP ERROR [2]: Undefined variable $totalDurationPage in D:\XAMPP\htdocs\eimbox-dashboard\eimbox-materio\core\package_checker.php on line 103
[11-Jan-2026 00:47:22 Asia/Dhaka] PHP ERROR [2]: Undefined variable $totalDurationAll in D:\XAMPP\htdocs\eimbox-dashboard\eimbox-materio\core\package_checker.php on line 104
[11-Jan-2026 00:47:22 Asia/Dhaka] PHP ERROR [2]: Undefined variable $totalRecordsPage in D:\XAMPP\htdocs\eimbox-dashboard\eimbox-materio\core\package_checker.php on line 105
[11-Jan-2026 00:47:22 Asia/Dhaka] PHP ERROR [2]: Undefined variable $monitorPanel in D:\XAMPP\htdocs\eimbox-dashboard\eimbox-materio\footer.php on line 157
[11-Jan-2026 00:47:28 Asia/Dhaka] PHP ERROR [2]: Undefined variable $totalDurationPage in D:\XAMPP\htdocs\eimbox-dashboard\eimbox-materio\core\package_checker.php on line 103
[11-Jan-2026 00:47:28 Asia/Dhaka] PHP ERROR [2]: Undefined variable $totalDurationAll in D:\XAMPP\htdocs\eimbox-dashboard\eimbox-materio\core\package_checker.php on line 104
[11-Jan-2026 00:47:28 Asia/Dhaka] PHP ERROR [2]: Undefined variable $totalRecordsPage in D:\XAMPP\htdocs\eimbox-dashboard\eimbox-materio\core\package_checker.php on line 105
[11-Jan-2026 00:47:29 Asia/Dhaka] PHP ERROR [2]: Undefined variable $monitorPanel in D:\XAMPP\htdocs\eimbox-dashboard\eimbox-materio\footer.php on line 157
[11-Jan-2026 00:47:33 Asia/Dhaka] PHP ERROR [2]: Undefined variable $totalDurationPage in D:\XAMPP\htdocs\eimbox-dashboard\eimbox-materio\core\package_checker.php on line 103
[11-Jan-2026 00:47:33 Asia/Dhaka] PHP ERROR [2]: Undefined variable $totalDurationAll in D:\XAMPP\htdocs\eimbox-dashboard\eimbox-materio\core\package_checker.php on line 104
[11-Jan-2026 00:47:33 Asia/Dhaka] PHP ERROR [2]: Undefined variable $totalRecordsPage in D:\XAMPP\htdocs\eimbox-dashboard\eimbox-materio\core\package_checker.php on line 105
[11-Jan-2026 00:47:34 Asia/Dhaka] PHP ERROR [2]: Undefined variable $monitorPanel in D:\XAMPP\htdocs\eimbox-dashboard\eimbox-materio\footer.php on line 157
[11-Jan-2026 00:47:45 Asia/Dhaka] PHP ERROR [2]: Undefined variable $totalDurationPage in D:\XAMPP\htdocs\eimbox-dashboard\eimbox-materio\core\package_checker.php on line 103
[11-Jan-2026 00:47:45 Asia/Dhaka] PHP ERROR [2]: Undefined variable $totalDurationAll in D:\XAMPP\htdocs\eimbox-dashboard\eimbox-materio\core\package_checker.php on line 104
[11-Jan-2026 00:47:45 Asia/Dhaka] PHP ERROR [2]: Undefined variable $totalRecordsPage in D:\XAMPP\htdocs\eimbox-dashboard\eimbox-materio\core\package_checker.php on line 105
[11-Jan-2026 00:47:46 Asia/Dhaka] PHP ERROR [2]: Undefined variable $monitorPanel in D:\XAMPP\htdocs\eimbox-dashboard\eimbox-materio\footer.php on line 157
[11-Jan-2026 00:48:43 Asia/Dhaka] PHP ERROR [2]: Undefined variable $totalDurationPage in D:\XAMPP\htdocs\eimbox-dashboard\eimbox-materio\core\package_checker.php on line 103
[11-Jan-2026 00:48:43 Asia/Dhaka] PHP ERROR [2]: Undefined variable $totalDurationAll in D:\XAMPP\htdocs\eimbox-dashboard\eimbox-materio\core\package_checker.php on line 104
[11-Jan-2026 00:48:43 Asia/Dhaka] PHP ERROR [2]: Undefined variable $totalRecordsPage in D:\XAMPP\htdocs\eimbox-dashboard\eimbox-materio\core\package_checker.php on line 105
[11-Jan-2026 00:48:44 Asia/Dhaka] PHP ERROR [2]: Undefined variable $monitorPanel in D:\XAMPP\htdocs\eimbox-dashboard\eimbox-materio\footer.php on line 157
[11-Jan-2026 00:50:08 Asia/Dhaka] PHP ERROR [2]: Undefined variable $totalDurationPage in D:\XAMPP\htdocs\eimbox-dashboard\eimbox-materio\core\package_checker.php on line 103
[11-Jan-2026 00:50:08 Asia/Dhaka] PHP ERROR [2]: Undefined variable $totalDurationAll in D:\XAMPP\htdocs\eimbox-dashboard\eimbox-materio\core\package_checker.php on line 104
[11-Jan-2026 00:50:08 Asia/Dhaka] PHP ERROR [2]: Undefined variable $totalRecordsPage in D:\XAMPP\htdocs\eimbox-dashboard\eimbox-materio\core\package_checker.php on line 105
[11-Jan-2026 00:50:08 Asia/Dhaka] PHP ERROR [2]: Undefined variable $monitorPanel in D:\XAMPP\htdocs\eimbox-dashboard\eimbox-materio\footer.php on line 157
[11-Jan-2026 00:51:13 Asia/Dhaka] PHP ERROR [2]: Undefined variable $totalDurationPage in D:\XAMPP\htdocs\eimbox-dashboard\eimbox-materio\core\package_checker.php on line 103
[11-Jan-2026 00:51:13 Asia/Dhaka] PHP ERROR [2]: Undefined variable $totalDurationAll in D:\XAMPP\htdocs\eimbox-dashboard\eimbox-materio\core\package_checker.php on line 104
[11-Jan-2026 00:51:13 Asia/Dhaka] PHP ERROR [2]: Undefined variable $totalRecordsPage in D:\XAMPP\htdocs\eimbox-dashboard\eimbox-materio\core\package_checker.php on line 105
[11-Jan-2026 00:51:14 Asia/Dhaka] PHP ERROR [2]: Undefined variable $monitorPanel in D:\XAMPP\htdocs\eimbox-dashboard\eimbox-materio\footer.php on line 157
[11-Jan-2026 00:51:26 Asia/Dhaka] PHP ERROR [2]: Undefined variable $totalDurationPage in D:\XAMPP\htdocs\eimbox-dashboard\eimbox-materio\core\package_checker.php on line 103
[11-Jan-2026 00:51:26 Asia/Dhaka] PHP ERROR [2]: Undefined variable $totalDurationAll in D:\XAMPP\htdocs\eimbox-dashboard\eimbox-materio\core\package_checker.php on line 104
[11-Jan-2026 00:51:26 Asia/Dhaka] PHP ERROR [2]: Undefined variable $totalRecordsPage in D:\XAMPP\htdocs\eimbox-dashboard\eimbox-materio\core\package_checker.php on line 105
[11-Jan-2026 00:51:27 Asia/Dhaka] PHP ERROR [2]: Undefined variable $monitorPanel in D:\XAMPP\htdocs\eimbox-dashboard\eimbox-materio\footer.php on line 157
[11-Jan-2026 00:52:50 Asia/Dhaka] PHP ERROR [2]: Undefined variable $totalDurationPage in D:\XAMPP\htdocs\eimbox-dashboard\eimbox-materio\core\package_checker.php on line 103
[11-Jan-2026 00:52:50 Asia/Dhaka] PHP ERROR [2]: Undefined variable $totalDurationAll in D:\XAMPP\htdocs\eimbox-dashboard\eimbox-materio\core\package_checker.php on line 104
[11-Jan-2026 00:52:50 Asia/Dhaka] PHP ERROR [2]: Undefined variable $totalRecordsPage in D:\XAMPP\htdocs\eimbox-dashboard\eimbox-materio\core\package_checker.php on line 105
[11-Jan-2026 00:52:51 Asia/Dhaka] PHP ERROR [2]: Undefined variable $monitorPanel in D:\XAMPP\htdocs\eimbox-dashboard\eimbox-materio\footer.php on line 157
[11-Jan-2026 00:53:17 Asia/Dhaka] PHP ERROR [2]: Undefined variable $totalDurationPage in D:\XAMPP\htdocs\eimbox-dashboard\eimbox-materio\core\package_checker.php on line 103
[11-Jan-2026 00:53:17 Asia/Dhaka] PHP ERROR [2]: Undefined variable $totalDurationAll in D:\XAMPP\htdocs\eimbox-dashboard\eimbox-materio\core\package_checker.php on line 104
[11-Jan-2026 00:53:17 Asia/Dhaka] PHP ERROR [2]: Undefined variable $totalRecordsPage in D:\XAMPP\htdocs\eimbox-dashboard\eimbox-materio\core\package_checker.php on line 105
[11-Jan-2026 00:53:18 Asia/Dhaka] PHP ERROR [2]: Undefined variable $monitorPanel in D:\XAMPP\htdocs\eimbox-dashboard\eimbox-materio\footer.php on line 157
[11-Jan-2026 00:56:46 Asia/Dhaka] PHP ERROR [2]: Undefined variable $totalDurationPage in D:\XAMPP\htdocs\eimbox-dashboard\eimbox-materio\core\package_checker.php on line 103
[11-Jan-2026 00:56:46 Asia/Dhaka] PHP ERROR [2]: Undefined variable $totalDurationAll in D:\XAMPP\htdocs\eimbox-dashboard\eimbox-materio\core\package_checker.php on line 104
[11-Jan-2026 00:56:46 Asia/Dhaka] PHP ERROR [2]: Undefined variable $totalRecordsPage in D:\XAMPP\htdocs\eimbox-dashboard\eimbox-materio\core\package_checker.php on line 105
[11-Jan-2026 00:56:47 Asia/Dhaka] PHP ERROR [2]: Undefined variable $monitorPanel in D:\XAMPP\htdocs\eimbox-dashboard\eimbox-materio\footer.php on line 157
[11-Jan-2026 00:57:05 Asia/Dhaka] PHP ERROR [2]: Undefined variable $totalDurationPage in D:\XAMPP\htdocs\eimbox-dashboard\eimbox-materio\core\package_checker.php on line 103
[11-Jan-2026 00:57:05 Asia/Dhaka] PHP ERROR [2]: Undefined variable $totalDurationAll in D:\XAMPP\htdocs\eimbox-dashboard\eimbox-materio\core\package_checker.php on line 104
[11-Jan-2026 00:57:05 Asia/Dhaka] PHP ERROR [2]: Undefined variable $totalRecordsPage in D:\XAMPP\htdocs\eimbox-dashboard\eimbox-materio\core\package_checker.php on line 105
[11-Jan-2026 00:57:05 Asia/Dhaka] PHP ERROR [2]: Undefined variable $monitorPanel in D:\XAMPP\htdocs\eimbox-dashboard\eimbox-materio\footer.php on line 157
[11-Jan-2026 01:11:56 Asia/Dhaka] PHP ERROR [2]: Undefined variable $totalDurationPage in D:\XAMPP\htdocs\eimbox-dashboard\eimbox-materio\core\package_checker.php on line 103
[11-Jan-2026 01:11:56 Asia/Dhaka] PHP ERROR [2]: Undefined variable $totalDurationAll in D:\XAMPP\htdocs\eimbox-dashboard\eimbox-materio\core\package_checker.php on line 104
[11-Jan-2026 01:11:56 Asia/Dhaka] PHP ERROR [2]: Undefined variable $totalRecordsPage in D:\XAMPP\htdocs\eimbox-dashboard\eimbox-materio\core\package_checker.php on line 105
[11-Jan-2026 01:11:57 Asia/Dhaka] PHP ERROR [2]: Undefined variable $monitorPanel in D:\XAMPP\htdocs\eimbox-dashboard\eimbox-materio\footer.php on line 157
[11-Jan-2026 01:15:06 Asia/Dhaka] PHP ERROR [2]: Undefined variable $totalDurationPage in D:\XAMPP\htdocs\eimbox-dashboard\eimbox-materio\core\package_checker.php on line 103
[11-Jan-2026 01:15:06 Asia/Dhaka] PHP ERROR [2]: Undefined variable $totalDurationAll in D:\XAMPP\htdocs\eimbox-dashboard\eimbox-materio\core\package_checker.php on line 104
[11-Jan-2026 01:15:06 Asia/Dhaka] PHP ERROR [2]: Undefined variable $totalRecordsPage in D:\XAMPP\htdocs\eimbox-dashboard\eimbox-materio\core\package_checker.php on line 105
[11-Jan-2026 01:15:07 Asia/Dhaka] PHP ERROR [2]: Undefined variable $monitorPanel in D:\XAMPP\htdocs\eimbox-dashboard\eimbox-materio\footer.php on line 157
[11-Jan-2026 01:15:49 Asia/Dhaka] PHP ERROR [2]: Undefined variable $totalDurationPage in D:\XAMPP\htdocs\eimbox-dashboard\eimbox-materio\core\package_checker.php on line 103
[11-Jan-2026 01:15:49 Asia/Dhaka] PHP ERROR [2]: Undefined variable $totalDurationAll in D:\XAMPP\htdocs\eimbox-dashboard\eimbox-materio\core\package_checker.php on line 104
[11-Jan-2026 01:15:49 Asia/Dhaka] PHP ERROR [2]: Undefined variable $totalRecordsPage in D:\XAMPP\htdocs\eimbox-dashboard\eimbox-materio\core\package_checker.php on line 105
[11-Jan-2026 01:15:49 Asia/Dhaka] PHP ERROR [2]: Undefined variable $monitorPanel in D:\XAMPP\htdocs\eimbox-dashboard\eimbox-materio\footer.php on line 157
[11-Jan-2026 01:19:04 Asia/Dhaka] PHP ERROR [2]: Undefined variable $totalDurationPage in D:\XAMPP\htdocs\eimbox-dashboard\eimbox-materio\core\package_checker.php on line 103
[11-Jan-2026 01:19:04 Asia/Dhaka] PHP ERROR [2]: Undefined variable $totalDurationAll in D:\XAMPP\htdocs\eimbox-dashboard\eimbox-materio\core\package_checker.php on line 104
[11-Jan-2026 01:19:04 Asia/Dhaka] PHP ERROR [2]: Undefined variable $totalRecordsPage in D:\XAMPP\htdocs\eimbox-dashboard\eimbox-materio\core\package_checker.php on line 105
[11-Jan-2026 01:19:05 Asia/Dhaka] PHP ERROR [2]: Undefined variable $monitorPanel in D:\XAMPP\htdocs\eimbox-dashboard\eimbox-materio\footer.php on line 157
[11-Jan-2026 01:21:31 Asia/Dhaka] PHP ERROR [2]: Undefined variable $totalDurationPage in D:\XAMPP\htdocs\eimbox-dashboard\eimbox-materio\core\package_checker.php on line 103
[11-Jan-2026 01:21:31 Asia/Dhaka] PHP ERROR [2]: Undefined variable $totalDurationAll in D:\XAMPP\htdocs\eimbox-dashboard\eimbox-materio\core\package_checker.php on line 104
[11-Jan-2026 01:21:31 Asia/Dhaka] PHP ERROR [2]: Undefined variable $totalRecordsPage in D:\XAMPP\htdocs\eimbox-dashboard\eimbox-materio\core\package_checker.php on line 105
[11-Jan-2026 01:21:32 Asia/Dhaka] PHP ERROR [2]: Undefined variable $monitorPanel in D:\XAMPP\htdocs\eimbox-dashboard\eimbox-materio\footer.php on line 157
[11-Jan-2026 01:23:32 Asia/Dhaka] PHP ERROR [2]: Undefined variable $totalDurationPage in D:\XAMPP\htdocs\eimbox-dashboard\eimbox-materio\core\package_checker.php on line 103
[11-Jan-2026 01:23:32 Asia/Dhaka] PHP ERROR [2]: Undefined variable $totalDurationAll in D:\XAMPP\htdocs\eimbox-dashboard\eimbox-materio\core\package_checker.php on line 104
[11-Jan-2026 01:23:33 Asia/Dhaka] PHP ERROR [2]: Undefined variable $totalRecordsPage in D:\XAMPP\htdocs\eimbox-dashboard\eimbox-materio\core\package_checker.php on line 105
[11-Jan-2026 01:23:33 Asia/Dhaka] PHP ERROR [2]: Undefined variable $monitorPanel in D:\XAMPP\htdocs\eimbox-dashboard\eimbox-materio\footer.php on line 157
[11-Jan-2026 01:24:25 Asia/Dhaka] PHP ERROR [2]: Undefined variable $totalDurationPage in D:\XAMPP\htdocs\eimbox-dashboard\eimbox-materio\core\package_checker.php on line 103
[11-Jan-2026 01:24:25 Asia/Dhaka] PHP ERROR [2]: Undefined variable $totalDurationAll in D:\XAMPP\htdocs\eimbox-dashboard\eimbox-materio\core\package_checker.php on line 104
[11-Jan-2026 01:24:25 Asia/Dhaka] PHP ERROR [2]: Undefined variable $totalRecordsPage in D:\XAMPP\htdocs\eimbox-dashboard\eimbox-materio\core\package_checker.php on line 105
[11-Jan-2026 01:24:26 Asia/Dhaka] PHP ERROR [2]: Undefined variable $monitorPanel in D:\XAMPP\htdocs\eimbox-dashboard\eimbox-materio\footer.php on line 157
[11-Jan-2026 01:25:47 Asia/Dhaka] PHP ERROR [2]: Undefined variable $totalDurationPage in D:\XAMPP\htdocs\eimbox-dashboard\eimbox-materio\core\package_checker.php on line 103
[11-Jan-2026 01:25:47 Asia/Dhaka] PHP ERROR [2]: Undefined variable $totalDurationAll in D:\XAMPP\htdocs\eimbox-dashboard\eimbox-materio\core\package_checker.php on line 104
[11-Jan-2026 01:25:47 Asia/Dhaka] PHP ERROR [2]: Undefined variable $totalRecordsPage in D:\XAMPP\htdocs\eimbox-dashboard\eimbox-materio\core\package_checker.php on line 105
[11-Jan-2026 01:25:48 Asia/Dhaka] PHP ERROR [2]: Undefined variable $monitorPanel in D:\XAMPP\htdocs\eimbox-dashboard\eimbox-materio\footer.php on line 157
[11-Jan-2026 01:51:24 Asia/Dhaka] PHP ERROR [2]: Undefined variable $totalDurationPage in D:\XAMPP\htdocs\eimbox-dashboard\eimbox-materio\core\package_checker.php on line 103
[11-Jan-2026 01:51:24 Asia/Dhaka] PHP ERROR [2]: Undefined variable $totalDurationAll in D:\XAMPP\htdocs\eimbox-dashboard\eimbox-materio\core\package_checker.php on line 104
[11-Jan-2026 01:51:24 Asia/Dhaka] PHP ERROR [2]: Undefined variable $totalRecordsPage in D:\XAMPP\htdocs\eimbox-dashboard\eimbox-materio\core\package_checker.php on line 105
[11-Jan-2026 01:51:25 Asia/Dhaka] PHP ERROR [2]: Undefined variable $monitorPanel in D:\XAMPP\htdocs\eimbox-dashboard\eimbox-materio\footer.php on line 157
[11-Jan-2026 01:52:06 Asia/Dhaka] PHP ERROR [2]: Undefined variable $totalDurationPage in D:\XAMPP\htdocs\eimbox-dashboard\eimbox-materio\core\package_checker.php on line 103
[11-Jan-2026 01:52:06 Asia/Dhaka] PHP ERROR [2]: Undefined variable $totalDurationAll in D:\XAMPP\htdocs\eimbox-dashboard\eimbox-materio\core\package_checker.php on line 104
[11-Jan-2026 01:52:06 Asia/Dhaka] PHP ERROR [2]: Undefined variable $totalRecordsPage in D:\XAMPP\htdocs\eimbox-dashboard\eimbox-materio\core\package_checker.php on line 105
[11-Jan-2026 01:52:06 Asia/Dhaka] PHP ERROR [2]: Undefined variable $monitorPanel in D:\XAMPP\htdocs\eimbox-dashboard\eimbox-materio\footer.php on line 157
[11-Jan-2026 01:52:58 Asia/Dhaka] PHP ERROR [2]: Undefined variable $totalDurationPage in D:\XAMPP\htdocs\eimbox-dashboard\eimbox-materio\core\package_checker.php on line 103
[11-Jan-2026 01:52:58 Asia/Dhaka] PHP ERROR [2]: Undefined variable $totalDurationAll in D:\XAMPP\htdocs\eimbox-dashboard\eimbox-materio\core\package_checker.php on line 104
[11-Jan-2026 01:52:58 Asia/Dhaka] PHP ERROR [2]: Undefined variable $totalRecordsPage in D:\XAMPP\htdocs\eimbox-dashboard\eimbox-materio\core\package_checker.php on line 105
[11-Jan-2026 01:52:59 Asia/Dhaka] PHP ERROR [2]: Undefined variable $monitorPanel in D:\XAMPP\htdocs\eimbox-dashboard\eimbox-materio\footer.php on line 157
[11-Jan-2026 01:53:02 Asia/Dhaka] PHP ERROR [2]: Undefined variable $totalDurationPage in D:\XAMPP\htdocs\eimbox-dashboard\eimbox-materio\core\package_checker.php on line 103
[11-Jan-2026 01:53:02 Asia/Dhaka] PHP ERROR [2]: Undefined variable $totalDurationAll in D:\XAMPP\htdocs\eimbox-dashboard\eimbox-materio\core\package_checker.php on line 104
[11-Jan-2026 01:53:02 Asia/Dhaka] PHP ERROR [2]: Undefined variable $totalRecordsPage in D:\XAMPP\htdocs\eimbox-dashboard\eimbox-materio\core\package_checker.php on line 105
[11-Jan-2026 01:53:02 Asia/Dhaka] PHP ERROR [2]: Undefined variable $monitorPanel in D:\XAMPP\htdocs\eimbox-dashboard\eimbox-materio\footer.php on line 157
[11-Jan-2026 01:53:59 Asia/Dhaka] PHP ERROR [2]: Undefined variable $totalDurationPage in D:\XAMPP\htdocs\eimbox-dashboard\eimbox-materio\core\package_checker.php on line 103
[11-Jan-2026 01:53:59 Asia/Dhaka] PHP ERROR [2]: Undefined variable $totalDurationAll in D:\XAMPP\htdocs\eimbox-dashboard\eimbox-materio\core\package_checker.php on line 104
[11-Jan-2026 01:53:59 Asia/Dhaka] PHP ERROR [2]: Undefined variable $totalRecordsPage in D:\XAMPP\htdocs\eimbox-dashboard\eimbox-materio\core\package_checker.php on line 105
[11-Jan-2026 01:53:59 Asia/Dhaka] PHP ERROR [2]: Undefined variable $monitorPanel in D:\XAMPP\htdocs\eimbox-dashboard\eimbox-materio\footer.php on line 157
[11-Jan-2026 01:54:03 Asia/Dhaka] PHP ERROR [2]: Undefined variable $totalDurationPage in D:\XAMPP\htdocs\eimbox-dashboard\eimbox-materio\core\package_checker.php on line 103
[11-Jan-2026 01:54:03 Asia/Dhaka] PHP ERROR [2]: Undefined variable $totalDurationAll in D:\XAMPP\htdocs\eimbox-dashboard\eimbox-materio\core\package_checker.php on line 104
[11-Jan-2026 01:54:03 Asia/Dhaka] PHP ERROR [2]: Undefined variable $totalRecordsPage in D:\XAMPP\htdocs\eimbox-dashboard\eimbox-materio\core\package_checker.php on line 105
[11-Jan-2026 01:54:04 Asia/Dhaka] PHP ERROR [2]: Undefined variable $monitorPanel in D:\XAMPP\htdocs\eimbox-dashboard\eimbox-materio\footer.php on line 157
[11-Jan-2026 01:55:32 Asia/Dhaka] PHP ERROR [2]: Undefined variable $totalDurationPage in D:\XAMPP\htdocs\eimbox-dashboard\eimbox-materio\core\package_checker.php on line 103
[11-Jan-2026 01:55:32 Asia/Dhaka] PHP ERROR [2]: Undefined variable $totalDurationAll in D:\XAMPP\htdocs\eimbox-dashboard\eimbox-materio\core\package_checker.php on line 104
[11-Jan-2026 01:55:32 Asia/Dhaka] PHP ERROR [2]: Undefined variable $totalRecordsPage in D:\XAMPP\htdocs\eimbox-dashboard\eimbox-materio\core\package_checker.php on line 105
[11-Jan-2026 01:55:32 Asia/Dhaka] PHP ERROR [2]: Undefined variable $monitorPanel in D:\XAMPP\htdocs\eimbox-dashboard\eimbox-materio\footer.php on line 157
[11-Jan-2026 01:57:42 Asia/Dhaka] PHP ERROR [2]: Undefined variable $totalDurationPage in D:\XAMPP\htdocs\eimbox-dashboard\eimbox-materio\core\package_checker.php on line 103
[11-Jan-2026 01:57:42 Asia/Dhaka] PHP ERROR [2]: Undefined variable $totalDurationAll in D:\XAMPP\htdocs\eimbox-dashboard\eimbox-materio\core\package_checker.php on line 104
[11-Jan-2026 01:57:42 Asia/Dhaka] PHP ERROR [2]: Undefined variable $totalRecordsPage in D:\XAMPP\htdocs\eimbox-dashboard\eimbox-materio\core\package_checker.php on line 105
[11-Jan-2026 01:57:42 Asia/Dhaka] PHP ERROR [2]: Undefined variable $monitorPanel in D:\XAMPP\htdocs\eimbox-dashboard\eimbox-materio\footer.php on line 157
[11-Jan-2026 01:57:54 Asia/Dhaka] PHP ERROR [2]: Undefined variable $totalDurationPage in D:\XAMPP\htdocs\eimbox-dashboard\eimbox-materio\core\package_checker.php on line 103
[11-Jan-2026 01:57:54 Asia/Dhaka] PHP ERROR [2]: Undefined variable $totalDurationAll in D:\XAMPP\htdocs\eimbox-dashboard\eimbox-materio\core\package_checker.php on line 104
[11-Jan-2026 01:57:54 Asia/Dhaka] PHP ERROR [2]: Undefined variable $totalRecordsPage in D:\XAMPP\htdocs\eimbox-dashboard\eimbox-materio\core\package_checker.php on line 105
[11-Jan-2026 01:57:54 Asia/Dhaka] PHP ERROR [2]: Undefined variable $monitorPanel in D:\XAMPP\htdocs\eimbox-dashboard\eimbox-materio\footer.php on line 157
[11-Jan-2026 01:58:30 Asia/Dhaka] PHP ERROR [2]: Undefined variable $totalDurationPage in D:\XAMPP\htdocs\eimbox-dashboard\eimbox-materio\core\package_checker.php on line 103
[11-Jan-2026 01:58:30 Asia/Dhaka] PHP ERROR [2]: Undefined variable $totalDurationAll in D:\XAMPP\htdocs\eimbox-dashboard\eimbox-materio\core\package_checker.php on line 104
[11-Jan-2026 01:58:30 Asia/Dhaka] PHP ERROR [2]: Undefined variable $totalRecordsPage in D:\XAMPP\htdocs\eimbox-dashboard\eimbox-materio\core\package_checker.php on line 105
[11-Jan-2026 01:58:30 Asia/Dhaka] PHP ERROR [2]: Undefined variable $monitorPanel in D:\XAMPP\htdocs\eimbox-dashboard\eimbox-materio\footer.php on line 157
[11-Jan-2026 01:58:42 Asia/Dhaka] PHP ERROR [2]: Undefined variable $totalDurationPage in D:\XAMPP\htdocs\eimbox-dashboard\eimbox-materio\core\package_checker.php on line 103
[11-Jan-2026 01:58:42 Asia/Dhaka] PHP ERROR [2]: Undefined variable $totalDurationAll in D:\XAMPP\htdocs\eimbox-dashboard\eimbox-materio\core\package_checker.php on line 104
[11-Jan-2026 01:58:42 Asia/Dhaka] PHP ERROR [2]: Undefined variable $totalRecordsPage in D:\XAMPP\htdocs\eimbox-dashboard\eimbox-materio\core\package_checker.php on line 105
[11-Jan-2026 01:58:42 Asia/Dhaka] PHP ERROR [2]: Undefined variable $monitorPanel in D:\XAMPP\htdocs\eimbox-dashboard\eimbox-materio\footer.php on line 157
[11-Jan-2026 02:00:22 Asia/Dhaka] PHP ERROR [2]: Undefined variable $totalDurationPage in D:\XAMPP\htdocs\eimbox-dashboard\eimbox-materio\core\package_checker.php on line 103
[11-Jan-2026 02:00:22 Asia/Dhaka] PHP ERROR [2]: Undefined variable $totalDurationAll in D:\XAMPP\htdocs\eimbox-dashboard\eimbox-materio\core\package_checker.php on line 104
[11-Jan-2026 02:00:22 Asia/Dhaka] PHP ERROR [2]: Undefined variable $totalRecordsPage in D:\XAMPP\htdocs\eimbox-dashboard\eimbox-materio\core\package_checker.php on line 105
[11-Jan-2026 02:00:22 Asia/Dhaka] PHP ERROR [2]: Undefined variable $monitorPanel in D:\XAMPP\htdocs\eimbox-dashboard\eimbox-materio\footer.php on line 157
[11-Jan-2026 02:02:04 Asia/Dhaka] PHP ERROR [2]: Undefined variable $totalDurationPage in D:\XAMPP\htdocs\eimbox-dashboard\eimbox-materio\core\package_checker.php on line 103
[11-Jan-2026 02:02:04 Asia/Dhaka] PHP ERROR [2]: Undefined variable $totalDurationAll in D:\XAMPP\htdocs\eimbox-dashboard\eimbox-materio\core\package_checker.php on line 104
[11-Jan-2026 02:02:04 Asia/Dhaka] PHP ERROR [2]: Undefined variable $totalRecordsPage in D:\XAMPP\htdocs\eimbox-dashboard\eimbox-materio\core\package_checker.php on line 105
[11-Jan-2026 02:02:04 Asia/Dhaka] PHP ERROR [2]: Undefined variable $monitorPanel in D:\XAMPP\htdocs\eimbox-dashboard\eimbox-materio\footer.php on line 157
[11-Jan-2026 02:02:14 Asia/Dhaka] PHP ERROR [2]: Undefined variable $totalDurationPage in D:\XAMPP\htdocs\eimbox-dashboard\eimbox-materio\core\package_checker.php on line 103
[11-Jan-2026 02:02:14 Asia/Dhaka] PHP ERROR [2]: Undefined variable $totalDurationAll in D:\XAMPP\htdocs\eimbox-dashboard\eimbox-materio\core\package_checker.php on line 104
[11-Jan-2026 02:02:14 Asia/Dhaka] PHP ERROR [2]: Undefined variable $totalRecordsPage in D:\XAMPP\htdocs\eimbox-dashboard\eimbox-materio\core\package_checker.php on line 105
[11-Jan-2026 02:02:15 Asia/Dhaka] PHP ERROR [2]: Undefined variable $monitorPanel in D:\XAMPP\htdocs\eimbox-dashboard\eimbox-materio\footer.php on line 157
[11-Jan-2026 02:04:03 Asia/Dhaka] PHP ERROR [2]: Undefined variable $totalDurationPage in D:\XAMPP\htdocs\eimbox-dashboard\eimbox-materio\core\package_checker.php on line 103
[11-Jan-2026 02:04:03 Asia/Dhaka] PHP ERROR [2]: Undefined variable $totalDurationAll in D:\XAMPP\htdocs\eimbox-dashboard\eimbox-materio\core\package_checker.php on line 104
[11-Jan-2026 02:04:03 Asia/Dhaka] PHP ERROR [2]: Undefined variable $totalRecordsPage in D:\XAMPP\htdocs\eimbox-dashboard\eimbox-materio\core\package_checker.php on line 105
[11-Jan-2026 02:04:04 Asia/Dhaka] PHP ERROR [2]: Undefined variable $monitorPanel in D:\XAMPP\htdocs\eimbox-dashboard\eimbox-materio\footer.php on line 157
[11-Jan-2026 11:14:21 Asia/Dhaka] PHP ERROR [2]: Undefined variable $totalDurationPage in D:\XAMPP\htdocs\eimbox-dashboard\eimbox-materio\core\package_checker.php on line 69
[11-Jan-2026 11:14:21 Asia/Dhaka] PHP ERROR [2]: Undefined variable $totalDurationAll in D:\XAMPP\htdocs\eimbox-dashboard\eimbox-materio\core\package_checker.php on line 69
[11-Jan-2026 11:14:21 Asia/Dhaka] PHP ERROR [2]: Undefined variable $totalRecordsPage in D:\XAMPP\htdocs\eimbox-dashboard\eimbox-materio\core\package_checker.php on line 69
[11-Jan-2026 11:14:21 Asia/Dhaka] PHP ERROR [2]: Undefined variable $totalDurationPage in D:\XAMPP\htdocs\eimbox-dashboard\eimbox-materio\core\package_checker.php on line 103
[11-Jan-2026 11:14:21 Asia/Dhaka] PHP ERROR [2]: Undefined variable $totalDurationAll in D:\XAMPP\htdocs\eimbox-dashboard\eimbox-materio\core\package_checker.php on line 104
[11-Jan-2026 11:14:21 Asia/Dhaka] PHP ERROR [2]: Undefined variable $totalRecordsPage in D:\XAMPP\htdocs\eimbox-dashboard\eimbox-materio\core\package_checker.php on line 105
[11-Jan-2026 11:14:23 Asia/Dhaka] PHP ERROR [2]: Undefined variable $totalDurationPage in D:\XAMPP\htdocs\eimbox-dashboard\eimbox-materio\core\package_checker.php on line 69
[11-Jan-2026 11:14:23 Asia/Dhaka] PHP ERROR [2]: Undefined variable $totalDurationAll in D:\XAMPP\htdocs\eimbox-dashboard\eimbox-materio\core\package_checker.php on line 69
[11-Jan-2026 11:14:23 Asia/Dhaka] PHP ERROR [2]: Undefined variable $totalRecordsPage in D:\XAMPP\htdocs\eimbox-dashboard\eimbox-materio\core\package_checker.php on line 69
[11-Jan-2026 11:14:23 Asia/Dhaka] PHP ERROR [2]: Undefined variable $totalDurationPage in D:\XAMPP\htdocs\eimbox-dashboard\eimbox-materio\core\package_checker.php on line 103
[11-Jan-2026 11:14:23 Asia/Dhaka] PHP ERROR [2]: Undefined variable $totalDurationAll in D:\XAMPP\htdocs\eimbox-dashboard\eimbox-materio\core\package_checker.php on line 104
[11-Jan-2026 11:14:23 Asia/Dhaka] PHP ERROR [2]: Undefined variable $totalRecordsPage in D:\XAMPP\htdocs\eimbox-dashboard\eimbox-materio\core\package_checker.php on line 105
[11-Jan-2026 11:14:24 Asia/Dhaka] PHP ERROR [2]: Undefined variable $monitorPanel in D:\XAMPP\htdocs\eimbox-dashboard\eimbox-materio\footer.php on line 157
[11-Jan-2026 11:14:31 Asia/Dhaka] PHP ERROR [2]: Undefined variable $totalDurationPage in D:\XAMPP\htdocs\eimbox-dashboard\eimbox-materio\core\package_checker.php on line 103
[11-Jan-2026 11:14:31 Asia/Dhaka] PHP ERROR [2]: Undefined variable $totalDurationAll in D:\XAMPP\htdocs\eimbox-dashboard\eimbox-materio\core\package_checker.php on line 104
[11-Jan-2026 11:14:31 Asia/Dhaka] PHP ERROR [2]: Undefined variable $totalRecordsPage in D:\XAMPP\htdocs\eimbox-dashboard\eimbox-materio\core\package_checker.php on line 105
[11-Jan-2026 11:14:37 Asia/Dhaka] PHP ERROR [2]: Undefined variable $monitorPanel in D:\XAMPP\htdocs\eimbox-dashboard\eimbox-materio\footer.php on line 157
[11-Jan-2026 11:15:39 Asia/Dhaka] PHP ERROR [2]: Undefined variable $totalDurationPage in D:\XAMPP\htdocs\eimbox-dashboard\eimbox-materio\core\package_checker.php on line 103
[11-Jan-2026 11:15:39 Asia/Dhaka] PHP ERROR [2]: Undefined variable $totalDurationAll in D:\XAMPP\htdocs\eimbox-dashboard\eimbox-materio\core\package_checker.php on line 104
[11-Jan-2026 11:15:39 Asia/Dhaka] PHP ERROR [2]: Undefined variable $totalRecordsPage in D:\XAMPP\htdocs\eimbox-dashboard\eimbox-materio\core\package_checker.php on line 105
[11-Jan-2026 11:15:39 Asia/Dhaka] PHP ERROR [2]: Undefined variable $monitorPanel in D:\XAMPP\htdocs\eimbox-dashboard\eimbox-materio\footer.php on line 157
[11-Jan-2026 11:16:23 Asia/Dhaka] PHP ERROR [2]: Undefined variable $totalDurationPage in D:\XAMPP\htdocs\eimbox-dashboard\eimbox-materio\core\package_checker.php on line 103
[11-Jan-2026 11:16:23 Asia/Dhaka] PHP ERROR [2]: Undefined variable $totalDurationAll in D:\XAMPP\htdocs\eimbox-dashboard\eimbox-materio\core\package_checker.php on line 104
[11-Jan-2026 11:16:23 Asia/Dhaka] PHP ERROR [2]: Undefined variable $totalRecordsPage in D:\XAMPP\htdocs\eimbox-dashboard\eimbox-materio\core\package_checker.php on line 105
[11-Jan-2026 11:16:24 Asia/Dhaka] PHP ERROR [2]: Undefined variable $monitorPanel in D:\XAMPP\htdocs\eimbox-dashboard\eimbox-materio\footer.php on line 157
[11-Jan-2026 11:18:12 Asia/Dhaka] PHP ERROR [2]: Undefined variable $totalDurationPage in D:\XAMPP\htdocs\eimbox-dashboard\eimbox-materio\core\package_checker.php on line 103
[11-Jan-2026 11:18:12 Asia/Dhaka] PHP ERROR [2]: Undefined variable $totalDurationAll in D:\XAMPP\htdocs\eimbox-dashboard\eimbox-materio\core\package_checker.php on line 104
[11-Jan-2026 11:18:12 Asia/Dhaka] PHP ERROR [2]: Undefined variable $totalRecordsPage in D:\XAMPP\htdocs\eimbox-dashboard\eimbox-materio\core\package_checker.php on line 105
[11-Jan-2026 11:18:12 Asia/Dhaka] PHP ERROR [2]: Undefined variable $totalDurationPage in D:\XAMPP\htdocs\eimbox-dashboard\eimbox-materio\core\package_checker.php on line 103
[11-Jan-2026 11:18:12 Asia/Dhaka] PHP ERROR [2]: Undefined variable $totalDurationAll in D:\XAMPP\htdocs\eimbox-dashboard\eimbox-materio\core\package_checker.php on line 104
[11-Jan-2026 11:18:12 Asia/Dhaka] PHP ERROR [2]: Undefined variable $totalRecordsPage in D:\XAMPP\htdocs\eimbox-dashboard\eimbox-materio\core\package_checker.php on line 105
[11-Jan-2026 11:18:15 Asia/Dhaka] PHP ERROR [2]: Undefined variable $monitorPanel in D:\XAMPP\htdocs\eimbox-dashboard\eimbox-materio\footer.php on line 157
[11-Jan-2026 11:18:15 Asia/Dhaka] PHP ERROR [2]: Undefined variable $totalDurationPage in D:\XAMPP\htdocs\eimbox-dashboard\eimbox-materio\core\package_checker.php on line 103
[11-Jan-2026 11:18:15 Asia/Dhaka] PHP ERROR [2]: Undefined variable $totalDurationAll in D:\XAMPP\htdocs\eimbox-dashboard\eimbox-materio\core\package_checker.php on line 104
[11-Jan-2026 11:18:15 Asia/Dhaka] PHP ERROR [2]: Undefined variable $totalRecordsPage in D:\XAMPP\htdocs\eimbox-dashboard\eimbox-materio\core\package_checker.php on line 105
[11-Jan-2026 11:18:16 Asia/Dhaka] PHP ERROR [2]: Undefined variable $totalDurationPage in D:\XAMPP\htdocs\eimbox-dashboard\eimbox-materio\core\package_checker.php on line 103
[11-Jan-2026 11:18:16 Asia/Dhaka] PHP ERROR [2]: Undefined variable $totalDurationAll in D:\XAMPP\htdocs\eimbox-dashboard\eimbox-materio\core\package_checker.php on line 104
[11-Jan-2026 11:18:16 Asia/Dhaka] PHP ERROR [2]: Undefined variable $totalRecordsPage in D:\XAMPP\htdocs\eimbox-dashboard\eimbox-materio\core\package_checker.php on line 105
[11-Jan-2026 11:27:00 Asia/Dhaka] PHP ERROR [2]: Undefined variable $totalDurationPage in D:\XAMPP\htdocs\eimbox-dashboard\eimbox-materio\core\package_checker.php on line 103
[11-Jan-2026 11:27:00 Asia/Dhaka] PHP ERROR [2]: Undefined variable $totalDurationAll in D:\XAMPP\htdocs\eimbox-dashboard\eimbox-materio\core\package_checker.php on line 104
[11-Jan-2026 11:27:00 Asia/Dhaka] PHP ERROR [2]: Undefined variable $totalRecordsPage in D:\XAMPP\htdocs\eimbox-dashboard\eimbox-materio\core\package_checker.php on line 105
[11-Jan-2026 11:27:01 Asia/Dhaka] PHP ERROR [2]: Undefined variable $monitorPanel in D:\XAMPP\htdocs\eimbox-dashboard\eimbox-materio\footer.php on line 157
[11-Jan-2026 11:29:07 Asia/Dhaka] PHP ERROR [2]: Undefined variable $totalDurationPage in D:\XAMPP\htdocs\eimbox-dashboard\eimbox-materio\core\package_checker.php on line 103
[11-Jan-2026 11:29:07 Asia/Dhaka] PHP ERROR [2]: Undefined variable $totalDurationAll in D:\XAMPP\htdocs\eimbox-dashboard\eimbox-materio\core\package_checker.php on line 104
[11-Jan-2026 11:29:07 Asia/Dhaka] PHP ERROR [2]: Undefined variable $totalRecordsPage in D:\XAMPP\htdocs\eimbox-dashboard\eimbox-materio\core\package_checker.php on line 105
[11-Jan-2026 11:29:08 Asia/Dhaka] PHP ERROR [2]: Undefined variable $monitorPanel in D:\XAMPP\htdocs\eimbox-dashboard\eimbox-materio\footer.php on line 157
[11-Jan-2026 11:29:15 Asia/Dhaka] PHP ERROR [2]: Undefined variable $totalDurationPage in D:\XAMPP\htdocs\eimbox-dashboard\eimbox-materio\core\package_checker.php on line 103
[11-Jan-2026 11:29:15 Asia/Dhaka] PHP ERROR [2]: Undefined variable $totalDurationAll in D:\XAMPP\htdocs\eimbox-dashboard\eimbox-materio\core\package_checker.php on line 104
[11-Jan-2026 11:29:15 Asia/Dhaka] PHP ERROR [2]: Undefined variable $totalRecordsPage in D:\XAMPP\htdocs\eimbox-dashboard\eimbox-materio\core\package_checker.php on line 105
[11-Jan-2026 11:29:16 Asia/Dhaka] PHP ERROR [2]: Undefined variable $monitorPanel in D:\XAMPP\htdocs\eimbox-dashboard\eimbox-materio\footer.php on line 157
[11-Jan-2026 11:29:57 Asia/Dhaka] PHP ERROR [2]: Undefined variable $totalDurationPage in D:\XAMPP\htdocs\eimbox-dashboard\eimbox-materio\core\package_checker.php on line 103
[11-Jan-2026 11:29:57 Asia/Dhaka] PHP ERROR [2]: Undefined variable $totalDurationAll in D:\XAMPP\htdocs\eimbox-dashboard\eimbox-materio\core\package_checker.php on line 104
[11-Jan-2026 11:29:57 Asia/Dhaka] PHP ERROR [2]: Undefined variable $totalRecordsPage in D:\XAMPP\htdocs\eimbox-dashboard\eimbox-materio\core\package_checker.php on line 105
[11-Jan-2026 11:29:58 Asia/Dhaka] PHP ERROR [2]: Undefined variable $monitorPanel in D:\XAMPP\htdocs\eimbox-dashboard\eimbox-materio\footer.php on line 157
[11-Jan-2026 11:30:27 Asia/Dhaka] PHP ERROR [2]: Undefined variable $totalDurationPage in D:\XAMPP\htdocs\eimbox-dashboard\eimbox-materio\core\package_checker.php on line 103
[11-Jan-2026 11:30:27 Asia/Dhaka] PHP ERROR [2]: Undefined variable $totalDurationAll in D:\XAMPP\htdocs\eimbox-dashboard\eimbox-materio\core\package_checker.php on line 104
[11-Jan-2026 11:30:27 Asia/Dhaka] PHP ERROR [2]: Undefined variable $totalRecordsPage in D:\XAMPP\htdocs\eimbox-dashboard\eimbox-materio\core\package_checker.php on line 105
[11-Jan-2026 11:30:28 Asia/Dhaka] PHP ERROR [2]: Undefined variable $monitorPanel in D:\XAMPP\htdocs\eimbox-dashboard\eimbox-materio\footer.php on line 157
[11-Jan-2026 11:31:35 Asia/Dhaka] PHP ERROR [2]: Undefined variable $totalDurationPage in D:\XAMPP\htdocs\eimbox-dashboard\eimbox-materio\core\package_checker.php on line 69
[11-Jan-2026 11:31:35 Asia/Dhaka] PHP ERROR [2]: Undefined variable $totalDurationAll in D:\XAMPP\htdocs\eimbox-dashboard\eimbox-materio\core\package_checker.php on line 69
[11-Jan-2026 11:31:35 Asia/Dhaka] PHP ERROR [2]: Undefined variable $totalRecordsPage in D:\XAMPP\htdocs\eimbox-dashboard\eimbox-materio\core\package_checker.php on line 69
[11-Jan-2026 11:31:35 Asia/Dhaka] PHP ERROR [2]: Undefined variable $totalDurationPage in D:\XAMPP\htdocs\eimbox-dashboard\eimbox-materio\core\package_checker.php on line 103
[11-Jan-2026 11:31:35 Asia/Dhaka] PHP ERROR [2]: Undefined variable $totalDurationAll in D:\XAMPP\htdocs\eimbox-dashboard\eimbox-materio\core\package_checker.php on line 104
[11-Jan-2026 11:31:35 Asia/Dhaka] PHP ERROR [2]: Undefined variable $totalRecordsPage in D:\XAMPP\htdocs\eimbox-dashboard\eimbox-materio\core\package_checker.php on line 105
[11-Jan-2026 11:31:35 Asia/Dhaka] PHP ERROR [2]: Undefined variable $monitorPanel in D:\XAMPP\htdocs\eimbox-dashboard\eimbox-materio\footer.php on line 157
[11-Jan-2026 11:32:04 Asia/Dhaka] PHP ERROR [2]: Undefined variable $totalDurationPage in D:\XAMPP\htdocs\eimbox-dashboard\eimbox-materio\core\package_checker.php on line 69
[11-Jan-2026 11:32:04 Asia/Dhaka] PHP ERROR [2]: Undefined variable $totalDurationAll in D:\XAMPP\htdocs\eimbox-dashboard\eimbox-materio\core\package_checker.php on line 69
[11-Jan-2026 11:32:04 Asia/Dhaka] PHP ERROR [2]: Undefined variable $totalRecordsPage in D:\XAMPP\htdocs\eimbox-dashboard\eimbox-materio\core\package_checker.php on line 69
[11-Jan-2026 11:32:04 Asia/Dhaka] PHP ERROR [2]: Undefined variable $totalDurationPage in D:\XAMPP\htdocs\eimbox-dashboard\eimbox-materio\core\package_checker.php on line 103
[11-Jan-2026 11:32:04 Asia/Dhaka] PHP ERROR [2]: Undefined variable $totalDurationAll in D:\XAMPP\htdocs\eimbox-dashboard\eimbox-materio\core\package_checker.php on line 104
[11-Jan-2026 11:32:04 Asia/Dhaka] PHP ERROR [2]: Undefined variable $totalRecordsPage in D:\XAMPP\htdocs\eimbox-dashboard\eimbox-materio\core\package_checker.php on line 105
[11-Jan-2026 11:32:05 Asia/Dhaka] PHP ERROR [2]: Undefined variable $monitorPanel in D:\XAMPP\htdocs\eimbox-dashboard\eimbox-materio\footer.php on line 157
[11-Jan-2026 11:33:22 Asia/Dhaka] PHP ERROR [2]: Undefined variable $totalDurationPage in D:\XAMPP\htdocs\eimbox-dashboard\eimbox-materio\core\package_checker.php on line 103
[11-Jan-2026 11:33:22 Asia/Dhaka] PHP ERROR [2]: Undefined variable $totalDurationAll in D:\XAMPP\htdocs\eimbox-dashboard\eimbox-materio\core\package_checker.php on line 104
[11-Jan-2026 11:33:22 Asia/Dhaka] PHP ERROR [2]: Undefined variable $totalRecordsPage in D:\XAMPP\htdocs\eimbox-dashboard\eimbox-materio\core\package_checker.php on line 105
[11-Jan-2026 11:33:22 Asia/Dhaka] PHP ERROR [8192]: htmlspecialchars(): Passing null to parameter #1 ($string) of type string is deprecated in D:\XAMPP\htdocs\eimbox-dashboard\eimbox-materio\header.php on line 268
[11-Jan-2026 11:33:22 Asia/Dhaka] PHP ERROR [8192]: htmlspecialchars(): Passing null to parameter #1 ($string) of type string is deprecated in D:\XAMPP\htdocs\eimbox-dashboard\eimbox-materio\header.php on line 269
[11-Jan-2026 11:33:22 Asia/Dhaka] PHP ERROR [8192]: htmlspecialchars(): Passing null to parameter #1 ($string) of type string is deprecated in D:\XAMPP\htdocs\eimbox-dashboard\eimbox-materio\header.php on line 268
[11-Jan-2026 11:33:22 Asia/Dhaka] PHP ERROR [2]: Undefined variable $selected in D:\XAMPP\htdocs\eimbox-dashboard\eimbox-materio\module-structure.php on line 163
[11-Jan-2026 11:33:23 Asia/Dhaka] PHP ERROR [2]: Undefined variable $monitorPanel in D:\XAMPP\htdocs\eimbox-dashboard\eimbox-materio\footer.php on line 157
[11-Jan-2026 11:33:57 Asia/Dhaka] PHP ERROR [2]: Undefined variable $totalDurationPage in D:\XAMPP\htdocs\eimbox-dashboard\eimbox-materio\core\package_checker.php on line 103
[11-Jan-2026 11:33:57 Asia/Dhaka] PHP ERROR [2]: Undefined variable $totalDurationAll in D:\XAMPP\htdocs\eimbox-dashboard\eimbox-materio\core\package_checker.php on line 104
[11-Jan-2026 11:33:57 Asia/Dhaka] PHP ERROR [2]: Undefined variable $totalRecordsPage in D:\XAMPP\htdocs\eimbox-dashboard\eimbox-materio\core\package_checker.php on line 105
[11-Jan-2026 11:34:00 Asia/Dhaka] PHP ERROR [2]: Undefined variable $monitorPanel in D:\XAMPP\htdocs\eimbox-dashboard\eimbox-materio\footer.php on line 157
[11-Jan-2026 11:34:28 Asia/Dhaka] PHP ERROR [2]: Undefined variable $totalDurationPage in D:\XAMPP\htdocs\eimbox-dashboard\eimbox-materio\core\package_checker.php on line 103
[11-Jan-2026 11:34:28 Asia/Dhaka] PHP ERROR [2]: Undefined variable $totalDurationAll in D:\XAMPP\htdocs\eimbox-dashboard\eimbox-materio\core\package_checker.php on line 104
[11-Jan-2026 11:34:28 Asia/Dhaka] PHP ERROR [2]: Undefined variable $totalRecordsPage in D:\XAMPP\htdocs\eimbox-dashboard\eimbox-materio\core\package_checker.php on line 105
[11-Jan-2026 11:34:28 Asia/Dhaka] PHP ERROR [8192]: htmlspecialchars(): Passing null to parameter #1 ($string) of type string is deprecated in D:\XAMPP\htdocs\eimbox-dashboard\eimbox-materio\header.php on line 268
[11-Jan-2026 11:34:28 Asia/Dhaka] PHP ERROR [8192]: htmlspecialchars(): Passing null to parameter #1 ($string) of type string is deprecated in D:\XAMPP\htdocs\eimbox-dashboard\eimbox-materio\header.php on line 269
[11-Jan-2026 11:34:28 Asia/Dhaka] PHP ERROR [8192]: htmlspecialchars(): Passing null to parameter #1 ($string) of type string is deprecated in D:\XAMPP\htdocs\eimbox-dashboard\eimbox-materio\header.php on line 268
[11-Jan-2026 11:34:28 Asia/Dhaka] PHP ERROR [2]: Undefined variable $monitorPanel in D:\XAMPP\htdocs\eimbox-dashboard\eimbox-materio\footer.php on line 157
[11-Jan-2026 11:42:05 Asia/Dhaka] PHP ERROR [2]: Undefined variable $totalDurationPage in D:\XAMPP\htdocs\eimbox-dashboard\eimbox-materio\core\package_checker.php on line 103
[11-Jan-2026 11:42:05 Asia/Dhaka] PHP ERROR [2]: Undefined variable $totalDurationAll in D:\XAMPP\htdocs\eimbox-dashboard\eimbox-materio\core\package_checker.php on line 104
[11-Jan-2026 11:42:05 Asia/Dhaka] PHP ERROR [2]: Undefined variable $totalRecordsPage in D:\XAMPP\htdocs\eimbox-dashboard\eimbox-materio\core\package_checker.php on line 105
[11-Jan-2026 11:42:05 Asia/Dhaka] PHP ERROR [8192]: htmlspecialchars(): Passing null to parameter #1 ($string) of type string is deprecated in D:\XAMPP\htdocs\eimbox-dashboard\eimbox-materio\header.php on line 268
[11-Jan-2026 11:42:05 Asia/Dhaka] PHP ERROR [8192]: htmlspecialchars(): Passing null to parameter #1 ($string) of type string is deprecated in D:\XAMPP\htdocs\eimbox-dashboard\eimbox-materio\header.php on line 269
[11-Jan-2026 11:42:05 Asia/Dhaka] PHP ERROR [8192]: htmlspecialchars(): Passing null to parameter #1 ($string) of type string is deprecated in D:\XAMPP\htdocs\eimbox-dashboard\eimbox-materio\header.php on line 268
[11-Jan-2026 11:42:05 Asia/Dhaka] PHP ERROR [2]: Undefined variable $selected in D:\XAMPP\htdocs\eimbox-dashboard\eimbox-materio\module-structure.php on line 163
[11-Jan-2026 11:42:06 Asia/Dhaka] PHP ERROR [2]: Undefined variable $monitorPanel in D:\XAMPP\htdocs\eimbox-dashboard\eimbox-materio\footer.php on line 157
[11-Jan-2026 11:43:18 Asia/Dhaka] PHP ERROR [2]: Undefined variable $totalDurationPage in D:\XAMPP\htdocs\eimbox-dashboard\eimbox-materio\core\package_checker.php on line 103
[11-Jan-2026 11:43:18 Asia/Dhaka] PHP ERROR [2]: Undefined variable $totalDurationAll in D:\XAMPP\htdocs\eimbox-dashboard\eimbox-materio\core\package_checker.php on line 104
[11-Jan-2026 11:43:18 Asia/Dhaka] PHP ERROR [2]: Undefined variable $totalRecordsPage in D:\XAMPP\htdocs\eimbox-dashboard\eimbox-materio\core\package_checker.php on line 105
[11-Jan-2026 11:43:18 Asia/Dhaka] PHP ERROR [2]: Undefined variable $monitorPanel in D:\XAMPP\htdocs\eimbox-dashboard\eimbox-materio\footer.php on line 157
[11-Jan-2026 14:50:32 Asia/Dhaka] PHP ERROR [2]: Undefined variable $totalDurationPage in D:\XAMPP\htdocs\eimbox-dashboard\eimbox-materio\core\package_checker.php on line 103
[11-Jan-2026 14:50:32 Asia/Dhaka] PHP ERROR [2]: Undefined variable $totalDurationAll in D:\XAMPP\htdocs\eimbox-dashboard\eimbox-materio\core\package_checker.php on line 104
[11-Jan-2026 14:50:32 Asia/Dhaka] PHP ERROR [2]: Undefined variable $totalRecordsPage in D:\XAMPP\htdocs\eimbox-dashboard\eimbox-materio\core\package_checker.php on line 105
[11-Jan-2026 14:50:32 Asia/Dhaka] PHP ERROR [2]: Undefined array key "csrf_token" in D:\XAMPP\htdocs\eimbox-dashboard\eimbox-materio\error-log.php on line 7
[11-Jan-2026 14:50:32 Asia/Dhaka] PHP ERROR [2]: Undefined variable $monitorPanel in D:\XAMPP\htdocs\eimbox-dashboard\eimbox-materio\footer.php on line 157
[11-Jan-2026 14:50:47 Asia/Dhaka] PHP ERROR [2]: Undefined variable $totalDurationPage in D:\XAMPP\htdocs\eimbox-dashboard\eimbox-materio\core\package_checker.php on line 103
[11-Jan-2026 14:50:47 Asia/Dhaka] PHP ERROR [2]: Undefined variable $totalDurationAll in D:\XAMPP\htdocs\eimbox-dashboard\eimbox-materio\core\package_checker.php on line 104
[11-Jan-2026 14:50:47 Asia/Dhaka] PHP ERROR [2]: Undefined variable $totalRecordsPage in D:\XAMPP\htdocs\eimbox-dashboard\eimbox-materio\core\package_checker.php on line 105
[11-Jan-2026 14:50:47 Asia/Dhaka] PHP ERROR [8192]: htmlspecialchars(): Passing null to parameter #1 ($string) of type string is deprecated in D:\XAMPP\htdocs\eimbox-dashboard\eimbox-materio\header.php on line 268
[11-Jan-2026 14:50:47 Asia/Dhaka] PHP ERROR [8192]: htmlspecialchars(): Passing null to parameter #1 ($string) of type string is deprecated in D:\XAMPP\htdocs\eimbox-dashboard\eimbox-materio\header.php on line 269
[11-Jan-2026 14:50:47 Asia/Dhaka] PHP ERROR [8192]: htmlspecialchars(): Passing null to parameter #1 ($string) of type string is deprecated in D:\XAMPP\htdocs\eimbox-dashboard\eimbox-materio\header.php on line 268
[11-Jan-2026 14:50:47 Asia/Dhaka] PHP ERROR [2]: Undefined variable $monitorPanel in D:\XAMPP\htdocs\eimbox-dashboard\eimbox-materio\footer.php on line 157
[11-Jan-2026 14:50:48 Asia/Dhaka] PHP ERROR [2]: Undefined variable $totalDurationPage in D:\XAMPP\htdocs\eimbox-dashboard\eimbox-materio\core\package_checker.php on line 103
[11-Jan-2026 14:50:48 Asia/Dhaka] PHP ERROR [2]: Undefined variable $totalDurationAll in D:\XAMPP\htdocs\eimbox-dashboard\eimbox-materio\core\package_checker.php on line 104
[11-Jan-2026 14:50:48 Asia/Dhaka] PHP ERROR [2]: Undefined variable $totalRecordsPage in D:\XAMPP\htdocs\eimbox-dashboard\eimbox-materio\core\package_checker.php on line 105
[11-Jan-2026 14:50:48 Asia/Dhaka] PHP ERROR [8192]: htmlspecialchars(): Passing null to parameter #1 ($string) of type string is deprecated in D:\XAMPP\htdocs\eimbox-dashboard\eimbox-materio\header.php on line 268
[11-Jan-2026 14:50:48 Asia/Dhaka] PHP ERROR [8192]: htmlspecialchars(): Passing null to parameter #1 ($string) of type string is deprecated in D:\XAMPP\htdocs\eimbox-dashboard\eimbox-materio\header.php on line 269
[11-Jan-2026 14:50:48 Asia/Dhaka] PHP ERROR [8192]: htmlspecialchars(): Passing null to parameter #1 ($string) of type string is deprecated in D:\XAMPP\htdocs\eimbox-dashboard\eimbox-materio\header.php on line 268
[11-Jan-2026 14:50:48 Asia/Dhaka] PHP ERROR [2]: Undefined variable $selected in D:\XAMPP\htdocs\eimbox-dashboard\eimbox-materio\module-structure.php on line 163
[11-Jan-2026 14:50:48 Asia/Dhaka] PHP ERROR [2]: Undefined variable $monitorPanel in D:\XAMPP\htdocs\eimbox-dashboard\eimbox-materio\footer.php on line 157
[11-Jan-2026 14:50:51 Asia/Dhaka] PHP ERROR [2]: Undefined variable $totalDurationPage in D:\XAMPP\htdocs\eimbox-dashboard\eimbox-materio\core\package_checker.php on line 103
[11-Jan-2026 14:50:51 Asia/Dhaka] PHP ERROR [2]: Undefined variable $totalDurationAll in D:\XAMPP\htdocs\eimbox-dashboard\eimbox-materio\core\package_checker.php on line 104
[11-Jan-2026 14:50:51 Asia/Dhaka] PHP ERROR [2]: Undefined variable $totalRecordsPage in D:\XAMPP\htdocs\eimbox-dashboard\eimbox-materio\core\package_checker.php on line 105
[11-Jan-2026 14:50:51 Asia/Dhaka] PHP ERROR [8192]: htmlspecialchars(): Passing null to parameter #1 ($string) of type string is deprecated in D:\XAMPP\htdocs\eimbox-dashboard\eimbox-materio\header.php on line 268
[11-Jan-2026 14:50:51 Asia/Dhaka] PHP ERROR [8192]: htmlspecialchars(): Passing null to parameter #1 ($string) of type string is deprecated in D:\XAMPP\htdocs\eimbox-dashboard\eimbox-materio\header.php on line 269
[11-Jan-2026 14:50:51 Asia/Dhaka] PHP ERROR [8192]: htmlspecialchars(): Passing null to parameter #1 ($string) of type string is deprecated in D:\XAMPP\htdocs\eimbox-dashboard\eimbox-materio\header.php on line 268
[11-Jan-2026 14:50:51 Asia/Dhaka] PHP ERROR [2]: Undefined variable $monitorPanel in D:\XAMPP\htdocs\eimbox-dashboard\eimbox-materio\footer.php on line 157
[11-Jan-2026 14:52:00 Asia/Dhaka] PHP ERROR [2]: Undefined variable $totalDurationPage in D:\XAMPP\htdocs\eimbox-dashboard\eimbox-materio\core\package_checker.php on line 103
[11-Jan-2026 14:52:00 Asia/Dhaka] PHP ERROR [2]: Undefined variable $totalDurationAll in D:\XAMPP\htdocs\eimbox-dashboard\eimbox-materio\core\package_checker.php on line 104
[11-Jan-2026 14:52:00 Asia/Dhaka] PHP ERROR [2]: Undefined variable $totalRecordsPage in D:\XAMPP\htdocs\eimbox-dashboard\eimbox-materio\core\package_checker.php on line 105
[11-Jan-2026 14:52:00 Asia/Dhaka] PHP ERROR [2]: Undefined variable $monitorPanel in D:\XAMPP\htdocs\eimbox-dashboard\eimbox-materio\footer.php on line 157
[11-Jan-2026 14:52:36 Asia/Dhaka] PHP ERROR [2]: Undefined variable $totalDurationPage in D:\XAMPP\htdocs\eimbox-dashboard\eimbox-materio\core\package_checker.php on line 103
[11-Jan-2026 14:52:36 Asia/Dhaka] PHP ERROR [2]: Undefined variable $totalDurationAll in D:\XAMPP\htdocs\eimbox-dashboard\eimbox-materio\core\package_checker.php on line 104
[11-Jan-2026 14:52:36 Asia/Dhaka] PHP ERROR [2]: Undefined variable $totalRecordsPage in D:\XAMPP\htdocs\eimbox-dashboard\eimbox-materio\core\package_checker.php on line 105
[11-Jan-2026 14:52:36 Asia/Dhaka] PHP ERROR [2]: Undefined variable $monitorPanel in D:\XAMPP\htdocs\eimbox-dashboard\eimbox-materio\footer.php on line 157
[11-Jan-2026 14:53:34 Asia/Dhaka] PHP ERROR [2]: Undefined variable $totalDurationPage in D:\XAMPP\htdocs\eimbox-dashboard\eimbox-materio\core\package_checker.php on line 103
[11-Jan-2026 14:53:34 Asia/Dhaka] PHP ERROR [2]: Undefined variable $totalDurationAll in D:\XAMPP\htdocs\eimbox-dashboard\eimbox-materio\core\package_checker.php on line 104
[11-Jan-2026 14:53:34 Asia/Dhaka] PHP ERROR [2]: Undefined variable $totalRecordsPage in D:\XAMPP\htdocs\eimbox-dashboard\eimbox-materio\core\package_checker.php on line 105
[11-Jan-2026 14:53:37 Asia/Dhaka] PHP ERROR [2]: Undefined variable $monitorPanel in D:\XAMPP\htdocs\eimbox-dashboard\eimbox-materio\footer.php on line 157
[11-Jan-2026 14:55:37 Asia/Dhaka] PHP ERROR [2]: Undefined variable $totalDurationPage in D:\XAMPP\htdocs\eimbox-dashboard\eimbox-materio\core\package_checker.php on line 103
[11-Jan-2026 14:55:37 Asia/Dhaka] PHP ERROR [2]: Undefined variable $totalDurationAll in D:\XAMPP\htdocs\eimbox-dashboard\eimbox-materio\core\package_checker.php on line 104
[11-Jan-2026 14:55:37 Asia/Dhaka] PHP ERROR [2]: Undefined variable $totalRecordsPage in D:\XAMPP\htdocs\eimbox-dashboard\eimbox-materio\core\package_checker.php on line 105
[11-Jan-2026 14:55:38 Asia/Dhaka] PHP ERROR [2]: Undefined variable $monitorPanel in D:\XAMPP\htdocs\eimbox-dashboard\eimbox-materio\footer.php on line 157
[11-Jan-2026 18:16:34 Asia/Dhaka] PHP ERROR [2]: Undefined variable $totalDurationPage in D:\XAMPP\htdocs\eimbox-dashboard\eimbox-materio\core\package_checker.php on line 103
[11-Jan-2026 18:16:34 Asia/Dhaka] PHP ERROR [2]: Undefined variable $totalDurationAll in D:\XAMPP\htdocs\eimbox-dashboard\eimbox-materio\core\package_checker.php on line 104
[11-Jan-2026 18:16:34 Asia/Dhaka] PHP ERROR [2]: Undefined variable $totalRecordsPage in D:\XAMPP\htdocs\eimbox-dashboard\eimbox-materio\core\package_checker.php on line 105
[11-Jan-2026 18:16:35 Asia/Dhaka] PHP ERROR [2]: Undefined variable $monitorPanel in D:\XAMPP\htdocs\eimbox-dashboard\eimbox-materio\footer.php on line 157
[11-Jan-2026 18:16:55 Asia/Dhaka] PHP ERROR [2]: Undefined variable $totalDurationPage in D:\XAMPP\htdocs\eimbox-dashboard\eimbox-materio\core\package_checker.php on line 103
[11-Jan-2026 18:16:55 Asia/Dhaka] PHP ERROR [2]: Undefined variable $totalDurationAll in D:\XAMPP\htdocs\eimbox-dashboard\eimbox-materio\core\package_checker.php on line 104
[11-Jan-2026 18:16:55 Asia/Dhaka] PHP ERROR [2]: Undefined variable $totalRecordsPage in D:\XAMPP\htdocs\eimbox-dashboard\eimbox-materio\core\package_checker.php on line 105
[11-Jan-2026 18:16:55 Asia/Dhaka] PHP ERROR [2]: Undefined variable $monitorPanel in D:\XAMPP\htdocs\eimbox-dashboard\eimbox-materio\footer.php on line 157
[11-Jan-2026 18:21:56 Asia/Dhaka] PHP ERROR [2]: Undefined variable $totalDurationPage in D:\XAMPP\htdocs\eimbox-dashboard\eimbox-materio\core\package_checker.php on line 103
[11-Jan-2026 18:21:56 Asia/Dhaka] PHP ERROR [2]: Undefined variable $totalDurationAll in D:\XAMPP\htdocs\eimbox-dashboard\eimbox-materio\core\package_checker.php on line 104
[11-Jan-2026 18:21:56 Asia/Dhaka] PHP ERROR [2]: Undefined variable $totalRecordsPage in D:\XAMPP\htdocs\eimbox-dashboard\eimbox-materio\core\package_checker.php on line 105
[11-Jan-2026 18:21:56 Asia/Dhaka] PHP ERROR [2]: Undefined variable $monitorPanel in D:\XAMPP\htdocs\eimbox-dashboard\eimbox-materio\footer.php on line 157
[11-Jan-2026 18:22:16 Asia/Dhaka] PHP ERROR [2]: Undefined variable $totalDurationPage in D:\XAMPP\htdocs\eimbox-dashboard\eimbox-materio\core\package_checker.php on line 103
[11-Jan-2026 18:22:16 Asia/Dhaka] PHP ERROR [2]: Undefined variable $totalDurationAll in D:\XAMPP\htdocs\eimbox-dashboard\eimbox-materio\core\package_checker.php on line 104
[11-Jan-2026 18:22:16 Asia/Dhaka] PHP ERROR [2]: Undefined variable $totalRecordsPage in D:\XAMPP\htdocs\eimbox-dashboard\eimbox-materio\core\package_checker.php on line 105
[11-Jan-2026 18:22:16 Asia/Dhaka] PHP ERROR [2]: Undefined variable $monitorPanel in D:\XAMPP\htdocs\eimbox-dashboard\eimbox-materio\footer.php on line 157
[11-Jan-2026 18:36:00 Asia/Dhaka] PHP ERROR [2]: Undefined variable $totalDurationPage in D:\XAMPP\htdocs\eimbox-dashboard\eimbox-materio\core\package_checker.php on line 103
[11-Jan-2026 18:36:00 Asia/Dhaka] PHP ERROR [2]: Undefined variable $totalDurationAll in D:\XAMPP\htdocs\eimbox-dashboard\eimbox-materio\core\package_checker.php on line 104
[11-Jan-2026 18:36:00 Asia/Dhaka] PHP ERROR [2]: Undefined variable $totalRecordsPage in D:\XAMPP\htdocs\eimbox-dashboard\eimbox-materio\core\package_checker.php on line 105
[11-Jan-2026 18:36:00 Asia/Dhaka] PHP ERROR [2]: Undefined variable $monitorPanel in D:\XAMPP\htdocs\eimbox-dashboard\eimbox-materio\footer.php on line 157
[11-Jan-2026 18:36:04 Asia/Dhaka] PHP ERROR [2]: Undefined variable $totalDurationPage in D:\XAMPP\htdocs\eimbox-dashboard\eimbox-materio\core\package_checker.php on line 103
[11-Jan-2026 18:36:04 Asia/Dhaka] PHP ERROR [2]: Undefined variable $totalDurationAll in D:\XAMPP\htdocs\eimbox-dashboard\eimbox-materio\core\package_checker.php on line 104
[11-Jan-2026 18:36:04 Asia/Dhaka] PHP ERROR [2]: Undefined variable $totalRecordsPage in D:\XAMPP\htdocs\eimbox-dashboard\eimbox-materio\core\package_checker.php on line 105
[11-Jan-2026 18:36:04 Asia/Dhaka] PHP ERROR [2]: Undefined variable $monitorPanel in D:\XAMPP\htdocs\eimbox-dashboard\eimbox-materio\footer.php on line 157
[11-Jan-2026 18:38:01 Asia/Dhaka] PHP ERROR [2]: Undefined variable $totalDurationPage in D:\XAMPP\htdocs\eimbox-dashboard\eimbox-materio\core\package_checker.php on line 103
[11-Jan-2026 18:38:01 Asia/Dhaka] PHP ERROR [2]: Undefined variable $totalDurationAll in D:\XAMPP\htdocs\eimbox-dashboard\eimbox-materio\core\package_checker.php on line 104
[11-Jan-2026 18:38:01 Asia/Dhaka] PHP ERROR [2]: Undefined variable $totalRecordsPage in D:\XAMPP\htdocs\eimbox-dashboard\eimbox-materio\core\package_checker.php on line 105
[11-Jan-2026 18:38:01 Asia/Dhaka] PHP ERROR [2]: Undefined variable $monitorPanel in D:\XAMPP\htdocs\eimbox-dashboard\eimbox-materio\footer.php on line 157
[11-Jan-2026 18:48:43 Asia/Dhaka] PHP ERROR [2]: Undefined variable $totalDurationPage in D:\XAMPP\htdocs\eimbox-dashboard\eimbox-materio\core\package_checker.php on line 103
[11-Jan-2026 18:48:43 Asia/Dhaka] PHP ERROR [2]: Undefined variable $totalDurationAll in D:\XAMPP\htdocs\eimbox-dashboard\eimbox-materio\core\package_checker.php on line 104
[11-Jan-2026 18:48:43 Asia/Dhaka] PHP ERROR [2]: Undefined variable $totalRecordsPage in D:\XAMPP\htdocs\eimbox-dashboard\eimbox-materio\core\package_checker.php on line 105
[11-Jan-2026 18:48:43 Asia/Dhaka] PHP ERROR [2]: Undefined variable $monitorPanel in D:\XAMPP\htdocs\eimbox-dashboard\eimbox-materio\footer.php on line 157
[11-Jan-2026 19:06:38 Asia/Dhaka] PHP ERROR [2]: Undefined variable $totalDurationPage in D:\XAMPP\htdocs\eimbox-dashboard\eimbox-materio\core\package_checker.php on line 103
[11-Jan-2026 19:06:38 Asia/Dhaka] PHP ERROR [2]: Undefined variable $totalDurationAll in D:\XAMPP\htdocs\eimbox-dashboard\eimbox-materio\core\package_checker.php on line 104
[11-Jan-2026 19:06:38 Asia/Dhaka] PHP ERROR [2]: Undefined variable $totalRecordsPage in D:\XAMPP\htdocs\eimbox-dashboard\eimbox-materio\core\package_checker.php on line 105
[11-Jan-2026 19:06:38 Asia/Dhaka] PHP ERROR [2]: Undefined variable $monitorPanel in D:\XAMPP\htdocs\eimbox-dashboard\eimbox-materio\footer.php on line 157
[11-Jan-2026 21:51:44 Asia/Dhaka] PHP ERROR [2]: Undefined variable $totalDurationPage in D:\XAMPP\htdocs\eimbox-dashboard\eimbox-materio\core\package_checker.php on line 103
[11-Jan-2026 21:51:44 Asia/Dhaka] PHP ERROR [2]: Undefined variable $totalDurationAll in D:\XAMPP\htdocs\eimbox-dashboard\eimbox-materio\core\package_checker.php on line 104
[11-Jan-2026 21:51:44 Asia/Dhaka] PHP ERROR [2]: Undefined variable $totalRecordsPage in D:\XAMPP\htdocs\eimbox-dashboard\eimbox-materio\core\package_checker.php on line 105
[11-Jan-2026 21:51:44 Asia/Dhaka] PHP ERROR [8192]: htmlspecialchars(): Passing null to parameter #1 ($string) of type string is deprecated in D:\XAMPP\htdocs\eimbox-dashboard\eimbox-materio\header.php on line 273
[11-Jan-2026 21:51:44 Asia/Dhaka] PHP ERROR [8192]: htmlspecialchars(): Passing null to parameter #1 ($string) of type string is deprecated in D:\XAMPP\htdocs\eimbox-dashboard\eimbox-materio\header.php on line 274
[11-Jan-2026 21:51:44 Asia/Dhaka] PHP ERROR [8192]: htmlspecialchars(): Passing null to parameter #1 ($string) of type string is deprecated in D:\XAMPP\htdocs\eimbox-dashboard\eimbox-materio\header.php on line 273
[11-Jan-2026 21:51:45 Asia/Dhaka] PHP ERROR [2]: Undefined variable $monitorPanel in D:\XAMPP\htdocs\eimbox-dashboard\eimbox-materio\footer.php on line 157
[11-Jan-2026 21:52:08 Asia/Dhaka] PHP ERROR [2]: Undefined variable $totalDurationPage in D:\XAMPP\htdocs\eimbox-dashboard\eimbox-materio\core\package_checker.php on line 69
[11-Jan-2026 21:52:08 Asia/Dhaka] PHP ERROR [2]: Undefined variable $totalDurationAll in D:\XAMPP\htdocs\eimbox-dashboard\eimbox-materio\core\package_checker.php on line 69
[11-Jan-2026 21:52:08 Asia/Dhaka] PHP ERROR [2]: Undefined variable $totalRecordsPage in D:\XAMPP\htdocs\eimbox-dashboard\eimbox-materio\core\package_checker.php on line 69
[11-Jan-2026 21:52:08 Asia/Dhaka] PHP ERROR [2]: Undefined variable $totalDurationPage in D:\XAMPP\htdocs\eimbox-dashboard\eimbox-materio\core\package_checker.php on line 103
[11-Jan-2026 21:52:08 Asia/Dhaka] PHP ERROR [2]: Undefined variable $totalDurationAll in D:\XAMPP\htdocs\eimbox-dashboard\eimbox-materio\core\package_checker.php on line 104
[11-Jan-2026 21:52:08 Asia/Dhaka] PHP ERROR [2]: Undefined variable $totalRecordsPage in D:\XAMPP\htdocs\eimbox-dashboard\eimbox-materio\core\package_checker.php on line 105
[11-Jan-2026 21:52:08 Asia/Dhaka] PHP ERROR [2]: Undefined variable $monitorPanel in D:\XAMPP\htdocs\eimbox-dashboard\eimbox-materio\footer.php on line 157
[11-Jan-2026 21:52:11 Asia/Dhaka] PHP ERROR [2]: Undefined variable $totalDurationPage in D:\XAMPP\htdocs\eimbox-dashboard\eimbox-materio\core\package_checker.php on line 69
[11-Jan-2026 21:52:11 Asia/Dhaka] PHP ERROR [2]: Undefined variable $totalDurationAll in D:\XAMPP\htdocs\eimbox-dashboard\eimbox-materio\core\package_checker.php on line 69
[11-Jan-2026 21:52:11 Asia/Dhaka] PHP ERROR [2]: Undefined variable $totalRecordsPage in D:\XAMPP\htdocs\eimbox-dashboard\eimbox-materio\core\package_checker.php on line 69
[11-Jan-2026 21:52:11 Asia/Dhaka] PHP ERROR [2]: Undefined variable $totalDurationPage in D:\XAMPP\htdocs\eimbox-dashboard\eimbox-materio\core\package_checker.php on line 103
[11-Jan-2026 21:52:11 Asia/Dhaka] PHP ERROR [2]: Undefined variable $totalDurationAll in D:\XAMPP\htdocs\eimbox-dashboard\eimbox-materio\core\package_checker.php on line 104
[11-Jan-2026 21:52:11 Asia/Dhaka] PHP ERROR [2]: Undefined variable $totalRecordsPage in D:\XAMPP\htdocs\eimbox-dashboard\eimbox-materio\core\package_checker.php on line 105
[11-Jan-2026 21:52:11 Asia/Dhaka] PHP ERROR [2]: Undefined variable $monitorPanel in D:\XAMPP\htdocs\eimbox-dashboard\eimbox-materio\footer.php on line 157
[11-Jan-2026 21:52:12 Asia/Dhaka] PHP ERROR [2]: Undefined variable $totalDurationPage in D:\XAMPP\htdocs\eimbox-dashboard\eimbox-materio\core\package_checker.php on line 103
[11-Jan-2026 21:52:12 Asia/Dhaka] PHP ERROR [2]: Undefined variable $totalDurationAll in D:\XAMPP\htdocs\eimbox-dashboard\eimbox-materio\core\package_checker.php on line 104
[11-Jan-2026 21:52:12 Asia/Dhaka] PHP ERROR [2]: Undefined variable $totalRecordsPage in D:\XAMPP\htdocs\eimbox-dashboard\eimbox-materio\core\package_checker.php on line 105
[11-Jan-2026 21:52:13 Asia/Dhaka] PHP ERROR [2]: Undefined variable $monitorPanel in D:\XAMPP\htdocs\eimbox-dashboard\eimbox-materio\footer.php on line 157
[11-Jan-2026 21:52:13 Asia/Dhaka] PHP ERROR [2]: Undefined variable $totalDurationPage in D:\XAMPP\htdocs\eimbox-dashboard\eimbox-materio\core\package_checker.php on line 103
[11-Jan-2026 21:52:13 Asia/Dhaka] PHP ERROR [2]: Undefined variable $totalDurationAll in D:\XAMPP\htdocs\eimbox-dashboard\eimbox-materio\core\package_checker.php on line 104
[11-Jan-2026 21:52:13 Asia/Dhaka] PHP ERROR [2]: Undefined variable $totalRecordsPage in D:\XAMPP\htdocs\eimbox-dashboard\eimbox-materio\core\package_checker.php on line 105
[11-Jan-2026 21:52:13 Asia/Dhaka] PHP ERROR [2]: Undefined variable $monitorPanel in D:\XAMPP\htdocs\eimbox-dashboard\eimbox-materio\footer.php on line 157
[11-Jan-2026 21:52:14 Asia/Dhaka] PHP ERROR [2]: Undefined variable $totalDurationPage in D:\XAMPP\htdocs\eimbox-dashboard\eimbox-materio\core\package_checker.php on line 103
[11-Jan-2026 21:52:14 Asia/Dhaka] PHP ERROR [2]: Undefined variable $totalDurationAll in D:\XAMPP\htdocs\eimbox-dashboard\eimbox-materio\core\package_checker.php on line 104
[11-Jan-2026 21:52:14 Asia/Dhaka] PHP ERROR [2]: Undefined variable $totalRecordsPage in D:\XAMPP\htdocs\eimbox-dashboard\eimbox-materio\core\package_checker.php on line 105
[11-Jan-2026 21:52:14 Asia/Dhaka] PHP ERROR [2]: Undefined variable $monitorPanel in D:\XAMPP\htdocs\eimbox-dashboard\eimbox-materio\footer.php on line 157
[11-Jan-2026 21:52:17 Asia/Dhaka] PHP ERROR [2]: Undefined variable $totalDurationPage in D:\XAMPP\htdocs\eimbox-dashboard\eimbox-materio\core\package_checker.php on line 103
[11-Jan-2026 21:52:17 Asia/Dhaka] PHP ERROR [2]: Undefined variable $totalDurationAll in D:\XAMPP\htdocs\eimbox-dashboard\eimbox-materio\core\package_checker.php on line 104
[11-Jan-2026 21:52:17 Asia/Dhaka] PHP ERROR [2]: Undefined variable $totalRecordsPage in D:\XAMPP\htdocs\eimbox-dashboard\eimbox-materio\core\package_checker.php on line 105
[11-Jan-2026 21:52:18 Asia/Dhaka] PHP ERROR [2]: Undefined variable $monitorPanel in D:\XAMPP\htdocs\eimbox-dashboard\eimbox-materio\footer.php on line 157
[11-Jan-2026 21:52:18 Asia/Dhaka] PHP ERROR [2]: Undefined variable $totalDurationPage in D:\XAMPP\htdocs\eimbox-dashboard\eimbox-materio\core\package_checker.php on line 103
[11-Jan-2026 21:52:18 Asia/Dhaka] PHP ERROR [2]: Undefined variable $totalDurationAll in D:\XAMPP\htdocs\eimbox-dashboard\eimbox-materio\core\package_checker.php on line 104
[11-Jan-2026 21:52:18 Asia/Dhaka] PHP ERROR [2]: Undefined variable $totalRecordsPage in D:\XAMPP\htdocs\eimbox-dashboard\eimbox-materio\core\package_checker.php on line 105
[11-Jan-2026 21:52:18 Asia/Dhaka] PHP ERROR [2]: Undefined variable $monitorPanel in D:\XAMPP\htdocs\eimbox-dashboard\eimbox-materio\footer.php on line 157
[11-Jan-2026 21:52:19 Asia/Dhaka] PHP ERROR [2]: Undefined variable $totalDurationPage in D:\XAMPP\htdocs\eimbox-dashboard\eimbox-materio\core\package_checker.php on line 69
[11-Jan-2026 21:52:19 Asia/Dhaka] PHP ERROR [2]: Undefined variable $totalDurationAll in D:\XAMPP\htdocs\eimbox-dashboard\eimbox-materio\core\package_checker.php on line 69
[11-Jan-2026 21:52:19 Asia/Dhaka] PHP ERROR [2]: Undefined variable $totalRecordsPage in D:\XAMPP\htdocs\eimbox-dashboard\eimbox-materio\core\package_checker.php on line 69
[11-Jan-2026 21:52:19 Asia/Dhaka] PHP ERROR [2]: Undefined variable $totalDurationPage in D:\XAMPP\htdocs\eimbox-dashboard\eimbox-materio\core\package_checker.php on line 103
[11-Jan-2026 21:52:19 Asia/Dhaka] PHP ERROR [2]: Undefined variable $totalDurationAll in D:\XAMPP\htdocs\eimbox-dashboard\eimbox-materio\core\package_checker.php on line 104
[11-Jan-2026 21:52:19 Asia/Dhaka] PHP ERROR [2]: Undefined variable $totalRecordsPage in D:\XAMPP\htdocs\eimbox-dashboard\eimbox-materio\core\package_checker.php on line 105
[11-Jan-2026 21:52:19 Asia/Dhaka] PHP ERROR [2]: Undefined variable $monitorPanel in D:\XAMPP\htdocs\eimbox-dashboard\eimbox-materio\footer.php on line 157
[11-Jan-2026 21:52:24 Asia/Dhaka] PHP ERROR [2]: Undefined variable $totalDurationPage in D:\XAMPP\htdocs\eimbox-dashboard\eimbox-materio\core\package_checker.php on line 103
[11-Jan-2026 21:52:24 Asia/Dhaka] PHP ERROR [2]: Undefined variable $totalDurationAll in D:\XAMPP\htdocs\eimbox-dashboard\eimbox-materio\core\package_checker.php on line 104
[11-Jan-2026 21:52:24 Asia/Dhaka] PHP ERROR [2]: Undefined variable $totalRecordsPage in D:\XAMPP\htdocs\eimbox-dashboard\eimbox-materio\core\package_checker.php on line 105
[11-Jan-2026 21:52:24 Asia/Dhaka] PHP ERROR [2]: Undefined variable $monitorPanel in D:\XAMPP\htdocs\eimbox-dashboard\eimbox-materio\footer.php on line 157
[11-Jan-2026 22:09:37 Asia/Dhaka] PHP ERROR [2]: Undefined variable $totalDurationPage in D:\XAMPP\htdocs\eimbox-dashboard\eimbox-materio\core\package_checker.php on line 103
[11-Jan-2026 22:09:37 Asia/Dhaka] PHP ERROR [2]: Undefined variable $totalDurationAll in D:\XAMPP\htdocs\eimbox-dashboard\eimbox-materio\core\package_checker.php on line 104
[11-Jan-2026 22:09:37 Asia/Dhaka] PHP ERROR [2]: Undefined variable $totalRecordsPage in D:\XAMPP\htdocs\eimbox-dashboard\eimbox-materio\core\package_checker.php on line 105
[11-Jan-2026 22:09:37 Asia/Dhaka] PHP ERROR [2]: Undefined variable $monitorPanel in D:\XAMPP\htdocs\eimbox-dashboard\eimbox-materio\footer.php on line 157
[11-Jan-2026 22:09:48 Asia/Dhaka] PHP ERROR [2]: Undefined variable $totalDurationPage in D:\XAMPP\htdocs\eimbox-dashboard\eimbox-materio\core\package_checker.php on line 103
[11-Jan-2026 22:09:48 Asia/Dhaka] PHP ERROR [2]: Undefined variable $totalDurationAll in D:\XAMPP\htdocs\eimbox-dashboard\eimbox-materio\core\package_checker.php on line 104
[11-Jan-2026 22:09:48 Asia/Dhaka] PHP ERROR [2]: Undefined variable $totalRecordsPage in D:\XAMPP\htdocs\eimbox-dashboard\eimbox-materio\core\package_checker.php on line 105
[11-Jan-2026 22:09:48 Asia/Dhaka] PHP ERROR [2]: Undefined variable $monitorPanel in D:\XAMPP\htdocs\eimbox-dashboard\eimbox-materio\footer.php on line 157
[11-Jan-2026 22:12:07 Asia/Dhaka] PHP ERROR [2]: Undefined variable $totalDurationPage in D:\XAMPP\htdocs\eimbox-dashboard\eimbox-materio\core\package_checker.php on line 103
[11-Jan-2026 22:12:07 Asia/Dhaka] PHP ERROR [2]: Undefined variable $totalDurationAll in D:\XAMPP\htdocs\eimbox-dashboard\eimbox-materio\core\package_checker.php on line 104
[11-Jan-2026 22:12:07 Asia/Dhaka] PHP ERROR [2]: Undefined variable $totalRecordsPage in D:\XAMPP\htdocs\eimbox-dashboard\eimbox-materio\core\package_checker.php on line 105
[11-Jan-2026 22:12:07 Asia/Dhaka] PHP ERROR [2]: Undefined variable $monitorPanel in D:\XAMPP\htdocs\eimbox-dashboard\eimbox-materio\footer.php on line 157
[11-Jan-2026 22:18:27 Asia/Dhaka] PHP ERROR [2]: Undefined variable $totalDurationPage in D:\XAMPP\htdocs\eimbox-dashboard\eimbox-materio\core\package_checker.php on line 103
[11-Jan-2026 22:18:27 Asia/Dhaka] PHP ERROR [2]: Undefined variable $totalDurationAll in D:\XAMPP\htdocs\eimbox-dashboard\eimbox-materio\core\package_checker.php on line 104
[11-Jan-2026 22:18:27 Asia/Dhaka] PHP ERROR [2]: Undefined variable $totalRecordsPage in D:\XAMPP\htdocs\eimbox-dashboard\eimbox-materio\core\package_checker.php on line 105
[11-Jan-2026 22:18:27 Asia/Dhaka] PHP ERROR [2]: Undefined variable $monitorPanel in D:\XAMPP\htdocs\eimbox-dashboard\eimbox-materio\footer.php on line 157
[11-Jan-2026 22:18:32 Asia/Dhaka] PHP ERROR [2]: Undefined variable $totalDurationPage in D:\XAMPP\htdocs\eimbox-dashboard\eimbox-materio\core\package_checker.php on line 103
[11-Jan-2026 22:18:32 Asia/Dhaka] PHP ERROR [2]: Undefined variable $totalDurationAll in D:\XAMPP\htdocs\eimbox-dashboard\eimbox-materio\core\package_checker.php on line 104
[11-Jan-2026 22:18:32 Asia/Dhaka] PHP ERROR [2]: Undefined variable $totalRecordsPage in D:\XAMPP\htdocs\eimbox-dashboard\eimbox-materio\core\package_checker.php on line 105
[11-Jan-2026 22:18:33 Asia/Dhaka] PHP ERROR [2]: Undefined variable $monitorPanel in D:\XAMPP\htdocs\eimbox-dashboard\eimbox-materio\footer.php on line 157
[11-Jan-2026 22:19:19 Asia/Dhaka] PHP ERROR [2]: Undefined variable $totalDurationPage in D:\XAMPP\htdocs\eimbox-dashboard\eimbox-materio\core\package_checker.php on line 103
[11-Jan-2026 22:19:19 Asia/Dhaka] PHP ERROR [2]: Undefined variable $totalDurationAll in D:\XAMPP\htdocs\eimbox-dashboard\eimbox-materio\core\package_checker.php on line 104
[11-Jan-2026 22:19:19 Asia/Dhaka] PHP ERROR [2]: Undefined variable $totalRecordsPage in D:\XAMPP\htdocs\eimbox-dashboard\eimbox-materio\core\package_checker.php on line 105
[11-Jan-2026 22:19:19 Asia/Dhaka] PHP ERROR [2]: Undefined variable $monitorPanel in D:\XAMPP\htdocs\eimbox-dashboard\eimbox-materio\footer.php on line 157
[11-Jan-2026 22:25:50 Asia/Dhaka] PHP ERROR [2]: Undefined variable $totalDurationPage in D:\XAMPP\htdocs\eimbox-dashboard\eimbox-materio\core\package_checker.php on line 103
[11-Jan-2026 22:25:50 Asia/Dhaka] PHP ERROR [2]: Undefined variable $totalDurationAll in D:\XAMPP\htdocs\eimbox-dashboard\eimbox-materio\core\package_checker.php on line 104
[11-Jan-2026 22:25:50 Asia/Dhaka] PHP ERROR [2]: Undefined variable $totalRecordsPage in D:\XAMPP\htdocs\eimbox-dashboard\eimbox-materio\core\package_checker.php on line 105
[11-Jan-2026 22:25:50 Asia/Dhaka] PHP ERROR [2]: Undefined variable $monitorPanel in D:\XAMPP\htdocs\eimbox-dashboard\eimbox-materio\footer.php on line 157
[11-Jan-2026 22:27:29 Asia/Dhaka] PHP ERROR [2]: Undefined variable $totalDurationPage in D:\XAMPP\htdocs\eimbox-dashboard\eimbox-materio\core\package_checker.php on line 103
[11-Jan-2026 22:27:29 Asia/Dhaka] PHP ERROR [2]: Undefined variable $totalDurationAll in D:\XAMPP\htdocs\eimbox-dashboard\eimbox-materio\core\package_checker.php on line 104
[11-Jan-2026 22:27:29 Asia/Dhaka] PHP ERROR [2]: Undefined variable $totalRecordsPage in D:\XAMPP\htdocs\eimbox-dashboard\eimbox-materio\core\package_checker.php on line 105
[11-Jan-2026 22:27:29 Asia/Dhaka] PHP ERROR [2]: Undefined variable $monitorPanel in D:\XAMPP\htdocs\eimbox-dashboard\eimbox-materio\footer.php on line 157
[11-Jan-2026 22:43:09 Asia/Dhaka] PHP ERROR [2]: Undefined variable $totalDurationPage in D:\XAMPP\htdocs\eimbox-dashboard\eimbox-materio\core\package_checker.php on line 103
[11-Jan-2026 22:43:09 Asia/Dhaka] PHP ERROR [2]: Undefined variable $totalDurationAll in D:\XAMPP\htdocs\eimbox-dashboard\eimbox-materio\core\package_checker.php on line 104
[11-Jan-2026 22:43:09 Asia/Dhaka] PHP ERROR [2]: Undefined variable $totalRecordsPage in D:\XAMPP\htdocs\eimbox-dashboard\eimbox-materio\core\package_checker.php on line 105
[11-Jan-2026 22:43:09 Asia/Dhaka] PHP ERROR [2]: Undefined variable $monitorPanel in D:\XAMPP\htdocs\eimbox-dashboard\eimbox-materio\footer.php on line 157
[11-Jan-2026 22:48:17 Asia/Dhaka] PHP ERROR [2]: Undefined variable $totalDurationPage in D:\XAMPP\htdocs\eimbox-dashboard\eimbox-materio\core\package_checker.php on line 103
[11-Jan-2026 22:48:17 Asia/Dhaka] PHP ERROR [2]: Undefined variable $totalDurationAll in D:\XAMPP\htdocs\eimbox-dashboard\eimbox-materio\core\package_checker.php on line 104
[11-Jan-2026 22:48:17 Asia/Dhaka] PHP ERROR [2]: Undefined variable $totalRecordsPage in D:\XAMPP\htdocs\eimbox-dashboard\eimbox-materio\core\package_checker.php on line 105
[11-Jan-2026 22:48:17 Asia/Dhaka] PHP ERROR [2]: Undefined variable $monitorPanel in D:\XAMPP\htdocs\eimbox-dashboard\eimbox-materio\footer.php on line 157
[11-Jan-2026 22:48:26 Asia/Dhaka] PHP ERROR [2]: Undefined variable $totalDurationPage in D:\XAMPP\htdocs\eimbox-dashboard\eimbox-materio\core\package_checker.php on line 103
[11-Jan-2026 22:48:26 Asia/Dhaka] PHP ERROR [2]: Undefined variable $totalDurationAll in D:\XAMPP\htdocs\eimbox-dashboard\eimbox-materio\core\package_checker.php on line 104
[11-Jan-2026 22:48:26 Asia/Dhaka] PHP ERROR [2]: Undefined variable $totalRecordsPage in D:\XAMPP\htdocs\eimbox-dashboard\eimbox-materio\core\package_checker.php on line 105
[11-Jan-2026 22:48:26 Asia/Dhaka] PHP ERROR [2]: Undefined variable $monitorPanel in D:\XAMPP\htdocs\eimbox-dashboard\eimbox-materio\footer.php on line 157
[11-Jan-2026 22:53:26 Asia/Dhaka] PHP ERROR [2]: Undefined variable $totalDurationPage in D:\XAMPP\htdocs\eimbox-dashboard\eimbox-materio\core\package_checker.php on line 103
[11-Jan-2026 22:53:26 Asia/Dhaka] PHP ERROR [2]: Undefined variable $totalDurationAll in D:\XAMPP\htdocs\eimbox-dashboard\eimbox-materio\core\package_checker.php on line 104
[11-Jan-2026 22:53:26 Asia/Dhaka] PHP ERROR [2]: Undefined variable $totalRecordsPage in D:\XAMPP\htdocs\eimbox-dashboard\eimbox-materio\core\package_checker.php on line 105
[11-Jan-2026 22:53:26 Asia/Dhaka] PHP ERROR [2]: Undefined variable $monitorPanel in D:\XAMPP\htdocs\eimbox-dashboard\eimbox-materio\footer.php on line 157
[11-Jan-2026 22:53:47 Asia/Dhaka] PHP ERROR [2]: Undefined variable $totalDurationPage in D:\XAMPP\htdocs\eimbox-dashboard\eimbox-materio\core\package_checker.php on line 103
[11-Jan-2026 22:53:47 Asia/Dhaka] PHP ERROR [2]: Undefined variable $totalDurationAll in D:\XAMPP\htdocs\eimbox-dashboard\eimbox-materio\core\package_checker.php on line 104
[11-Jan-2026 22:53:47 Asia/Dhaka] PHP ERROR [2]: Undefined variable $totalRecordsPage in D:\XAMPP\htdocs\eimbox-dashboard\eimbox-materio\core\package_checker.php on line 105
[11-Jan-2026 22:53:47 Asia/Dhaka] PHP ERROR [2]: Undefined variable $monitorPanel in D:\XAMPP\htdocs\eimbox-dashboard\eimbox-materio\footer.php on line 157
[11-Jan-2026 23:03:39 Asia/Dhaka] PHP ERROR [2]: Undefined variable $totalDurationPage in D:\XAMPP\htdocs\eimbox-dashboard\eimbox-materio\core\package_checker.php on line 103
[11-Jan-2026 23:03:39 Asia/Dhaka] PHP ERROR [2]: Undefined variable $totalDurationAll in D:\XAMPP\htdocs\eimbox-dashboard\eimbox-materio\core\package_checker.php on line 104
[11-Jan-2026 23:03:39 Asia/Dhaka] PHP ERROR [2]: Undefined variable $totalRecordsPage in D:\XAMPP\htdocs\eimbox-dashboard\eimbox-materio\core\package_checker.php on line 105
[11-Jan-2026 23:03:39 Asia/Dhaka] PHP ERROR [2]: Undefined variable $monitorPanel in D:\XAMPP\htdocs\eimbox-dashboard\eimbox-materio\footer.php on line 157
[11-Jan-2026 23:04:25 Asia/Dhaka] PHP ERROR [2]: Undefined variable $totalDurationPage in D:\XAMPP\htdocs\eimbox-dashboard\eimbox-materio\core\package_checker.php on line 103
[11-Jan-2026 23:04:25 Asia/Dhaka] PHP ERROR [2]: Undefined variable $totalDurationAll in D:\XAMPP\htdocs\eimbox-dashboard\eimbox-materio\core\package_checker.php on line 104
[11-Jan-2026 23:04:25 Asia/Dhaka] PHP ERROR [2]: Undefined variable $totalRecordsPage in D:\XAMPP\htdocs\eimbox-dashboard\eimbox-materio\core\package_checker.php on line 105
[11-Jan-2026 23:04:25 Asia/Dhaka] PHP ERROR [2]: Undefined variable $monitorPanel in D:\XAMPP\htdocs\eimbox-dashboard\eimbox-materio\footer.php on line 157
[11-Jan-2026 23:13:49 Asia/Dhaka] PHP ERROR [2]: Undefined variable $totalDurationPage in D:\XAMPP\htdocs\eimbox-dashboard\eimbox-materio\core\package_checker.php on line 103
[11-Jan-2026 23:13:49 Asia/Dhaka] PHP ERROR [2]: Undefined variable $totalDurationAll in D:\XAMPP\htdocs\eimbox-dashboard\eimbox-materio\core\package_checker.php on line 104
[11-Jan-2026 23:13:49 Asia/Dhaka] PHP ERROR [2]: Undefined variable $totalRecordsPage in D:\XAMPP\htdocs\eimbox-dashboard\eimbox-materio\core\package_checker.php on line 105
[11-Jan-2026 23:13:49 Asia/Dhaka] PHP ERROR [2]: Undefined variable $monitorPanel in D:\XAMPP\htdocs\eimbox-dashboard\eimbox-materio\footer.php on line 157
[11-Jan-2026 23:21:39 Asia/Dhaka] PHP ERROR [2]: Undefined variable $totalDurationPage in D:\XAMPP\htdocs\eimbox-dashboard\eimbox-materio\core\package_checker.php on line 103
[11-Jan-2026 23:21:39 Asia/Dhaka] PHP ERROR [2]: Undefined variable $totalDurationAll in D:\XAMPP\htdocs\eimbox-dashboard\eimbox-materio\core\package_checker.php on line 104
[11-Jan-2026 23:21:39 Asia/Dhaka] PHP ERROR [2]: Undefined variable $totalRecordsPage in D:\XAMPP\htdocs\eimbox-dashboard\eimbox-materio\core\package_checker.php on line 105
[11-Jan-2026 23:21:39 Asia/Dhaka] PHP ERROR [2]: Undefined variable $monitorPanel in D:\XAMPP\htdocs\eimbox-dashboard\eimbox-materio\footer.php on line 157
[11-Jan-2026 23:28:09 Asia/Dhaka] PHP ERROR [2]: Undefined variable $totalDurationPage in D:\XAMPP\htdocs\eimbox-dashboard\eimbox-materio\core\package_checker.php on line 103
[11-Jan-2026 23:28:09 Asia/Dhaka] PHP ERROR [2]: Undefined variable $totalDurationAll in D:\XAMPP\htdocs\eimbox-dashboard\eimbox-materio\core\package_checker.php on line 104
[11-Jan-2026 23:28:09 Asia/Dhaka] PHP ERROR [2]: Undefined variable $totalRecordsPage in D:\XAMPP\htdocs\eimbox-dashboard\eimbox-materio\core\package_checker.php on line 105
[11-Jan-2026 23:28:09 Asia/Dhaka] PHP ERROR [2]: Undefined variable $monitorPanel in D:\XAMPP\htdocs\eimbox-dashboard\eimbox-materio\footer.php on line 157
[11-Jan-2026 23:29:57 Asia/Dhaka] PHP ERROR [2]: Undefined variable $totalDurationPage in D:\XAMPP\htdocs\eimbox-dashboard\eimbox-materio\core\package_checker.php on line 103
[11-Jan-2026 23:29:57 Asia/Dhaka] PHP ERROR [2]: Undefined variable $totalDurationAll in D:\XAMPP\htdocs\eimbox-dashboard\eimbox-materio\core\package_checker.php on line 104
[11-Jan-2026 23:29:57 Asia/Dhaka] PHP ERROR [2]: Undefined variable $totalRecordsPage in D:\XAMPP\htdocs\eimbox-dashboard\eimbox-materio\core\package_checker.php on line 105
[11-Jan-2026 23:29:57 Asia/Dhaka] PHP ERROR [2]: Undefined variable $monitorPanel in D:\XAMPP\htdocs\eimbox-dashboard\eimbox-materio\footer.php on line 157
[11-Jan-2026 23:30:03 Asia/Dhaka] PHP ERROR [2]: Undefined variable $totalDurationPage in D:\XAMPP\htdocs\eimbox-dashboard\eimbox-materio\core\package_checker.php on line 103
[11-Jan-2026 23:30:03 Asia/Dhaka] PHP ERROR [2]: Undefined variable $totalDurationAll in D:\XAMPP\htdocs\eimbox-dashboard\eimbox-materio\core\package_checker.php on line 104
[11-Jan-2026 23:30:03 Asia/Dhaka] PHP ERROR [2]: Undefined variable $totalRecordsPage in D:\XAMPP\htdocs\eimbox-dashboard\eimbox-materio\core\package_checker.php on line 105
[11-Jan-2026 23:30:03 Asia/Dhaka] PHP ERROR [8192]: htmlspecialchars(): Passing null to parameter #1 ($string) of type string is deprecated in D:\XAMPP\htdocs\eimbox-dashboard\eimbox-materio\header.php on line 271
[11-Jan-2026 23:30:03 Asia/Dhaka] PHP ERROR [8192]: htmlspecialchars(): Passing null to parameter #1 ($string) of type string is deprecated in D:\XAMPP\htdocs\eimbox-dashboard\eimbox-materio\header.php on line 272
[11-Jan-2026 23:30:03 Asia/Dhaka] PHP ERROR [8192]: htmlspecialchars(): Passing null to parameter #1 ($string) of type string is deprecated in D:\XAMPP\htdocs\eimbox-dashboard\eimbox-materio\header.php on line 271
[11-Jan-2026 23:30:03 Asia/Dhaka] PHP ERROR [2]: Undefined variable $monitorPanel in D:\XAMPP\htdocs\eimbox-dashboard\eimbox-materio\footer.php on line 157
[11-Jan-2026 23:30:05 Asia/Dhaka] PHP ERROR [2]: Undefined variable $totalDurationPage in D:\XAMPP\htdocs\eimbox-dashboard\eimbox-materio\core\package_checker.php on line 69
[11-Jan-2026 23:30:05 Asia/Dhaka] PHP ERROR [2]: Undefined variable $totalDurationAll in D:\XAMPP\htdocs\eimbox-dashboard\eimbox-materio\core\package_checker.php on line 69
[11-Jan-2026 23:30:05 Asia/Dhaka] PHP ERROR [2]: Undefined variable $totalRecordsPage in D:\XAMPP\htdocs\eimbox-dashboard\eimbox-materio\core\package_checker.php on line 69
[11-Jan-2026 23:30:05 Asia/Dhaka] PHP ERROR [2]: Undefined variable $totalDurationPage in D:\XAMPP\htdocs\eimbox-dashboard\eimbox-materio\core\package_checker.php on line 103
[11-Jan-2026 23:30:05 Asia/Dhaka] PHP ERROR [2]: Undefined variable $totalDurationAll in D:\XAMPP\htdocs\eimbox-dashboard\eimbox-materio\core\package_checker.php on line 104
[11-Jan-2026 23:30:05 Asia/Dhaka] PHP ERROR [2]: Undefined variable $totalRecordsPage in D:\XAMPP\htdocs\eimbox-dashboard\eimbox-materio\core\package_checker.php on line 105
[11-Jan-2026 23:30:06 Asia/Dhaka] PHP ERROR [2]: Undefined variable $monitorPanel in D:\XAMPP\htdocs\eimbox-dashboard\eimbox-materio\footer.php on line 157
[11-Jan-2026 23:30:09 Asia/Dhaka] PHP ERROR [2]: Undefined variable $totalDurationPage in D:\XAMPP\htdocs\eimbox-dashboard\eimbox-materio\core\package_checker.php on line 69
[11-Jan-2026 23:30:09 Asia/Dhaka] PHP ERROR [2]: Undefined variable $totalDurationAll in D:\XAMPP\htdocs\eimbox-dashboard\eimbox-materio\core\package_checker.php on line 69
[11-Jan-2026 23:30:09 Asia/Dhaka] PHP ERROR [2]: Undefined variable $totalRecordsPage in D:\XAMPP\htdocs\eimbox-dashboard\eimbox-materio\core\package_checker.php on line 69
[11-Jan-2026 23:30:09 Asia/Dhaka] PHP ERROR [2]: Undefined variable $totalDurationPage in D:\XAMPP\htdocs\eimbox-dashboard\eimbox-materio\core\package_checker.php on line 103
[11-Jan-2026 23:30:09 Asia/Dhaka] PHP ERROR [2]: Undefined variable $totalDurationAll in D:\XAMPP\htdocs\eimbox-dashboard\eimbox-materio\core\package_checker.php on line 104
[11-Jan-2026 23:30:09 Asia/Dhaka] PHP ERROR [2]: Undefined variable $totalRecordsPage in D:\XAMPP\htdocs\eimbox-dashboard\eimbox-materio\core\package_checker.php on line 105
[11-Jan-2026 23:30:09 Asia/Dhaka] PHP ERROR [2]: Undefined variable $monitorPanel in D:\XAMPP\htdocs\eimbox-dashboard\eimbox-materio\footer.php on line 157
[11-Jan-2026 23:30:16 Asia/Dhaka] PHP ERROR [2]: Undefined variable $totalDurationPage in D:\XAMPP\htdocs\eimbox-dashboard\eimbox-materio\core\package_checker.php on line 103
[11-Jan-2026 23:30:16 Asia/Dhaka] PHP ERROR [2]: Undefined variable $totalDurationAll in D:\XAMPP\htdocs\eimbox-dashboard\eimbox-materio\core\package_checker.php on line 104
[11-Jan-2026 23:30:16 Asia/Dhaka] PHP ERROR [2]: Undefined variable $totalRecordsPage in D:\XAMPP\htdocs\eimbox-dashboard\eimbox-materio\core\package_checker.php on line 105
[11-Jan-2026 23:30:17 Asia/Dhaka] PHP ERROR [2]: Undefined variable $monitorPanel in D:\XAMPP\htdocs\eimbox-dashboard\eimbox-materio\footer.php on line 157
[11-Jan-2026 23:30:20 Asia/Dhaka] PHP ERROR [2]: Undefined variable $totalDurationPage in D:\XAMPP\htdocs\eimbox-dashboard\eimbox-materio\core\package_checker.php on line 103
[11-Jan-2026 23:30:20 Asia/Dhaka] PHP ERROR [2]: Undefined variable $totalDurationAll in D:\XAMPP\htdocs\eimbox-dashboard\eimbox-materio\core\package_checker.php on line 104
[11-Jan-2026 23:30:20 Asia/Dhaka] PHP ERROR [2]: Undefined variable $totalRecordsPage in D:\XAMPP\htdocs\eimbox-dashboard\eimbox-materio\core\package_checker.php on line 105
[11-Jan-2026 23:30:21 Asia/Dhaka] PHP ERROR [2]: Undefined variable $monitorPanel in D:\XAMPP\htdocs\eimbox-dashboard\eimbox-materio\footer.php on line 157
[11-Jan-2026 23:30:26 Asia/Dhaka] PHP ERROR [2]: Undefined variable $totalDurationPage in D:\XAMPP\htdocs\eimbox-dashboard\eimbox-materio\core\package_checker.php on line 103
[11-Jan-2026 23:30:26 Asia/Dhaka] PHP ERROR [2]: Undefined variable $totalDurationAll in D:\XAMPP\htdocs\eimbox-dashboard\eimbox-materio\core\package_checker.php on line 104
[11-Jan-2026 23:30:26 Asia/Dhaka] PHP ERROR [2]: Undefined variable $totalRecordsPage in D:\XAMPP\htdocs\eimbox-dashboard\eimbox-materio\core\package_checker.php on line 105
[11-Jan-2026 23:30:26 Asia/Dhaka] PHP ERROR [2]: Undefined variable $sccode_current_package_name in D:\XAMPP\htdocs\eimbox-dashboard\eimbox-materio\core\upgrade-plan.php on line 49
[11-Jan-2026 23:30:26 Asia/Dhaka] PHP ERROR [2]: Undefined variable $totalDurationPage in D:\XAMPP\htdocs\eimbox-dashboard\eimbox-materio\core\upgrade-plan.php on line 55
[11-Jan-2026 23:30:26 Asia/Dhaka] PHP ERROR [2]: Undefined variable $isExceeded in D:\XAMPP\htdocs\eimbox-dashboard\eimbox-materio\core\upgrade-plan.php on line 63
[11-Jan-2026 23:30:26 Asia/Dhaka] PHP ERROR [2]: Undefined variable $usagePercent in D:\XAMPP\htdocs\eimbox-dashboard\eimbox-materio\core\upgrade-plan.php on line 63
[11-Jan-2026 23:30:26 Asia/Dhaka] PHP ERROR [2]: Undefined variable $isExceeded in D:\XAMPP\htdocs\eimbox-dashboard\eimbox-materio\core\upgrade-plan.php on line 190
[11-Jan-2026 23:30:27 Asia/Dhaka] PHP ERROR [2]: Undefined variable $monitorPanel in D:\XAMPP\htdocs\eimbox-dashboard\eimbox-materio\footer.php on line 157
[11-Jan-2026 23:34:01 Asia/Dhaka] PHP ERROR [2]: Undefined variable $totalDurationPage in D:\XAMPP\htdocs\eimbox-dashboard\eimbox-materio\core\package_checker.php on line 103
[11-Jan-2026 23:34:01 Asia/Dhaka] PHP ERROR [2]: Undefined variable $totalDurationAll in D:\XAMPP\htdocs\eimbox-dashboard\eimbox-materio\core\package_checker.php on line 104
[11-Jan-2026 23:34:01 Asia/Dhaka] PHP ERROR [2]: Undefined variable $totalRecordsPage in D:\XAMPP\htdocs\eimbox-dashboard\eimbox-materio\core\package_checker.php on line 105
[11-Jan-2026 23:34:01 Asia/Dhaka] PHP ERROR [2]: Undefined variable $monitorPanel in D:\XAMPP\htdocs\eimbox-dashboard\eimbox-materio\footer.php on line 157
[11-Jan-2026 23:34:04 Asia/Dhaka] PHP ERROR [2]: Undefined variable $totalDurationPage in D:\XAMPP\htdocs\eimbox-dashboard\eimbox-materio\core\package_checker.php on line 103
[11-Jan-2026 23:34:04 Asia/Dhaka] PHP ERROR [2]: Undefined variable $totalDurationAll in D:\XAMPP\htdocs\eimbox-dashboard\eimbox-materio\core\package_checker.php on line 104
[11-Jan-2026 23:34:04 Asia/Dhaka] PHP ERROR [2]: Undefined variable $totalRecordsPage in D:\XAMPP\htdocs\eimbox-dashboard\eimbox-materio\core\package_checker.php on line 105
[11-Jan-2026 23:34:04 Asia/Dhaka] PHP ERROR [2]: Undefined variable $monitorPanel in D:\XAMPP\htdocs\eimbox-dashboard\eimbox-materio\footer.php on line 157
[11-Jan-2026 23:34:27 Asia/Dhaka] PHP ERROR [2]: Undefined variable $totalDurationPage in D:\XAMPP\htdocs\eimbox-dashboard\eimbox-materio\core\package_checker.php on line 103
[11-Jan-2026 23:34:27 Asia/Dhaka] PHP ERROR [2]: Undefined variable $totalDurationAll in D:\XAMPP\htdocs\eimbox-dashboard\eimbox-materio\core\package_checker.php on line 104
[11-Jan-2026 23:34:27 Asia/Dhaka] PHP ERROR [2]: Undefined variable $totalRecordsPage in D:\XAMPP\htdocs\eimbox-dashboard\eimbox-materio\core\package_checker.php on line 105
[11-Jan-2026 23:34:28 Asia/Dhaka] PHP ERROR [2]: Undefined variable $monitorPanel in D:\XAMPP\htdocs\eimbox-dashboard\eimbox-materio\footer.php on line 157
[11-Jan-2026 23:34:37 Asia/Dhaka] PHP ERROR [2]: Undefined variable $totalDurationPage in D:\XAMPP\htdocs\eimbox-dashboard\eimbox-materio\core\package_checker.php on line 103
[11-Jan-2026 23:34:37 Asia/Dhaka] PHP ERROR [2]: Undefined variable $totalDurationAll in D:\XAMPP\htdocs\eimbox-dashboard\eimbox-materio\core\package_checker.php on line 104
[11-Jan-2026 23:34:37 Asia/Dhaka] PHP ERROR [2]: Undefined variable $totalRecordsPage in D:\XAMPP\htdocs\eimbox-dashboard\eimbox-materio\core\package_checker.php on line 105
[11-Jan-2026 23:34:37 Asia/Dhaka] PHP ERROR [2]: Undefined variable $monitorPanel in D:\XAMPP\htdocs\eimbox-dashboard\eimbox-materio\footer.php on line 157
[11-Jan-2026 23:34:49 Asia/Dhaka] PHP ERROR [2]: Undefined variable $totalDurationPage in D:\XAMPP\htdocs\eimbox-dashboard\eimbox-materio\core\package_checker.php on line 69
[11-Jan-2026 23:34:49 Asia/Dhaka] PHP ERROR [2]: Undefined variable $totalDurationAll in D:\XAMPP\htdocs\eimbox-dashboard\eimbox-materio\core\package_checker.php on line 69
[11-Jan-2026 23:34:49 Asia/Dhaka] PHP ERROR [2]: Undefined variable $totalRecordsPage in D:\XAMPP\htdocs\eimbox-dashboard\eimbox-materio\core\package_checker.php on line 69
[11-Jan-2026 23:34:49 Asia/Dhaka] PHP ERROR [2]: Undefined variable $totalDurationPage in D:\XAMPP\htdocs\eimbox-dashboard\eimbox-materio\core\package_checker.php on line 103
[11-Jan-2026 23:34:49 Asia/Dhaka] PHP ERROR [2]: Undefined variable $totalDurationAll in D:\XAMPP\htdocs\eimbox-dashboard\eimbox-materio\core\package_checker.php on line 104
[11-Jan-2026 23:34:49 Asia/Dhaka] PHP ERROR [2]: Undefined variable $totalRecordsPage in D:\XAMPP\htdocs\eimbox-dashboard\eimbox-materio\core\package_checker.php on line 105
[11-Jan-2026 23:34:49 Asia/Dhaka] PHP ERROR [2]: Undefined variable $monitorPanel in D:\XAMPP\htdocs\eimbox-dashboard\eimbox-materio\footer.php on line 157
[11-Jan-2026 23:34:53 Asia/Dhaka] PHP ERROR [2]: Undefined variable $totalDurationPage in D:\XAMPP\htdocs\eimbox-dashboard\eimbox-materio\core\package_checker.php on line 69
[11-Jan-2026 23:34:53 Asia/Dhaka] PHP ERROR [2]: Undefined variable $totalDurationAll in D:\XAMPP\htdocs\eimbox-dashboard\eimbox-materio\core\package_checker.php on line 69
[11-Jan-2026 23:34:53 Asia/Dhaka] PHP ERROR [2]: Undefined variable $totalRecordsPage in D:\XAMPP\htdocs\eimbox-dashboard\eimbox-materio\core\package_checker.php on line 69
[11-Jan-2026 23:34:53 Asia/Dhaka] PHP ERROR [2]: Undefined variable $totalDurationPage in D:\XAMPP\htdocs\eimbox-dashboard\eimbox-materio\core\package_checker.php on line 103
[11-Jan-2026 23:34:53 Asia/Dhaka] PHP ERROR [2]: Undefined variable $totalDurationAll in D:\XAMPP\htdocs\eimbox-dashboard\eimbox-materio\core\package_checker.php on line 104
[11-Jan-2026 23:34:53 Asia/Dhaka] PHP ERROR [2]: Undefined variable $totalRecordsPage in D:\XAMPP\htdocs\eimbox-dashboard\eimbox-materio\core\package_checker.php on line 105
[11-Jan-2026 23:34:53 Asia/Dhaka] PHP ERROR [2]: Undefined variable $monitorPanel in D:\XAMPP\htdocs\eimbox-dashboard\eimbox-materio\footer.php on line 157
[11-Jan-2026 23:34:58 Asia/Dhaka] PHP ERROR [2]: Undefined variable $totalDurationPage in D:\XAMPP\htdocs\eimbox-dashboard\eimbox-materio\core\package_checker.php on line 103
[11-Jan-2026 23:34:58 Asia/Dhaka] PHP ERROR [2]: Undefined variable $totalDurationAll in D:\XAMPP\htdocs\eimbox-dashboard\eimbox-materio\core\package_checker.php on line 104
[11-Jan-2026 23:34:58 Asia/Dhaka] PHP ERROR [2]: Undefined variable $totalRecordsPage in D:\XAMPP\htdocs\eimbox-dashboard\eimbox-materio\core\package_checker.php on line 105
[11-Jan-2026 23:34:58 Asia/Dhaka] PHP ERROR [2]: Undefined variable $monitorPanel in D:\XAMPP\htdocs\eimbox-dashboard\eimbox-materio\footer.php on line 157
[11-Jan-2026 23:35:10 Asia/Dhaka] PHP ERROR [2]: Undefined variable $totalDurationPage in D:\XAMPP\htdocs\eimbox-dashboard\eimbox-materio\core\package_checker.php on line 103
[11-Jan-2026 23:35:10 Asia/Dhaka] PHP ERROR [2]: Undefined variable $totalDurationAll in D:\XAMPP\htdocs\eimbox-dashboard\eimbox-materio\core\package_checker.php on line 104
[11-Jan-2026 23:35:10 Asia/Dhaka] PHP ERROR [2]: Undefined variable $totalRecordsPage in D:\XAMPP\htdocs\eimbox-dashboard\eimbox-materio\core\package_checker.php on line 105
[11-Jan-2026 23:35:10 Asia/Dhaka] PHP ERROR [2]: Undefined variable $monitorPanel in D:\XAMPP\htdocs\eimbox-dashboard\eimbox-materio\footer.php on line 157
[11-Jan-2026 23:39:54 Asia/Dhaka] PHP ERROR [2]: Undefined variable $totalDurationPage in D:\XAMPP\htdocs\eimbox-dashboard\eimbox-materio\core\package_checker.php on line 103
[11-Jan-2026 23:39:54 Asia/Dhaka] PHP ERROR [2]: Undefined variable $totalDurationAll in D:\XAMPP\htdocs\eimbox-dashboard\eimbox-materio\core\package_checker.php on line 104
[11-Jan-2026 23:39:54 Asia/Dhaka] PHP ERROR [2]: Undefined variable $totalRecordsPage in D:\XAMPP\htdocs\eimbox-dashboard\eimbox-materio\core\package_checker.php on line 105
[11-Jan-2026 23:39:54 Asia/Dhaka] PHP ERROR [2]: Undefined variable $monitorPanel in D:\XAMPP\htdocs\eimbox-dashboard\eimbox-materio\footer.php on line 157
[11-Jan-2026 23:51:04 Asia/Dhaka] PHP ERROR [2]: Undefined variable $totalDurationPage in D:\XAMPP\htdocs\eimbox-dashboard\eimbox-materio\core\package_checker.php on line 103
[11-Jan-2026 23:51:04 Asia/Dhaka] PHP ERROR [2]: Undefined variable $totalDurationAll in D:\XAMPP\htdocs\eimbox-dashboard\eimbox-materio\core\package_checker.php on line 104
[11-Jan-2026 23:51:04 Asia/Dhaka] PHP ERROR [2]: Undefined variable $totalRecordsPage in D:\XAMPP\htdocs\eimbox-dashboard\eimbox-materio\core\package_checker.php on line 105
[11-Jan-2026 23:51:04 Asia/Dhaka] PHP ERROR [2]: Undefined variable $monitorPanel in D:\XAMPP\htdocs\eimbox-dashboard\eimbox-materio\footer.php on line 157
[11-Jan-2026 23:51:23 Asia/Dhaka] PHP ERROR [2]: Undefined variable $totalDurationPage in D:\XAMPP\htdocs\eimbox-dashboard\eimbox-materio\core\package_checker.php on line 103
[11-Jan-2026 23:51:23 Asia/Dhaka] PHP ERROR [2]: Undefined variable $totalDurationAll in D:\XAMPP\htdocs\eimbox-dashboard\eimbox-materio\core\package_checker.php on line 104
[11-Jan-2026 23:51:23 Asia/Dhaka] PHP ERROR [2]: Undefined variable $totalRecordsPage in D:\XAMPP\htdocs\eimbox-dashboard\eimbox-materio\core\package_checker.php on line 105
[11-Jan-2026 23:51:23 Asia/Dhaka] PHP ERROR [2]: Undefined variable $monitorPanel in D:\XAMPP\htdocs\eimbox-dashboard\eimbox-materio\footer.php on line 157
[11-Jan-2026 23:54:05 Asia/Dhaka] PHP ERROR [2]: Undefined variable $totalDurationPage in D:\XAMPP\htdocs\eimbox-dashboard\eimbox-materio\core\package_checker.php on line 103
[11-Jan-2026 23:54:05 Asia/Dhaka] PHP ERROR [2]: Undefined variable $totalDurationAll in D:\XAMPP\htdocs\eimbox-dashboard\eimbox-materio\core\package_checker.php on line 104
[11-Jan-2026 23:54:05 Asia/Dhaka] PHP ERROR [2]: Undefined variable $totalRecordsPage in D:\XAMPP\htdocs\eimbox-dashboard\eimbox-materio\core\package_checker.php on line 105
[11-Jan-2026 23:54:05 Asia/Dhaka] PHP ERROR [2]: Undefined variable $monitorPanel in D:\XAMPP\htdocs\eimbox-dashboard\eimbox-materio\footer.php on line 157
[12-Jan-2026 00:00:42 Asia/Dhaka] PHP ERROR [2]: Undefined variable $totalDurationPage in D:\XAMPP\htdocs\eimbox-dashboard\eimbox-materio\core\package_checker.php on line 103
[12-Jan-2026 00:00:42 Asia/Dhaka] PHP ERROR [2]: Undefined variable $totalDurationAll in D:\XAMPP\htdocs\eimbox-dashboard\eimbox-materio\core\package_checker.php on line 104
[12-Jan-2026 00:00:42 Asia/Dhaka] PHP ERROR [2]: Undefined variable $totalRecordsPage in D:\XAMPP\htdocs\eimbox-dashboard\eimbox-materio\core\package_checker.php on line 105
[12-Jan-2026 00:00:42 Asia/Dhaka] PHP ERROR [2]: Undefined variable $monitorPanel in D:\XAMPP\htdocs\eimbox-dashboard\eimbox-materio\footer.php on line 157
[12-Jan-2026 00:00:57 Asia/Dhaka] PHP ERROR [2]: Undefined variable $totalDurationPage in D:\XAMPP\htdocs\eimbox-dashboard\eimbox-materio\core\package_checker.php on line 69
[12-Jan-2026 00:00:57 Asia/Dhaka] PHP ERROR [2]: Undefined variable $totalDurationAll in D:\XAMPP\htdocs\eimbox-dashboard\eimbox-materio\core\package_checker.php on line 69
[12-Jan-2026 00:00:57 Asia/Dhaka] PHP ERROR [2]: Undefined variable $totalRecordsPage in D:\XAMPP\htdocs\eimbox-dashboard\eimbox-materio\core\package_checker.php on line 69
[12-Jan-2026 00:00:57 Asia/Dhaka] PHP ERROR [2]: Undefined variable $totalDurationPage in D:\XAMPP\htdocs\eimbox-dashboard\eimbox-materio\core\package_checker.php on line 103
[12-Jan-2026 00:00:57 Asia/Dhaka] PHP ERROR [2]: Undefined variable $totalDurationAll in D:\XAMPP\htdocs\eimbox-dashboard\eimbox-materio\core\package_checker.php on line 104
[12-Jan-2026 00:00:57 Asia/Dhaka] PHP ERROR [2]: Undefined variable $totalRecordsPage in D:\XAMPP\htdocs\eimbox-dashboard\eimbox-materio\core\package_checker.php on line 105
[12-Jan-2026 00:00:57 Asia/Dhaka] PHP ERROR [2]: Undefined variable $monitorPanel in D:\XAMPP\htdocs\eimbox-dashboard\eimbox-materio\footer.php on line 157
[12-Jan-2026 00:01:36 Asia/Dhaka] PHP ERROR [2]: Undefined variable $totalDurationPage in D:\XAMPP\htdocs\eimbox-dashboard\eimbox-materio\core\package_checker.php on line 69
[12-Jan-2026 00:01:36 Asia/Dhaka] PHP ERROR [2]: Undefined variable $totalDurationAll in D:\XAMPP\htdocs\eimbox-dashboard\eimbox-materio\core\package_checker.php on line 69
[12-Jan-2026 00:01:36 Asia/Dhaka] PHP ERROR [2]: Undefined variable $totalRecordsPage in D:\XAMPP\htdocs\eimbox-dashboard\eimbox-materio\core\package_checker.php on line 69
[12-Jan-2026 00:01:36 Asia/Dhaka] PHP ERROR [2]: Undefined variable $totalDurationPage in D:\XAMPP\htdocs\eimbox-dashboard\eimbox-materio\core\package_checker.php on line 103
[12-Jan-2026 00:01:36 Asia/Dhaka] PHP ERROR [2]: Undefined variable $totalDurationAll in D:\XAMPP\htdocs\eimbox-dashboard\eimbox-materio\core\package_checker.php on line 104
[12-Jan-2026 00:01:36 Asia/Dhaka] PHP ERROR [2]: Undefined variable $totalRecordsPage in D:\XAMPP\htdocs\eimbox-dashboard\eimbox-materio\core\package_checker.php on line 105
[12-Jan-2026 00:01:36 Asia/Dhaka] PHP ERROR [2]: Undefined variable $monitorPanel in D:\XAMPP\htdocs\eimbox-dashboard\eimbox-materio\footer.php on line 157
[12-Jan-2026 00:01:46 Asia/Dhaka] PHP ERROR [2]: Undefined variable $totalDurationPage in D:\XAMPP\htdocs\eimbox-dashboard\eimbox-materio\core\package_checker.php on line 103
[12-Jan-2026 00:01:46 Asia/Dhaka] PHP ERROR [2]: Undefined variable $totalDurationAll in D:\XAMPP\htdocs\eimbox-dashboard\eimbox-materio\core\package_checker.php on line 104
[12-Jan-2026 00:01:46 Asia/Dhaka] PHP ERROR [2]: Undefined variable $totalRecordsPage in D:\XAMPP\htdocs\eimbox-dashboard\eimbox-materio\core\package_checker.php on line 105
[12-Jan-2026 00:01:46 Asia/Dhaka] PHP ERROR [2]: Undefined variable $monitorPanel in D:\XAMPP\htdocs\eimbox-dashboard\eimbox-materio\footer.php on line 157
[12-Jan-2026 00:04:50 Asia/Dhaka] PHP ERROR [2]: Undefined variable $totalDurationPage in D:\XAMPP\htdocs\eimbox-dashboard\eimbox-materio\core\package_checker.php on line 103
[12-Jan-2026 00:04:50 Asia/Dhaka] PHP ERROR [2]: Undefined variable $totalDurationAll in D:\XAMPP\htdocs\eimbox-dashboard\eimbox-materio\core\package_checker.php on line 104
[12-Jan-2026 00:04:50 Asia/Dhaka] PHP ERROR [2]: Undefined variable $totalRecordsPage in D:\XAMPP\htdocs\eimbox-dashboard\eimbox-materio\core\package_checker.php on line 105
[12-Jan-2026 00:04:50 Asia/Dhaka] PHP ERROR [2]: Undefined variable $monitorPanel in D:\XAMPP\htdocs\eimbox-dashboard\eimbox-materio\footer.php on line 157
[12-Jan-2026 00:05:02 Asia/Dhaka] PHP ERROR [2]: Undefined variable $totalDurationPage in D:\XAMPP\htdocs\eimbox-dashboard\eimbox-materio\core\package_checker.php on line 103
[12-Jan-2026 00:05:02 Asia/Dhaka] PHP ERROR [2]: Undefined variable $totalDurationAll in D:\XAMPP\htdocs\eimbox-dashboard\eimbox-materio\core\package_checker.php on line 104
[12-Jan-2026 00:05:02 Asia/Dhaka] PHP ERROR [2]: Undefined variable $totalRecordsPage in D:\XAMPP\htdocs\eimbox-dashboard\eimbox-materio\core\package_checker.php on line 105
[12-Jan-2026 00:05:02 Asia/Dhaka] PHP ERROR [2]: Undefined variable $monitorPanel in D:\XAMPP\htdocs\eimbox-dashboard\eimbox-materio\footer.php on line 157
[12-Jan-2026 00:05:37 Asia/Dhaka] PHP ERROR [2]: Undefined variable $totalDurationPage in D:\XAMPP\htdocs\eimbox-dashboard\eimbox-materio\core\package_checker.php on line 103
[12-Jan-2026 00:05:37 Asia/Dhaka] PHP ERROR [2]: Undefined variable $totalDurationAll in D:\XAMPP\htdocs\eimbox-dashboard\eimbox-materio\core\package_checker.php on line 104
[12-Jan-2026 00:05:37 Asia/Dhaka] PHP ERROR [2]: Undefined variable $totalRecordsPage in D:\XAMPP\htdocs\eimbox-dashboard\eimbox-materio\core\package_checker.php on line 105
[12-Jan-2026 00:05:37 Asia/Dhaka] PHP ERROR [2]: Undefined variable $monitorPanel in D:\XAMPP\htdocs\eimbox-dashboard\eimbox-materio\footer.php on line 157
[12-Jan-2026 00:09:47 Asia/Dhaka] PHP ERROR [2]: Undefined variable $totalDurationPage in D:\XAMPP\htdocs\eimbox-dashboard\eimbox-materio\core\package_checker.php on line 103
[12-Jan-2026 00:09:47 Asia/Dhaka] PHP ERROR [2]: Undefined variable $totalDurationAll in D:\XAMPP\htdocs\eimbox-dashboard\eimbox-materio\core\package_checker.php on line 104
[12-Jan-2026 00:09:47 Asia/Dhaka] PHP ERROR [2]: Undefined variable $totalRecordsPage in D:\XAMPP\htdocs\eimbox-dashboard\eimbox-materio\core\package_checker.php on line 105
[12-Jan-2026 00:09:47 Asia/Dhaka] PHP ERROR [2]: Undefined variable $monitorPanel in D:\XAMPP\htdocs\eimbox-dashboard\eimbox-materio\footer.php on line 157
[12-Jan-2026 00:12:02 Asia/Dhaka] PHP ERROR [2]: Undefined variable $totalDurationPage in D:\XAMPP\htdocs\eimbox-dashboard\eimbox-materio\core\package_checker.php on line 103
[12-Jan-2026 00:12:02 Asia/Dhaka] PHP ERROR [2]: Undefined variable $totalDurationAll in D:\XAMPP\htdocs\eimbox-dashboard\eimbox-materio\core\package_checker.php on line 104
[12-Jan-2026 00:12:02 Asia/Dhaka] PHP ERROR [2]: Undefined variable $totalRecordsPage in D:\XAMPP\htdocs\eimbox-dashboard\eimbox-materio\core\package_checker.php on line 105
[12-Jan-2026 00:12:02 Asia/Dhaka] PHP ERROR [2]: Undefined variable $monitorPanel in D:\XAMPP\htdocs\eimbox-dashboard\eimbox-materio\footer.php on line 157
[12-Jan-2026 00:12:48 Asia/Dhaka] PHP ERROR [2]: Undefined variable $totalDurationPage in D:\XAMPP\htdocs\eimbox-dashboard\eimbox-materio\core\package_checker.php on line 103
[12-Jan-2026 00:12:48 Asia/Dhaka] PHP ERROR [2]: Undefined variable $totalDurationAll in D:\XAMPP\htdocs\eimbox-dashboard\eimbox-materio\core\package_checker.php on line 104
[12-Jan-2026 00:12:48 Asia/Dhaka] PHP ERROR [2]: Undefined variable $totalRecordsPage in D:\XAMPP\htdocs\eimbox-dashboard\eimbox-materio\core\package_checker.php on line 105
[12-Jan-2026 00:12:48 Asia/Dhaka] PHP ERROR [2]: Undefined variable $monitorPanel in D:\XAMPP\htdocs\eimbox-dashboard\eimbox-materio\footer.php on line 157
[12-Jan-2026 00:15:04 Asia/Dhaka] PHP ERROR [2]: Undefined variable $totalDurationPage in D:\XAMPP\htdocs\eimbox-dashboard\eimbox-materio\core\package_checker.php on line 103
[12-Jan-2026 00:15:04 Asia/Dhaka] PHP ERROR [2]: Undefined variable $totalDurationAll in D:\XAMPP\htdocs\eimbox-dashboard\eimbox-materio\core\package_checker.php on line 104
[12-Jan-2026 00:15:04 Asia/Dhaka] PHP ERROR [2]: Undefined variable $totalRecordsPage in D:\XAMPP\htdocs\eimbox-dashboard\eimbox-materio\core\package_checker.php on line 105
[12-Jan-2026 00:15:04 Asia/Dhaka] PHP ERROR [2]: Undefined variable $monitorPanel in D:\XAMPP\htdocs\eimbox-dashboard\eimbox-materio\footer.php on line 157
[12-Jan-2026 00:32:50 Asia/Dhaka] PHP ERROR [2]: Undefined variable $totalDurationPage in D:\XAMPP\htdocs\eimbox-dashboard\eimbox-materio\core\package_checker.php on line 103
[12-Jan-2026 00:32:50 Asia/Dhaka] PHP ERROR [2]: Undefined variable $totalDurationAll in D:\XAMPP\htdocs\eimbox-dashboard\eimbox-materio\core\package_checker.php on line 104
[12-Jan-2026 00:32:50 Asia/Dhaka] PHP ERROR [2]: Undefined variable $totalRecordsPage in D:\XAMPP\htdocs\eimbox-dashboard\eimbox-materio\core\package_checker.php on line 105
[12-Jan-2026 00:32:50 Asia/Dhaka] PHP ERROR [2]: Undefined variable $monitorPanel in D:\XAMPP\htdocs\eimbox-dashboard\eimbox-materio\footer.php on line 157
[12-Jan-2026 00:32:57 Asia/Dhaka] PHP ERROR [2]: Undefined variable $totalDurationPage in D:\XAMPP\htdocs\eimbox-dashboard\eimbox-materio\core\package_checker.php on line 103
[12-Jan-2026 00:32:57 Asia/Dhaka] PHP ERROR [2]: Undefined variable $totalDurationAll in D:\XAMPP\htdocs\eimbox-dashboard\eimbox-materio\core\package_checker.php on line 104
[12-Jan-2026 00:32:57 Asia/Dhaka] PHP ERROR [2]: Undefined variable $totalRecordsPage in D:\XAMPP\htdocs\eimbox-dashboard\eimbox-materio\core\package_checker.php on line 105
[12-Jan-2026 00:32:57 Asia/Dhaka] PHP ERROR [2]: Undefined variable $monitorPanel in D:\XAMPP\htdocs\eimbox-dashboard\eimbox-materio\footer.php on line 157
[12-Jan-2026 00:33:05 Asia/Dhaka] PHP ERROR [2]: Undefined variable $totalDurationPage in D:\XAMPP\htdocs\eimbox-dashboard\eimbox-materio\core\package_checker.php on line 103
[12-Jan-2026 00:33:05 Asia/Dhaka] PHP ERROR [2]: Undefined variable $totalDurationAll in D:\XAMPP\htdocs\eimbox-dashboard\eimbox-materio\core\package_checker.php on line 104
[12-Jan-2026 00:33:05 Asia/Dhaka] PHP ERROR [2]: Undefined variable $totalRecordsPage in D:\XAMPP\htdocs\eimbox-dashboard\eimbox-materio\core\package_checker.php on line 105
[12-Jan-2026 00:33:05 Asia/Dhaka] PHP ERROR [2]: Undefined variable $monitorPanel in D:\XAMPP\htdocs\eimbox-dashboard\eimbox-materio\footer.php on line 157
[12-Jan-2026 00:36:11 Asia/Dhaka] PHP ERROR [2]: Undefined variable $totalDurationPage in D:\XAMPP\htdocs\eimbox-dashboard\eimbox-materio\core\package_checker.php on line 103
[12-Jan-2026 00:36:11 Asia/Dhaka] PHP ERROR [2]: Undefined variable $totalDurationAll in D:\XAMPP\htdocs\eimbox-dashboard\eimbox-materio\core\package_checker.php on line 104
[12-Jan-2026 00:36:11 Asia/Dhaka] PHP ERROR [2]: Undefined variable $totalRecordsPage in D:\XAMPP\htdocs\eimbox-dashboard\eimbox-materio\core\package_checker.php on line 105
[12-Jan-2026 00:36:11 Asia/Dhaka] PHP ERROR [2]: Undefined variable $monitorPanel in D:\XAMPP\htdocs\eimbox-dashboard\eimbox-materio\footer.php on line 157
[12-Jan-2026 00:43:50 Asia/Dhaka] PHP ERROR [2]: Undefined variable $totalDurationPage in D:\XAMPP\htdocs\eimbox-dashboard\eimbox-materio\core\package_checker.php on line 103
[12-Jan-2026 00:43:50 Asia/Dhaka] PHP ERROR [2]: Undefined variable $totalDurationAll in D:\XAMPP\htdocs\eimbox-dashboard\eimbox-materio\core\package_checker.php on line 104
[12-Jan-2026 00:43:50 Asia/Dhaka] PHP ERROR [2]: Undefined variable $totalRecordsPage in D:\XAMPP\htdocs\eimbox-dashboard\eimbox-materio\core\package_checker.php on line 105
[12-Jan-2026 00:43:50 Asia/Dhaka] PHP ERROR [2]: Undefined variable $monitorPanel in D:\XAMPP\htdocs\eimbox-dashboard\eimbox-materio\footer.php on line 157
[12-Jan-2026 01:28:01 Asia/Dhaka] PHP ERROR [2]: Undefined variable $totalDurationPage in D:\XAMPP\htdocs\eimbox-dashboard\eimbox-materio\core\package_checker.php on line 103
[12-Jan-2026 01:28:01 Asia/Dhaka] PHP ERROR [2]: Undefined variable $totalDurationAll in D:\XAMPP\htdocs\eimbox-dashboard\eimbox-materio\core\package_checker.php on line 104
[12-Jan-2026 01:28:01 Asia/Dhaka] PHP ERROR [2]: Undefined variable $totalRecordsPage in D:\XAMPP\htdocs\eimbox-dashboard\eimbox-materio\core\package_checker.php on line 105
[12-Jan-2026 01:28:01 Asia/Dhaka] PHP ERROR [2]: Undefined variable $monitorPanel in D:\XAMPP\htdocs\eimbox-dashboard\eimbox-materio\footer.php on line 157
[12-Jan-2026 01:30:35 Asia/Dhaka] PHP ERROR [2]: Undefined variable $totalDurationPage in D:\XAMPP\htdocs\eimbox-dashboard\eimbox-materio\core\package_checker.php on line 103
[12-Jan-2026 01:30:35 Asia/Dhaka] PHP ERROR [2]: Undefined variable $totalDurationAll in D:\XAMPP\htdocs\eimbox-dashboard\eimbox-materio\core\package_checker.php on line 104
[12-Jan-2026 01:30:35 Asia/Dhaka] PHP ERROR [2]: Undefined variable $totalRecordsPage in D:\XAMPP\htdocs\eimbox-dashboard\eimbox-materio\core\package_checker.php on line 105
[12-Jan-2026 01:30:35 Asia/Dhaka] PHP ERROR [2]: Undefined variable $monitorPanel in D:\XAMPP\htdocs\eimbox-dashboard\eimbox-materio\footer.php on line 157
[12-Jan-2026 01:31:08 Asia/Dhaka] PHP ERROR [2]: Undefined variable $totalDurationPage in D:\XAMPP\htdocs\eimbox-dashboard\eimbox-materio\core\package_checker.php on line 103
[12-Jan-2026 01:31:08 Asia/Dhaka] PHP ERROR [2]: Undefined variable $totalDurationAll in D:\XAMPP\htdocs\eimbox-dashboard\eimbox-materio\core\package_checker.php on line 104
[12-Jan-2026 01:31:08 Asia/Dhaka] PHP ERROR [2]: Undefined variable $totalRecordsPage in D:\XAMPP\htdocs\eimbox-dashboard\eimbox-materio\core\package_checker.php on line 105
[12-Jan-2026 01:31:08 Asia/Dhaka] PHP ERROR [2]: Undefined variable $monitorPanel in D:\XAMPP\htdocs\eimbox-dashboard\eimbox-materio\footer.php on line 157
[12-Jan-2026 01:31:48 Asia/Dhaka] PHP ERROR [2]: Undefined variable $totalDurationPage in D:\XAMPP\htdocs\eimbox-dashboard\eimbox-materio\core\package_checker.php on line 103
[12-Jan-2026 01:31:48 Asia/Dhaka] PHP ERROR [2]: Undefined variable $totalDurationAll in D:\XAMPP\htdocs\eimbox-dashboard\eimbox-materio\core\package_checker.php on line 104
[12-Jan-2026 01:31:48 Asia/Dhaka] PHP ERROR [2]: Undefined variable $totalRecordsPage in D:\XAMPP\htdocs\eimbox-dashboard\eimbox-materio\core\package_checker.php on line 105
[12-Jan-2026 01:31:48 Asia/Dhaka] PHP ERROR [2]: Undefined variable $monitorPanel in D:\XAMPP\htdocs\eimbox-dashboard\eimbox-materio\footer.php on line 157
[12-Jan-2026 01:32:54 Asia/Dhaka] PHP ERROR [2]: Undefined variable $totalDurationPage in D:\XAMPP\htdocs\eimbox-dashboard\eimbox-materio\core\package_checker.php on line 103
[12-Jan-2026 01:32:54 Asia/Dhaka] PHP ERROR [2]: Undefined variable $totalDurationAll in D:\XAMPP\htdocs\eimbox-dashboard\eimbox-materio\core\package_checker.php on line 104
[12-Jan-2026 01:32:54 Asia/Dhaka] PHP ERROR [2]: Undefined variable $totalRecordsPage in D:\XAMPP\htdocs\eimbox-dashboard\eimbox-materio\core\package_checker.php on line 105
[12-Jan-2026 01:32:54 Asia/Dhaka] PHP ERROR [2]: Undefined variable $monitorPanel in D:\XAMPP\htdocs\eimbox-dashboard\eimbox-materio\footer.php on line 157
[12-Jan-2026 01:33:09 Asia/Dhaka] PHP ERROR [2]: Undefined variable $totalDurationPage in D:\XAMPP\htdocs\eimbox-dashboard\eimbox-materio\core\package_checker.php on line 103
[12-Jan-2026 01:33:09 Asia/Dhaka] PHP ERROR [2]: Undefined variable $totalDurationAll in D:\XAMPP\htdocs\eimbox-dashboard\eimbox-materio\core\package_checker.php on line 104
[12-Jan-2026 01:33:09 Asia/Dhaka] PHP ERROR [2]: Undefined variable $totalRecordsPage in D:\XAMPP\htdocs\eimbox-dashboard\eimbox-materio\core\package_checker.php on line 105
[12-Jan-2026 01:33:09 Asia/Dhaka] PHP ERROR [2]: Undefined variable $monitorPanel in D:\XAMPP\htdocs\eimbox-dashboard\eimbox-materio\footer.php on line 157
[12-Jan-2026 01:37:56 Asia/Dhaka] PHP ERROR [2]: Undefined variable $totalDurationPage in D:\XAMPP\htdocs\eimbox-dashboard\eimbox-materio\core\package_checker.php on line 103
[12-Jan-2026 01:37:56 Asia/Dhaka] PHP ERROR [2]: Undefined variable $totalDurationAll in D:\XAMPP\htdocs\eimbox-dashboard\eimbox-materio\core\package_checker.php on line 104
[12-Jan-2026 01:37:56 Asia/Dhaka] PHP ERROR [2]: Undefined variable $totalRecordsPage in D:\XAMPP\htdocs\eimbox-dashboard\eimbox-materio\core\package_checker.php on line 105
[12-Jan-2026 01:37:57 Asia/Dhaka] PHP ERROR [2]: Undefined variable $monitorPanel in D:\XAMPP\htdocs\eimbox-dashboard\eimbox-materio\footer.php on line 157
[12-Jan-2026 01:43:24 Asia/Dhaka] PHP ERROR [2]: Undefined variable $totalDurationPage in D:\XAMPP\htdocs\eimbox-dashboard\eimbox-materio\core\package_checker.php on line 103
[12-Jan-2026 01:43:24 Asia/Dhaka] PHP ERROR [2]: Undefined variable $totalDurationAll in D:\XAMPP\htdocs\eimbox-dashboard\eimbox-materio\core\package_checker.php on line 104
[12-Jan-2026 01:43:24 Asia/Dhaka] PHP ERROR [2]: Undefined variable $totalRecordsPage in D:\XAMPP\htdocs\eimbox-dashboard\eimbox-materio\core\package_checker.php on line 105
[12-Jan-2026 01:43:24 Asia/Dhaka] PHP ERROR [2]: Undefined variable $monitorPanel in D:\XAMPP\htdocs\eimbox-dashboard\eimbox-materio\footer.php on line 157
[12-Jan-2026 01:44:41 Asia/Dhaka] PHP ERROR [2]: Undefined variable $totalDurationPage in D:\XAMPP\htdocs\eimbox-dashboard\eimbox-materio\core\package_checker.php on line 103
[12-Jan-2026 01:44:41 Asia/Dhaka] PHP ERROR [2]: Undefined variable $totalDurationAll in D:\XAMPP\htdocs\eimbox-dashboard\eimbox-materio\core\package_checker.php on line 104
[12-Jan-2026 01:44:41 Asia/Dhaka] PHP ERROR [2]: Undefined variable $totalRecordsPage in D:\XAMPP\htdocs\eimbox-dashboard\eimbox-materio\core\package_checker.php on line 105
[12-Jan-2026 01:44:41 Asia/Dhaka] PHP ERROR [2]: Undefined variable $monitorPanel in D:\XAMPP\htdocs\eimbox-dashboard\eimbox-materio\footer.php on line 157
[12-Jan-2026 01:44:51 Asia/Dhaka] PHP ERROR [2]: Undefined variable $totalDurationPage in D:\XAMPP\htdocs\eimbox-dashboard\eimbox-materio\core\package_checker.php on line 103
[12-Jan-2026 01:44:51 Asia/Dhaka] PHP ERROR [2]: Undefined variable $totalDurationAll in D:\XAMPP\htdocs\eimbox-dashboard\eimbox-materio\core\package_checker.php on line 104
[12-Jan-2026 01:44:51 Asia/Dhaka] PHP ERROR [2]: Undefined variable $totalRecordsPage in D:\XAMPP\htdocs\eimbox-dashboard\eimbox-materio\core\package_checker.php on line 105
[12-Jan-2026 01:44:51 Asia/Dhaka] PHP ERROR [2]: Undefined variable $monitorPanel in D:\XAMPP\htdocs\eimbox-dashboard\eimbox-materio\footer.php on line 157
[12-Jan-2026 01:45:23 Asia/Dhaka] PHP ERROR [2]: Undefined variable $totalDurationPage in D:\XAMPP\htdocs\eimbox-dashboard\eimbox-materio\core\package_checker.php on line 103
[12-Jan-2026 01:45:23 Asia/Dhaka] PHP ERROR [2]: Undefined variable $totalDurationAll in D:\XAMPP\htdocs\eimbox-dashboard\eimbox-materio\core\package_checker.php on line 104
[12-Jan-2026 01:45:23 Asia/Dhaka] PHP ERROR [2]: Undefined variable $totalRecordsPage in D:\XAMPP\htdocs\eimbox-dashboard\eimbox-materio\core\package_checker.php on line 105
[12-Jan-2026 01:45:24 Asia/Dhaka] PHP ERROR [2]: Undefined variable $monitorPanel in D:\XAMPP\htdocs\eimbox-dashboard\eimbox-materio\footer.php on line 157
[12-Jan-2026 01:46:46 Asia/Dhaka] PHP ERROR [2]: Undefined variable $totalDurationPage in D:\XAMPP\htdocs\eimbox-dashboard\eimbox-materio\core\package_checker.php on line 103
[12-Jan-2026 01:46:46 Asia/Dhaka] PHP ERROR [2]: Undefined variable $totalDurationAll in D:\XAMPP\htdocs\eimbox-dashboard\eimbox-materio\core\package_checker.php on line 104
[12-Jan-2026 01:46:46 Asia/Dhaka] PHP ERROR [2]: Undefined variable $totalRecordsPage in D:\XAMPP\htdocs\eimbox-dashboard\eimbox-materio\core\package_checker.php on line 105
[12-Jan-2026 01:46:46 Asia/Dhaka] PHP ERROR [2]: Undefined variable $monitorPanel in D:\XAMPP\htdocs\eimbox-dashboard\eimbox-materio\footer.php on line 157
[12-Jan-2026 01:49:52 Asia/Dhaka] PHP ERROR [2]: Undefined variable $totalDurationPage in D:\XAMPP\htdocs\eimbox-dashboard\eimbox-materio\core\package_checker.php on line 103
[12-Jan-2026 01:49:52 Asia/Dhaka] PHP ERROR [2]: Undefined variable $totalDurationAll in D:\XAMPP\htdocs\eimbox-dashboard\eimbox-materio\core\package_checker.php on line 104
[12-Jan-2026 01:49:52 Asia/Dhaka] PHP ERROR [2]: Undefined variable $totalRecordsPage in D:\XAMPP\htdocs\eimbox-dashboard\eimbox-materio\core\package_checker.php on line 105
[12-Jan-2026 01:49:52 Asia/Dhaka] PHP ERROR [2]: Undefined variable $monitorPanel in D:\XAMPP\htdocs\eimbox-dashboard\eimbox-materio\footer.php on line 157
[12-Jan-2026 01:56:26 Asia/Dhaka] PHP ERROR [2]: Undefined variable $totalDurationPage in D:\XAMPP\htdocs\eimbox-dashboard\eimbox-materio\core\package_checker.php on line 103
[12-Jan-2026 01:56:26 Asia/Dhaka] PHP ERROR [2]: Undefined variable $totalDurationAll in D:\XAMPP\htdocs\eimbox-dashboard\eimbox-materio\core\package_checker.php on line 104
[12-Jan-2026 01:56:26 Asia/Dhaka] PHP ERROR [2]: Undefined variable $totalRecordsPage in D:\XAMPP\htdocs\eimbox-dashboard\eimbox-materio\core\package_checker.php on line 105
[12-Jan-2026 01:56:27 Asia/Dhaka] PHP ERROR [2]: Undefined variable $monitorPanel in D:\XAMPP\htdocs\eimbox-dashboard\eimbox-materio\footer.php on line 157
[12-Jan-2026 12:53:18 Asia/Dhaka] PHP ERROR [2]: Undefined variable $totalDurationPage in D:\XAMPP\htdocs\eimbox-dashboard\eimbox-materio\core\package_checker.php on line 103
[12-Jan-2026 12:53:18 Asia/Dhaka] PHP ERROR [2]: Undefined variable $totalDurationAll in D:\XAMPP\htdocs\eimbox-dashboard\eimbox-materio\core\package_checker.php on line 104
[12-Jan-2026 12:53:18 Asia/Dhaka] PHP ERROR [2]: Undefined variable $totalRecordsPage in D:\XAMPP\htdocs\eimbox-dashboard\eimbox-materio\core\package_checker.php on line 105
[12-Jan-2026 12:53:19 Asia/Dhaka] PHP ERROR [2]: Undefined variable $monitorPanel in D:\XAMPP\htdocs\eimbox-dashboard\eimbox-materio\footer.php on line 157
[12-Jan-2026 13:04:13 Asia/Dhaka] PHP ERROR [2]: Undefined variable $totalDurationPage in D:\XAMPP\htdocs\eimbox-dashboard\eimbox-materio\core\package_checker.php on line 103
[12-Jan-2026 13:04:13 Asia/Dhaka] PHP ERROR [2]: Undefined variable $totalDurationAll in D:\XAMPP\htdocs\eimbox-dashboard\eimbox-materio\core\package_checker.php on line 104
[12-Jan-2026 13:04:13 Asia/Dhaka] PHP ERROR [2]: Undefined variable $totalRecordsPage in D:\XAMPP\htdocs\eimbox-dashboard\eimbox-materio\core\package_checker.php on line 105
[12-Jan-2026 13:04:13 Asia/Dhaka] PHP ERROR [2]: Undefined variable $monitorPanel in D:\XAMPP\htdocs\eimbox-dashboard\eimbox-materio\footer.php on line 157
[12-Jan-2026 13:05:17 Asia/Dhaka] PHP ERROR [2]: Undefined variable $totalDurationPage in D:\XAMPP\htdocs\eimbox-dashboard\eimbox-materio\core\package_checker.php on line 103
[12-Jan-2026 13:05:17 Asia/Dhaka] PHP ERROR [2]: Undefined variable $totalDurationAll in D:\XAMPP\htdocs\eimbox-dashboard\eimbox-materio\core\package_checker.php on line 104
[12-Jan-2026 13:05:17 Asia/Dhaka] PHP ERROR [2]: Undefined variable $totalRecordsPage in D:\XAMPP\htdocs\eimbox-dashboard\eimbox-materio\core\package_checker.php on line 105
[12-Jan-2026 13:05:18 Asia/Dhaka] PHP ERROR [2]: Undefined variable $monitorPanel in D:\XAMPP\htdocs\eimbox-dashboard\eimbox-materio\footer.php on line 157
[12-Jan-2026 13:06:52 Asia/Dhaka] PHP ERROR [2]: Undefined variable $totalDurationPage in D:\XAMPP\htdocs\eimbox-dashboard\eimbox-materio\core\package_checker.php on line 103
[12-Jan-2026 13:06:52 Asia/Dhaka] PHP ERROR [2]: Undefined variable $totalDurationAll in D:\XAMPP\htdocs\eimbox-dashboard\eimbox-materio\core\package_checker.php on line 104
[12-Jan-2026 13:06:52 Asia/Dhaka] PHP ERROR [2]: Undefined variable $totalRecordsPage in D:\XAMPP\htdocs\eimbox-dashboard\eimbox-materio\core\package_checker.php on line 105
[12-Jan-2026 13:06:52 Asia/Dhaka] PHP ERROR [2]: Undefined variable $monitorPanel in D:\XAMPP\htdocs\eimbox-dashboard\eimbox-materio\footer.php on line 157
[12-Jan-2026 13:07:20 Asia/Dhaka] PHP ERROR [2]: Undefined variable $totalDurationPage in D:\XAMPP\htdocs\eimbox-dashboard\eimbox-materio\core\package_checker.php on line 103
[12-Jan-2026 13:07:20 Asia/Dhaka] PHP ERROR [2]: Undefined variable $totalDurationAll in D:\XAMPP\htdocs\eimbox-dashboard\eimbox-materio\core\package_checker.php on line 104
[12-Jan-2026 13:07:20 Asia/Dhaka] PHP ERROR [2]: Undefined variable $totalRecordsPage in D:\XAMPP\htdocs\eimbox-dashboard\eimbox-materio\core\package_checker.php on line 105
[12-Jan-2026 13:07:20 Asia/Dhaka] PHP ERROR [2]: Undefined variable $monitorPanel in D:\XAMPP\htdocs\eimbox-dashboard\eimbox-materio\footer.php on line 157
[12-Jan-2026 13:07:43 Asia/Dhaka] PHP ERROR [2]: Undefined variable $totalDurationPage in D:\XAMPP\htdocs\eimbox-dashboard\eimbox-materio\core\package_checker.php on line 103
[12-Jan-2026 13:07:43 Asia/Dhaka] PHP ERROR [2]: Undefined variable $totalDurationAll in D:\XAMPP\htdocs\eimbox-dashboard\eimbox-materio\core\package_checker.php on line 104
[12-Jan-2026 13:07:43 Asia/Dhaka] PHP ERROR [2]: Undefined variable $totalRecordsPage in D:\XAMPP\htdocs\eimbox-dashboard\eimbox-materio\core\package_checker.php on line 105
[12-Jan-2026 13:07:43 Asia/Dhaka] PHP ERROR [2]: Undefined variable $monitorPanel in D:\XAMPP\htdocs\eimbox-dashboard\eimbox-materio\footer.php on line 157
[12-Jan-2026 13:24:23 Asia/Dhaka] PHP ERROR [2]: Undefined variable $totalDurationPage in D:\XAMPP\htdocs\eimbox-dashboard\eimbox-materio\core\package_checker.php on line 103
[12-Jan-2026 13:24:23 Asia/Dhaka] PHP ERROR [2]: Undefined variable $totalDurationAll in D:\XAMPP\htdocs\eimbox-dashboard\eimbox-materio\core\package_checker.php on line 104
[12-Jan-2026 13:24:23 Asia/Dhaka] PHP ERROR [2]: Undefined variable $totalRecordsPage in D:\XAMPP\htdocs\eimbox-dashboard\eimbox-materio\core\package_checker.php on line 105
[12-Jan-2026 13:24:23 Asia/Dhaka] PHP ERROR [2]: Undefined variable $monitorPanel in D:\XAMPP\htdocs\eimbox-dashboard\eimbox-materio\footer.php on line 157
[12-Jan-2026 13:25:50 Asia/Dhaka] PHP ERROR [2]: Undefined variable $totalDurationPage in D:\XAMPP\htdocs\eimbox-dashboard\eimbox-materio\core\package_checker.php on line 103
[12-Jan-2026 13:25:50 Asia/Dhaka] PHP ERROR [2]: Undefined variable $totalDurationAll in D:\XAMPP\htdocs\eimbox-dashboard\eimbox-materio\core\package_checker.php on line 104
[12-Jan-2026 13:25:50 Asia/Dhaka] PHP ERROR [2]: Undefined variable $totalRecordsPage in D:\XAMPP\htdocs\eimbox-dashboard\eimbox-materio\core\package_checker.php on line 105
[12-Jan-2026 13:25:50 Asia/Dhaka] PHP ERROR [2]: Undefined variable $monitorPanel in D:\XAMPP\htdocs\eimbox-dashboard\eimbox-materio\footer.php on line 157
[12-Jan-2026 13:27:20 Asia/Dhaka] PHP ERROR [2]: Undefined variable $totalDurationPage in D:\XAMPP\htdocs\eimbox-dashboard\eimbox-materio\core\package_checker.php on line 103
[12-Jan-2026 13:27:20 Asia/Dhaka] PHP ERROR [2]: Undefined variable $totalDurationAll in D:\XAMPP\htdocs\eimbox-dashboard\eimbox-materio\core\package_checker.php on line 104
[12-Jan-2026 13:27:20 Asia/Dhaka] PHP ERROR [2]: Undefined variable $totalRecordsPage in D:\XAMPP\htdocs\eimbox-dashboard\eimbox-materio\core\package_checker.php on line 105
[12-Jan-2026 13:27:20 Asia/Dhaka] PHP ERROR [2]: Undefined variable $monitorPanel in D:\XAMPP\htdocs\eimbox-dashboard\eimbox-materio\footer.php on line 157
[12-Jan-2026 13:32:39 Asia/Dhaka] PHP ERROR [2]: Undefined variable $totalDurationPage in D:\XAMPP\htdocs\eimbox-dashboard\eimbox-materio\core\package_checker.php on line 103
[12-Jan-2026 13:32:39 Asia/Dhaka] PHP ERROR [2]: Undefined variable $totalDurationAll in D:\XAMPP\htdocs\eimbox-dashboard\eimbox-materio\core\package_checker.php on line 104
[12-Jan-2026 13:32:39 Asia/Dhaka] PHP ERROR [2]: Undefined variable $totalRecordsPage in D:\XAMPP\htdocs\eimbox-dashboard\eimbox-materio\core\package_checker.php on line 105
[12-Jan-2026 13:32:39 Asia/Dhaka] PHP ERROR [2]: Undefined variable $monitorPanel in D:\XAMPP\htdocs\eimbox-dashboard\eimbox-materio\footer.php on line 157
[12-Jan-2026 13:34:00 Asia/Dhaka] PHP ERROR [2]: Undefined variable $totalDurationPage in D:\XAMPP\htdocs\eimbox-dashboard\eimbox-materio\core\package_checker.php on line 103
[12-Jan-2026 13:34:00 Asia/Dhaka] PHP ERROR [2]: Undefined variable $totalDurationAll in D:\XAMPP\htdocs\eimbox-dashboard\eimbox-materio\core\package_checker.php on line 104
[12-Jan-2026 13:34:00 Asia/Dhaka] PHP ERROR [2]: Undefined variable $totalRecordsPage in D:\XAMPP\htdocs\eimbox-dashboard\eimbox-materio\core\package_checker.php on line 105
[12-Jan-2026 13:34:00 Asia/Dhaka] PHP ERROR [2]: Undefined variable $monitorPanel in D:\XAMPP\htdocs\eimbox-dashboard\eimbox-materio\footer.php on line 157
[12-Jan-2026 13:34:32 Asia/Dhaka] PHP ERROR [2]: Undefined variable $totalDurationPage in D:\XAMPP\htdocs\eimbox-dashboard\eimbox-materio\core\package_checker.php on line 103
[12-Jan-2026 13:34:32 Asia/Dhaka] PHP ERROR [2]: Undefined variable $totalDurationAll in D:\XAMPP\htdocs\eimbox-dashboard\eimbox-materio\core\package_checker.php on line 104
[12-Jan-2026 13:34:32 Asia/Dhaka] PHP ERROR [2]: Undefined variable $totalRecordsPage in D:\XAMPP\htdocs\eimbox-dashboard\eimbox-materio\core\package_checker.php on line 105
[12-Jan-2026 13:34:32 Asia/Dhaka] PHP ERROR [2]: Undefined variable $monitorPanel in D:\XAMPP\htdocs\eimbox-dashboard\eimbox-materio\footer.php on line 157
[12-Jan-2026 13:34:54 Asia/Dhaka] PHP ERROR [2]: Undefined variable $totalDurationPage in D:\XAMPP\htdocs\eimbox-dashboard\eimbox-materio\core\package_checker.php on line 103
[12-Jan-2026 13:34:54 Asia/Dhaka] PHP ERROR [2]: Undefined variable $totalDurationAll in D:\XAMPP\htdocs\eimbox-dashboard\eimbox-materio\core\package_checker.php on line 104
[12-Jan-2026 13:34:54 Asia/Dhaka] PHP ERROR [2]: Undefined variable $totalRecordsPage in D:\XAMPP\htdocs\eimbox-dashboard\eimbox-materio\core\package_checker.php on line 105
[12-Jan-2026 13:34:54 Asia/Dhaka] PHP ERROR [2]: Undefined variable $monitorPanel in D:\XAMPP\htdocs\eimbox-dashboard\eimbox-materio\footer.php on line 157
[12-Jan-2026 13:35:44 Asia/Dhaka] PHP ERROR [2]: Undefined variable $totalDurationPage in D:\XAMPP\htdocs\eimbox-dashboard\eimbox-materio\core\package_checker.php on line 103
[12-Jan-2026 13:35:44 Asia/Dhaka] PHP ERROR [2]: Undefined variable $totalDurationAll in D:\XAMPP\htdocs\eimbox-dashboard\eimbox-materio\core\package_checker.php on line 104
[12-Jan-2026 13:35:44 Asia/Dhaka] PHP ERROR [2]: Undefined variable $totalRecordsPage in D:\XAMPP\htdocs\eimbox-dashboard\eimbox-materio\core\package_checker.php on line 105
[12-Jan-2026 13:35:44 Asia/Dhaka] PHP ERROR [2]: Undefined variable $monitorPanel in D:\XAMPP\htdocs\eimbox-dashboard\eimbox-materio\footer.php on line 157
[12-Jan-2026 13:39:08 Asia/Dhaka] PHP ERROR [2]: Undefined variable $totalDurationPage in D:\XAMPP\htdocs\eimbox-dashboard\eimbox-materio\core\package_checker.php on line 103
[12-Jan-2026 13:39:08 Asia/Dhaka] PHP ERROR [2]: Undefined variable $totalDurationAll in D:\XAMPP\htdocs\eimbox-dashboard\eimbox-materio\core\package_checker.php on line 104
[12-Jan-2026 13:39:08 Asia/Dhaka] PHP ERROR [2]: Undefined variable $totalRecordsPage in D:\XAMPP\htdocs\eimbox-dashboard\eimbox-materio\core\package_checker.php on line 105
[12-Jan-2026 13:39:08 Asia/Dhaka] PHP ERROR [2]: Undefined variable $monitorPanel in D:\XAMPP\htdocs\eimbox-dashboard\eimbox-materio\footer.php on line 157
[12-Jan-2026 13:39:48 Asia/Dhaka] PHP ERROR [2]: Undefined variable $totalDurationPage in D:\XAMPP\htdocs\eimbox-dashboard\eimbox-materio\core\package_checker.php on line 103
[12-Jan-2026 13:39:48 Asia/Dhaka] PHP ERROR [2]: Undefined variable $totalDurationAll in D:\XAMPP\htdocs\eimbox-dashboard\eimbox-materio\core\package_checker.php on line 104
[12-Jan-2026 13:39:48 Asia/Dhaka] PHP ERROR [2]: Undefined variable $totalRecordsPage in D:\XAMPP\htdocs\eimbox-dashboard\eimbox-materio\core\package_checker.php on line 105
[12-Jan-2026 13:39:48 Asia/Dhaka] PHP ERROR [2]: Undefined variable $monitorPanel in D:\XAMPP\htdocs\eimbox-dashboard\eimbox-materio\footer.php on line 157
[12-Jan-2026 13:44:38 Asia/Dhaka] PHP ERROR [2]: Undefined variable $totalDurationPage in D:\XAMPP\htdocs\eimbox-dashboard\eimbox-materio\core\package_checker.php on line 103
[12-Jan-2026 13:44:38 Asia/Dhaka] PHP ERROR [2]: Undefined variable $totalDurationAll in D:\XAMPP\htdocs\eimbox-dashboard\eimbox-materio\core\package_checker.php on line 104
[12-Jan-2026 13:44:38 Asia/Dhaka] PHP ERROR [2]: Undefined variable $totalRecordsPage in D:\XAMPP\htdocs\eimbox-dashboard\eimbox-materio\core\package_checker.php on line 105
[12-Jan-2026 13:44:38 Asia/Dhaka] PHP ERROR [2]: Undefined variable $monitorPanel in D:\XAMPP\htdocs\eimbox-dashboard\eimbox-materio\footer.php on line 157
[12-Jan-2026 13:45:18 Asia/Dhaka] PHP ERROR [2]: Undefined variable $totalDurationPage in D:\XAMPP\htdocs\eimbox-dashboard\eimbox-materio\core\package_checker.php on line 103
[12-Jan-2026 13:45:18 Asia/Dhaka] PHP ERROR [2]: Undefined variable $totalDurationAll in D:\XAMPP\htdocs\eimbox-dashboard\eimbox-materio\core\package_checker.php on line 104
[12-Jan-2026 13:45:18 Asia/Dhaka] PHP ERROR [2]: Undefined variable $totalRecordsPage in D:\XAMPP\htdocs\eimbox-dashboard\eimbox-materio\core\package_checker.php on line 105
[12-Jan-2026 13:45:18 Asia/Dhaka] PHP ERROR [2]: Undefined variable $monitorPanel in D:\XAMPP\htdocs\eimbox-dashboard\eimbox-materio\footer.php on line 157
[12-Jan-2026 13:46:33 Asia/Dhaka] PHP ERROR [2]: Undefined variable $totalDurationPage in D:\XAMPP\htdocs\eimbox-dashboard\eimbox-materio\core\package_checker.php on line 103
[12-Jan-2026 13:46:33 Asia/Dhaka] PHP ERROR [2]: Undefined variable $totalDurationAll in D:\XAMPP\htdocs\eimbox-dashboard\eimbox-materio\core\package_checker.php on line 104
[12-Jan-2026 13:46:33 Asia/Dhaka] PHP ERROR [2]: Undefined variable $totalRecordsPage in D:\XAMPP\htdocs\eimbox-dashboard\eimbox-materio\core\package_checker.php on line 105
[12-Jan-2026 13:46:33 Asia/Dhaka] PHP ERROR [2]: Undefined variable $monitorPanel in D:\XAMPP\htdocs\eimbox-dashboard\eimbox-materio\footer.php on line 157
[12-Jan-2026 13:49:35 Asia/Dhaka] PHP ERROR [2]: Undefined variable $totalDurationPage in D:\XAMPP\htdocs\eimbox-dashboard\eimbox-materio\core\package_checker.php on line 103
[12-Jan-2026 13:49:35 Asia/Dhaka] PHP ERROR [2]: Undefined variable $totalDurationAll in D:\XAMPP\htdocs\eimbox-dashboard\eimbox-materio\core\package_checker.php on line 104
[12-Jan-2026 13:49:35 Asia/Dhaka] PHP ERROR [2]: Undefined variable $totalRecordsPage in D:\XAMPP\htdocs\eimbox-dashboard\eimbox-materio\core\package_checker.php on line 105
[12-Jan-2026 13:49:35 Asia/Dhaka] PHP ERROR [8192]: htmlspecialchars(): Passing null to parameter #1 ($string) of type string is deprecated in D:\XAMPP\htdocs\eimbox-dashboard\eimbox-materio\header.php on line 267
[12-Jan-2026 13:49:35 Asia/Dhaka] PHP ERROR [8192]: htmlspecialchars(): Passing null to parameter #1 ($string) of type string is deprecated in D:\XAMPP\htdocs\eimbox-dashboard\eimbox-materio\header.php on line 268
[12-Jan-2026 13:49:35 Asia/Dhaka] PHP ERROR [8192]: htmlspecialchars(): Passing null to parameter #1 ($string) of type string is deprecated in D:\XAMPP\htdocs\eimbox-dashboard\eimbox-materio\header.php on line 267
[12-Jan-2026 13:49:35 Asia/Dhaka] PHP ERROR [2]: Undefined variable $monitorPanel in D:\XAMPP\htdocs\eimbox-dashboard\eimbox-materio\footer.php on line 157
[12-Jan-2026 13:49:37 Asia/Dhaka] PHP ERROR [2]: Undefined variable $totalDurationPage in D:\XAMPP\htdocs\eimbox-dashboard\eimbox-materio\core\package_checker.php on line 103
[12-Jan-2026 13:49:37 Asia/Dhaka] PHP ERROR [2]: Undefined variable $totalDurationAll in D:\XAMPP\htdocs\eimbox-dashboard\eimbox-materio\core\package_checker.php on line 104
[12-Jan-2026 13:49:37 Asia/Dhaka] PHP ERROR [2]: Undefined variable $totalRecordsPage in D:\XAMPP\htdocs\eimbox-dashboard\eimbox-materio\core\package_checker.php on line 105
[12-Jan-2026 13:49:37 Asia/Dhaka] PHP ERROR [2]: Undefined variable $monitorPanel in D:\XAMPP\htdocs\eimbox-dashboard\eimbox-materio\footer.php on line 157
[12-Jan-2026 13:52:22 Asia/Dhaka] PHP ERROR [2]: Undefined variable $totalDurationPage in D:\XAMPP\htdocs\eimbox-dashboard\eimbox-materio\core\package_checker.php on line 103
[12-Jan-2026 13:52:22 Asia/Dhaka] PHP ERROR [2]: Undefined variable $totalDurationAll in D:\XAMPP\htdocs\eimbox-dashboard\eimbox-materio\core\package_checker.php on line 104
[12-Jan-2026 13:52:22 Asia/Dhaka] PHP ERROR [2]: Undefined variable $totalRecordsPage in D:\XAMPP\htdocs\eimbox-dashboard\eimbox-materio\core\package_checker.php on line 105
[12-Jan-2026 13:52:22 Asia/Dhaka] PHP ERROR [2]: Undefined variable $monitorPanel in D:\XAMPP\htdocs\eimbox-dashboard\eimbox-materio\footer.php on line 157
[12-Jan-2026 13:53:16 Asia/Dhaka] PHP ERROR [2]: Undefined variable $totalDurationPage in D:\XAMPP\htdocs\eimbox-dashboard\eimbox-materio\core\package_checker.php on line 103
[12-Jan-2026 13:53:16 Asia/Dhaka] PHP ERROR [2]: Undefined variable $totalDurationAll in D:\XAMPP\htdocs\eimbox-dashboard\eimbox-materio\core\package_checker.php on line 104
[12-Jan-2026 13:53:16 Asia/Dhaka] PHP ERROR [2]: Undefined variable $totalRecordsPage in D:\XAMPP\htdocs\eimbox-dashboard\eimbox-materio\core\package_checker.php on line 105
[12-Jan-2026 13:53:16 Asia/Dhaka] PHP ERROR [2]: Undefined variable $monitorPanel in D:\XAMPP\htdocs\eimbox-dashboard\eimbox-materio\footer.php on line 157
[12-Jan-2026 13:54:42 Asia/Dhaka] PHP ERROR [2]: Undefined variable $totalDurationPage in D:\XAMPP\htdocs\eimbox-dashboard\eimbox-materio\core\package_checker.php on line 103
[12-Jan-2026 13:54:42 Asia/Dhaka] PHP ERROR [2]: Undefined variable $totalDurationAll in D:\XAMPP\htdocs\eimbox-dashboard\eimbox-materio\core\package_checker.php on line 104
[12-Jan-2026 13:54:42 Asia/Dhaka] PHP ERROR [2]: Undefined variable $totalRecordsPage in D:\XAMPP\htdocs\eimbox-dashboard\eimbox-materio\core\package_checker.php on line 105
[12-Jan-2026 13:54:42 Asia/Dhaka] PHP ERROR [2]: Undefined variable $monitorPanel in D:\XAMPP\htdocs\eimbox-dashboard\eimbox-materio\footer.php on line 157
[12-Jan-2026 13:56:04 Asia/Dhaka] PHP ERROR [2]: Undefined variable $totalDurationPage in D:\XAMPP\htdocs\eimbox-dashboard\eimbox-materio\core\package_checker.php on line 103
[12-Jan-2026 13:56:04 Asia/Dhaka] PHP ERROR [2]: Undefined variable $totalDurationAll in D:\XAMPP\htdocs\eimbox-dashboard\eimbox-materio\core\package_checker.php on line 104
[12-Jan-2026 13:56:04 Asia/Dhaka] PHP ERROR [2]: Undefined variable $totalRecordsPage in D:\XAMPP\htdocs\eimbox-dashboard\eimbox-materio\core\package_checker.php on line 105
[12-Jan-2026 13:56:04 Asia/Dhaka] PHP ERROR [2]: Undefined variable $monitorPanel in D:\XAMPP\htdocs\eimbox-dashboard\eimbox-materio\footer.php on line 157
[12-Jan-2026 13:57:31 Asia/Dhaka] PHP ERROR [2]: Undefined variable $totalDurationPage in D:\XAMPP\htdocs\eimbox-dashboard\eimbox-materio\core\package_checker.php on line 103
[12-Jan-2026 13:57:31 Asia/Dhaka] PHP ERROR [2]: Undefined variable $totalDurationAll in D:\XAMPP\htdocs\eimbox-dashboard\eimbox-materio\core\package_checker.php on line 104
[12-Jan-2026 13:57:31 Asia/Dhaka] PHP ERROR [2]: Undefined variable $totalRecordsPage in D:\XAMPP\htdocs\eimbox-dashboard\eimbox-materio\core\package_checker.php on line 105
[12-Jan-2026 13:57:31 Asia/Dhaka] PHP ERROR [2]: Undefined variable $monitorPanel in D:\XAMPP\htdocs\eimbox-dashboard\eimbox-materio\footer.php on line 157
[12-Jan-2026 13:58:09 Asia/Dhaka] PHP ERROR [2]: Undefined variable $totalDurationPage in D:\XAMPP\htdocs\eimbox-dashboard\eimbox-materio\core\package_checker.php on line 69
[12-Jan-2026 13:58:09 Asia/Dhaka] PHP ERROR [2]: Undefined variable $totalDurationAll in D:\XAMPP\htdocs\eimbox-dashboard\eimbox-materio\core\package_checker.php on line 69
[12-Jan-2026 13:58:09 Asia/Dhaka] PHP ERROR [2]: Undefined variable $totalRecordsPage in D:\XAMPP\htdocs\eimbox-dashboard\eimbox-materio\core\package_checker.php on line 69
[12-Jan-2026 13:58:09 Asia/Dhaka] PHP ERROR [2]: Undefined variable $totalDurationPage in D:\XAMPP\htdocs\eimbox-dashboard\eimbox-materio\core\package_checker.php on line 103
[12-Jan-2026 13:58:09 Asia/Dhaka] PHP ERROR [2]: Undefined variable $totalDurationAll in D:\XAMPP\htdocs\eimbox-dashboard\eimbox-materio\core\package_checker.php on line 104
[12-Jan-2026 13:58:09 Asia/Dhaka] PHP ERROR [2]: Undefined variable $totalRecordsPage in D:\XAMPP\htdocs\eimbox-dashboard\eimbox-materio\core\package_checker.php on line 105
[12-Jan-2026 13:58:09 Asia/Dhaka] PHP ERROR [2]: Undefined variable $monitorPanel in D:\XAMPP\htdocs\eimbox-dashboard\eimbox-materio\footer.php on line 157
[12-Jan-2026 13:59:13 Asia/Dhaka] PHP ERROR [2]: Undefined variable $totalDurationPage in D:\XAMPP\htdocs\eimbox-dashboard\eimbox-materio\core\package_checker.php on line 103
[12-Jan-2026 13:59:13 Asia/Dhaka] PHP ERROR [2]: Undefined variable $totalDurationAll in D:\XAMPP\htdocs\eimbox-dashboard\eimbox-materio\core\package_checker.php on line 104
[12-Jan-2026 13:59:13 Asia/Dhaka] PHP ERROR [2]: Undefined variable $totalRecordsPage in D:\XAMPP\htdocs\eimbox-dashboard\eimbox-materio\core\package_checker.php on line 105
[12-Jan-2026 13:59:13 Asia/Dhaka] PHP ERROR [2]: Undefined variable $monitorPanel in D:\XAMPP\htdocs\eimbox-dashboard\eimbox-materio\footer.php on line 157
[12-Jan-2026 14:02:18 Asia/Dhaka] PHP ERROR [2]: Undefined variable $totalDurationPage in D:\XAMPP\htdocs\eimbox-dashboard\eimbox-materio\core\package_checker.php on line 103
[12-Jan-2026 14:02:18 Asia/Dhaka] PHP ERROR [2]: Undefined variable $totalDurationAll in D:\XAMPP\htdocs\eimbox-dashboard\eimbox-materio\core\package_checker.php on line 104
[12-Jan-2026 14:02:18 Asia/Dhaka] PHP ERROR [2]: Undefined variable $totalRecordsPage in D:\XAMPP\htdocs\eimbox-dashboard\eimbox-materio\core\package_checker.php on line 105
[12-Jan-2026 14:02:18 Asia/Dhaka] PHP ERROR [2]: Undefined variable $monitorPanel in D:\XAMPP\htdocs\eimbox-dashboard\eimbox-materio\footer.php on line 157
[12-Jan-2026 14:03:45 Asia/Dhaka] PHP ERROR [2]: Undefined variable $totalDurationPage in D:\XAMPP\htdocs\eimbox-dashboard\eimbox-materio\core\package_checker.php on line 103
[12-Jan-2026 14:03:45 Asia/Dhaka] PHP ERROR [2]: Undefined variable $totalDurationAll in D:\XAMPP\htdocs\eimbox-dashboard\eimbox-materio\core\package_checker.php on line 104
[12-Jan-2026 14:03:45 Asia/Dhaka] PHP ERROR [2]: Undefined variable $totalRecordsPage in D:\XAMPP\htdocs\eimbox-dashboard\eimbox-materio\core\package_checker.php on line 105
[12-Jan-2026 14:03:45 Asia/Dhaka] PHP ERROR [2]: Undefined variable $monitorPanel in D:\XAMPP\htdocs\eimbox-dashboard\eimbox-materio\footer.php on line 157
[12-Jan-2026 18:49:31 Asia/Dhaka] PHP ERROR [2]: Undefined variable $totalDurationPage in D:\XAMPP\htdocs\eimbox-dashboard\eimbox-materio\core\package_checker.php on line 103
[12-Jan-2026 18:49:31 Asia/Dhaka] PHP ERROR [2]: Undefined variable $totalDurationAll in D:\XAMPP\htdocs\eimbox-dashboard\eimbox-materio\core\package_checker.php on line 104
[12-Jan-2026 18:49:31 Asia/Dhaka] PHP ERROR [2]: Undefined variable $totalRecordsPage in D:\XAMPP\htdocs\eimbox-dashboard\eimbox-materio\core\package_checker.php on line 105
[12-Jan-2026 18:49:31 Asia/Dhaka] PHP ERROR [2]: Undefined variable $monitorPanel in D:\XAMPP\htdocs\eimbox-dashboard\eimbox-materio\footer.php on line 157
[12-Jan-2026 18:50:09 Asia/Dhaka] PHP ERROR [2]: Undefined variable $totalDurationPage in D:\XAMPP\htdocs\eimbox-dashboard\eimbox-materio\core\package_checker.php on line 103
[12-Jan-2026 18:50:09 Asia/Dhaka] PHP ERROR [2]: Undefined variable $totalDurationAll in D:\XAMPP\htdocs\eimbox-dashboard\eimbox-materio\core\package_checker.php on line 104
[12-Jan-2026 18:50:09 Asia/Dhaka] PHP ERROR [2]: Undefined variable $totalRecordsPage in D:\XAMPP\htdocs\eimbox-dashboard\eimbox-materio\core\package_checker.php on line 105
[12-Jan-2026 18:50:09 Asia/Dhaka] PHP ERROR [2]: Undefined variable $monitorPanel in D:\XAMPP\htdocs\eimbox-dashboard\eimbox-materio\footer.php on line 157
[12-Jan-2026 18:51:57 Asia/Dhaka] PHP ERROR [2]: Undefined variable $totalDurationPage in D:\XAMPP\htdocs\eimbox-dashboard\eimbox-materio\core\package_checker.php on line 103
[12-Jan-2026 18:51:57 Asia/Dhaka] PHP ERROR [2]: Undefined variable $totalDurationAll in D:\XAMPP\htdocs\eimbox-dashboard\eimbox-materio\core\package_checker.php on line 104
[12-Jan-2026 18:51:57 Asia/Dhaka] PHP ERROR [2]: Undefined variable $totalRecordsPage in D:\XAMPP\htdocs\eimbox-dashboard\eimbox-materio\core\package_checker.php on line 105
[12-Jan-2026 18:51:57 Asia/Dhaka] PHP ERROR [2]: Undefined variable $monitorPanel in D:\XAMPP\htdocs\eimbox-dashboard\eimbox-materio\footer.php on line 157
[12-Jan-2026 18:52:12 Asia/Dhaka] PHP ERROR [2]: Undefined variable $totalDurationPage in D:\XAMPP\htdocs\eimbox-dashboard\eimbox-materio\core\package_checker.php on line 103
[12-Jan-2026 18:52:12 Asia/Dhaka] PHP ERROR [2]: Undefined variable $totalDurationAll in D:\XAMPP\htdocs\eimbox-dashboard\eimbox-materio\core\package_checker.php on line 104
[12-Jan-2026 18:52:12 Asia/Dhaka] PHP ERROR [2]: Undefined variable $totalRecordsPage in D:\XAMPP\htdocs\eimbox-dashboard\eimbox-materio\core\package_checker.php on line 105
[12-Jan-2026 18:52:12 Asia/Dhaka] PHP ERROR [2]: Undefined variable $monitorPanel in D:\XAMPP\htdocs\eimbox-dashboard\eimbox-materio\footer.php on line 157
[12-Jan-2026 18:53:05 Asia/Dhaka] PHP ERROR [2]: Undefined variable $totalDurationPage in D:\XAMPP\htdocs\eimbox-dashboard\eimbox-materio\core\package_checker.php on line 103
[12-Jan-2026 18:53:05 Asia/Dhaka] PHP ERROR [2]: Undefined variable $totalDurationAll in D:\XAMPP\htdocs\eimbox-dashboard\eimbox-materio\core\package_checker.php on line 104
[12-Jan-2026 18:53:05 Asia/Dhaka] PHP ERROR [2]: Undefined variable $totalRecordsPage in D:\XAMPP\htdocs\eimbox-dashboard\eimbox-materio\core\package_checker.php on line 105
[12-Jan-2026 18:53:05 Asia/Dhaka] PHP ERROR [2]: Undefined variable $monitorPanel in D:\XAMPP\htdocs\eimbox-dashboard\eimbox-materio\footer.php on line 157
[12-Jan-2026 18:56:08 Asia/Dhaka] PHP ERROR [2]: Undefined variable $totalDurationPage in D:\XAMPP\htdocs\eimbox-dashboard\eimbox-materio\core\package_checker.php on line 103
[12-Jan-2026 18:56:08 Asia/Dhaka] PHP ERROR [2]: Undefined variable $totalDurationAll in D:\XAMPP\htdocs\eimbox-dashboard\eimbox-materio\core\package_checker.php on line 104
[12-Jan-2026 18:56:08 Asia/Dhaka] PHP ERROR [2]: Undefined variable $totalRecordsPage in D:\XAMPP\htdocs\eimbox-dashboard\eimbox-materio\core\package_checker.php on line 105
[12-Jan-2026 18:56:08 Asia/Dhaka] PHP ERROR [2]: Undefined variable $monitorPanel in D:\XAMPP\htdocs\eimbox-dashboard\eimbox-materio\footer.php on line 157
[12-Jan-2026 19:01:03 Asia/Dhaka] PHP ERROR [2]: Undefined variable $totalDurationPage in D:\XAMPP\htdocs\eimbox-dashboard\eimbox-materio\core\package_checker.php on line 103
[12-Jan-2026 19:01:03 Asia/Dhaka] PHP ERROR [2]: Undefined variable $totalDurationAll in D:\XAMPP\htdocs\eimbox-dashboard\eimbox-materio\core\package_checker.php on line 104
[12-Jan-2026 19:01:03 Asia/Dhaka] PHP ERROR [2]: Undefined variable $totalRecordsPage in D:\XAMPP\htdocs\eimbox-dashboard\eimbox-materio\core\package_checker.php on line 105
[12-Jan-2026 19:01:03 Asia/Dhaka] PHP ERROR [2]: Undefined variable $monitorPanel in D:\XAMPP\htdocs\eimbox-dashboard\eimbox-materio\footer.php on line 157
[12-Jan-2026 19:01:18 Asia/Dhaka] PHP ERROR [2]: Undefined variable $totalDurationPage in D:\XAMPP\htdocs\eimbox-dashboard\eimbox-materio\core\package_checker.php on line 103
[12-Jan-2026 19:01:18 Asia/Dhaka] PHP ERROR [2]: Undefined variable $totalDurationAll in D:\XAMPP\htdocs\eimbox-dashboard\eimbox-materio\core\package_checker.php on line 104
[12-Jan-2026 19:01:18 Asia/Dhaka] PHP ERROR [2]: Undefined variable $totalRecordsPage in D:\XAMPP\htdocs\eimbox-dashboard\eimbox-materio\core\package_checker.php on line 105
[12-Jan-2026 19:01:18 Asia/Dhaka] PHP ERROR [2]: Undefined variable $monitorPanel in D:\XAMPP\htdocs\eimbox-dashboard\eimbox-materio\footer.php on line 157
[12-Jan-2026 19:01:46 Asia/Dhaka] PHP ERROR [2]: Undefined variable $totalDurationPage in D:\XAMPP\htdocs\eimbox-dashboard\eimbox-materio\core\package_checker.php on line 103
[12-Jan-2026 19:01:46 Asia/Dhaka] PHP ERROR [2]: Undefined variable $totalDurationAll in D:\XAMPP\htdocs\eimbox-dashboard\eimbox-materio\core\package_checker.php on line 104
[12-Jan-2026 19:01:46 Asia/Dhaka] PHP ERROR [2]: Undefined variable $totalRecordsPage in D:\XAMPP\htdocs\eimbox-dashboard\eimbox-materio\core\package_checker.php on line 105
[12-Jan-2026 19:01:46 Asia/Dhaka] PHP ERROR [2]: Undefined variable $monitorPanel in D:\XAMPP\htdocs\eimbox-dashboard\eimbox-materio\footer.php on line 157
[12-Jan-2026 19:02:20 Asia/Dhaka] PHP ERROR [2]: Undefined variable $totalDurationPage in D:\XAMPP\htdocs\eimbox-dashboard\eimbox-materio\core\package_checker.php on line 103
[12-Jan-2026 19:02:20 Asia/Dhaka] PHP ERROR [2]: Undefined variable $totalDurationAll in D:\XAMPP\htdocs\eimbox-dashboard\eimbox-materio\core\package_checker.php on line 104
[12-Jan-2026 19:02:20 Asia/Dhaka] PHP ERROR [2]: Undefined variable $totalRecordsPage in D:\XAMPP\htdocs\eimbox-dashboard\eimbox-materio\core\package_checker.php on line 105
[12-Jan-2026 19:02:20 Asia/Dhaka] PHP ERROR [2]: Undefined variable $monitorPanel in D:\XAMPP\htdocs\eimbox-dashboard\eimbox-materio\footer.php on line 157
[12-Jan-2026 19:02:50 Asia/Dhaka] PHP ERROR [2]: Undefined variable $totalDurationPage in D:\XAMPP\htdocs\eimbox-dashboard\eimbox-materio\core\package_checker.php on line 103
[12-Jan-2026 19:02:50 Asia/Dhaka] PHP ERROR [2]: Undefined variable $totalDurationAll in D:\XAMPP\htdocs\eimbox-dashboard\eimbox-materio\core\package_checker.php on line 104
[12-Jan-2026 19:02:50 Asia/Dhaka] PHP ERROR [2]: Undefined variable $totalRecordsPage in D:\XAMPP\htdocs\eimbox-dashboard\eimbox-materio\core\package_checker.php on line 105
[12-Jan-2026 19:02:50 Asia/Dhaka] PHP ERROR [2]: Undefined variable $monitorPanel in D:\XAMPP\htdocs\eimbox-dashboard\eimbox-materio\footer.php on line 157
[12-Jan-2026 19:03:08 Asia/Dhaka] PHP ERROR [2]: Undefined variable $totalDurationPage in D:\XAMPP\htdocs\eimbox-dashboard\eimbox-materio\core\package_checker.php on line 103
[12-Jan-2026 19:03:08 Asia/Dhaka] PHP ERROR [2]: Undefined variable $totalDurationAll in D:\XAMPP\htdocs\eimbox-dashboard\eimbox-materio\core\package_checker.php on line 104
[12-Jan-2026 19:03:08 Asia/Dhaka] PHP ERROR [2]: Undefined variable $totalRecordsPage in D:\XAMPP\htdocs\eimbox-dashboard\eimbox-materio\core\package_checker.php on line 105
[12-Jan-2026 19:03:08 Asia/Dhaka] PHP ERROR [2]: Undefined variable $monitorPanel in D:\XAMPP\htdocs\eimbox-dashboard\eimbox-materio\footer.php on line 157
[12-Jan-2026 19:06:07 Asia/Dhaka] PHP ERROR [2]: Undefined variable $totalDurationPage in D:\XAMPP\htdocs\eimbox-dashboard\eimbox-materio\core\package_checker.php on line 103
[12-Jan-2026 19:06:07 Asia/Dhaka] PHP ERROR [2]: Undefined variable $totalDurationAll in D:\XAMPP\htdocs\eimbox-dashboard\eimbox-materio\core\package_checker.php on line 104
[12-Jan-2026 19:06:07 Asia/Dhaka] PHP ERROR [2]: Undefined variable $totalRecordsPage in D:\XAMPP\htdocs\eimbox-dashboard\eimbox-materio\core\package_checker.php on line 105
[12-Jan-2026 19:06:07 Asia/Dhaka] PHP ERROR [2]: Undefined variable $monitorPanel in D:\XAMPP\htdocs\eimbox-dashboard\eimbox-materio\footer.php on line 157
[12-Jan-2026 19:09:40 Asia/Dhaka] PHP ERROR [2]: Undefined variable $totalDurationPage in D:\XAMPP\htdocs\eimbox-dashboard\eimbox-materio\core\package_checker.php on line 103
[12-Jan-2026 19:09:40 Asia/Dhaka] PHP ERROR [2]: Undefined variable $totalDurationAll in D:\XAMPP\htdocs\eimbox-dashboard\eimbox-materio\core\package_checker.php on line 104
[12-Jan-2026 19:09:40 Asia/Dhaka] PHP ERROR [2]: Undefined variable $totalRecordsPage in D:\XAMPP\htdocs\eimbox-dashboard\eimbox-materio\core\package_checker.php on line 105
[12-Jan-2026 19:09:40 Asia/Dhaka] PHP ERROR [2]: Undefined variable $monitorPanel in D:\XAMPP\htdocs\eimbox-dashboard\eimbox-materio\footer.php on line 157
[12-Jan-2026 19:15:22 Asia/Dhaka] PHP ERROR [2]: Undefined variable $totalDurationPage in D:\XAMPP\htdocs\eimbox-dashboard\eimbox-materio\core\package_checker.php on line 103
[12-Jan-2026 19:15:22 Asia/Dhaka] PHP ERROR [2]: Undefined variable $totalDurationAll in D:\XAMPP\htdocs\eimbox-dashboard\eimbox-materio\core\package_checker.php on line 104
[12-Jan-2026 19:15:22 Asia/Dhaka] PHP ERROR [2]: Undefined variable $totalRecordsPage in D:\XAMPP\htdocs\eimbox-dashboard\eimbox-materio\core\package_checker.php on line 105
[12-Jan-2026 19:15:22 Asia/Dhaka] PHP ERROR [2]: Undefined variable $monitorPanel in D:\XAMPP\htdocs\eimbox-dashboard\eimbox-materio\footer.php on line 157
[12-Jan-2026 19:16:54 Asia/Dhaka] PHP ERROR [2]: Undefined variable $totalDurationPage in D:\XAMPP\htdocs\eimbox-dashboard\eimbox-materio\core\package_checker.php on line 103
[12-Jan-2026 19:16:54 Asia/Dhaka] PHP ERROR [2]: Undefined variable $totalDurationAll in D:\XAMPP\htdocs\eimbox-dashboard\eimbox-materio\core\package_checker.php on line 104
[12-Jan-2026 19:16:54 Asia/Dhaka] PHP ERROR [2]: Undefined variable $totalRecordsPage in D:\XAMPP\htdocs\eimbox-dashboard\eimbox-materio\core\package_checker.php on line 105
[12-Jan-2026 19:16:54 Asia/Dhaka] PHP ERROR [2]: Undefined variable $monitorPanel in D:\XAMPP\htdocs\eimbox-dashboard\eimbox-materio\footer.php on line 157
[12-Jan-2026 19:17:54 Asia/Dhaka] PHP ERROR [2]: Undefined variable $totalDurationPage in D:\XAMPP\htdocs\eimbox-dashboard\eimbox-materio\core\package_checker.php on line 103
[12-Jan-2026 19:17:54 Asia/Dhaka] PHP ERROR [2]: Undefined variable $totalDurationAll in D:\XAMPP\htdocs\eimbox-dashboard\eimbox-materio\core\package_checker.php on line 104
[12-Jan-2026 19:17:54 Asia/Dhaka] PHP ERROR [2]: Undefined variable $totalRecordsPage in D:\XAMPP\htdocs\eimbox-dashboard\eimbox-materio\core\package_checker.php on line 105
[12-Jan-2026 19:17:54 Asia/Dhaka] PHP ERROR [2]: Undefined variable $monitorPanel in D:\XAMPP\htdocs\eimbox-dashboard\eimbox-materio\footer.php on line 157
[12-Jan-2026 19:22:04 Asia/Dhaka] PHP ERROR [2]: Undefined variable $totalDurationPage in D:\XAMPP\htdocs\eimbox-dashboard\eimbox-materio\core\package_checker.php on line 103
[12-Jan-2026 19:22:04 Asia/Dhaka] PHP ERROR [2]: Undefined variable $totalDurationAll in D:\XAMPP\htdocs\eimbox-dashboard\eimbox-materio\core\package_checker.php on line 104
[12-Jan-2026 19:22:04 Asia/Dhaka] PHP ERROR [2]: Undefined variable $totalRecordsPage in D:\XAMPP\htdocs\eimbox-dashboard\eimbox-materio\core\package_checker.php on line 105
[12-Jan-2026 19:22:05 Asia/Dhaka] PHP ERROR [2]: Undefined variable $monitorPanel in D:\XAMPP\htdocs\eimbox-dashboard\eimbox-materio\footer.php on line 157
[12-Jan-2026 19:23:37 Asia/Dhaka] PHP ERROR [2]: Undefined variable $totalDurationPage in D:\XAMPP\htdocs\eimbox-dashboard\eimbox-materio\core\package_checker.php on line 103
[12-Jan-2026 19:23:37 Asia/Dhaka] PHP ERROR [2]: Undefined variable $totalDurationAll in D:\XAMPP\htdocs\eimbox-dashboard\eimbox-materio\core\package_checker.php on line 104
[12-Jan-2026 19:23:37 Asia/Dhaka] PHP ERROR [2]: Undefined variable $totalRecordsPage in D:\XAMPP\htdocs\eimbox-dashboard\eimbox-materio\core\package_checker.php on line 105
[12-Jan-2026 19:23:37 Asia/Dhaka] PHP ERROR [2]: Undefined variable $monitorPanel in D:\XAMPP\htdocs\eimbox-dashboard\eimbox-materio\footer.php on line 157
[12-Jan-2026 19:33:13 Asia/Dhaka] PHP ERROR [2]: Undefined variable $totalDurationPage in D:\XAMPP\htdocs\eimbox-dashboard\eimbox-materio\core\package_checker.php on line 103
[12-Jan-2026 19:33:13 Asia/Dhaka] PHP ERROR [2]: Undefined variable $totalDurationAll in D:\XAMPP\htdocs\eimbox-dashboard\eimbox-materio\core\package_checker.php on line 104
[12-Jan-2026 19:33:13 Asia/Dhaka] PHP ERROR [2]: Undefined variable $totalRecordsPage in D:\XAMPP\htdocs\eimbox-dashboard\eimbox-materio\core\package_checker.php on line 105
[12-Jan-2026 19:33:13 Asia/Dhaka] PHP ERROR [2]: Undefined variable $monitorPanel in D:\XAMPP\htdocs\eimbox-dashboard\eimbox-materio\footer.php on line 157
[12-Jan-2026 19:33:47 Asia/Dhaka] PHP ERROR [2]: Undefined variable $totalDurationPage in D:\XAMPP\htdocs\eimbox-dashboard\eimbox-materio\core\package_checker.php on line 103
[12-Jan-2026 19:33:47 Asia/Dhaka] PHP ERROR [2]: Undefined variable $totalDurationAll in D:\XAMPP\htdocs\eimbox-dashboard\eimbox-materio\core\package_checker.php on line 104
[12-Jan-2026 19:33:47 Asia/Dhaka] PHP ERROR [2]: Undefined variable $totalRecordsPage in D:\XAMPP\htdocs\eimbox-dashboard\eimbox-materio\core\package_checker.php on line 105
[12-Jan-2026 19:33:47 Asia/Dhaka] PHP ERROR [2]: Undefined variable $monitorPanel in D:\XAMPP\htdocs\eimbox-dashboard\eimbox-materio\footer.php on line 157
[12-Jan-2026 19:34:31 Asia/Dhaka] PHP ERROR [2]: Undefined variable $totalDurationPage in D:\XAMPP\htdocs\eimbox-dashboard\eimbox-materio\core\package_checker.php on line 103
[12-Jan-2026 19:34:31 Asia/Dhaka] PHP ERROR [2]: Undefined variable $totalDurationAll in D:\XAMPP\htdocs\eimbox-dashboard\eimbox-materio\core\package_checker.php on line 104
[12-Jan-2026 19:34:31 Asia/Dhaka] PHP ERROR [2]: Undefined variable $totalRecordsPage in D:\XAMPP\htdocs\eimbox-dashboard\eimbox-materio\core\package_checker.php on line 105
[12-Jan-2026 19:34:31 Asia/Dhaka] PHP ERROR [2]: Undefined variable $monitorPanel in D:\XAMPP\htdocs\eimbox-dashboard\eimbox-materio\footer.php on line 157
[12-Jan-2026 19:36:11 Asia/Dhaka] PHP ERROR [2]: Undefined variable $totalDurationPage in D:\XAMPP\htdocs\eimbox-dashboard\eimbox-materio\core\package_checker.php on line 103
[12-Jan-2026 19:36:11 Asia/Dhaka] PHP ERROR [2]: Undefined variable $totalDurationAll in D:\XAMPP\htdocs\eimbox-dashboard\eimbox-materio\core\package_checker.php on line 104
[12-Jan-2026 19:36:11 Asia/Dhaka] PHP ERROR [2]: Undefined variable $totalRecordsPage in D:\XAMPP\htdocs\eimbox-dashboard\eimbox-materio\core\package_checker.php on line 105
[12-Jan-2026 19:36:11 Asia/Dhaka] PHP ERROR [2]: Undefined variable $monitorPanel in D:\XAMPP\htdocs\eimbox-dashboard\eimbox-materio\footer.php on line 157
[12-Jan-2026 22:20:06 Asia/Dhaka] PHP ERROR [2]: Undefined variable $totalDurationPage in D:\XAMPP\htdocs\eimbox-dashboard\eimbox-materio\core\package_checker.php on line 103
[12-Jan-2026 22:20:06 Asia/Dhaka] PHP ERROR [2]: Undefined variable $totalDurationAll in D:\XAMPP\htdocs\eimbox-dashboard\eimbox-materio\core\package_checker.php on line 104
[12-Jan-2026 22:20:06 Asia/Dhaka] PHP ERROR [2]: Undefined variable $totalRecordsPage in D:\XAMPP\htdocs\eimbox-dashboard\eimbox-materio\core\package_checker.php on line 105
[12-Jan-2026 22:20:06 Asia/Dhaka] PHP ERROR [2]: Undefined variable $monitorPanel in D:\XAMPP\htdocs\eimbox-dashboard\eimbox-materio\footer.php on line 157
[12-Jan-2026 22:24:06 Asia/Dhaka] PHP ERROR [2]: Undefined variable $totalDurationPage in D:\XAMPP\htdocs\eimbox-dashboard\eimbox-materio\core\package_checker.php on line 103
[12-Jan-2026 22:24:06 Asia/Dhaka] PHP ERROR [2]: Undefined variable $totalDurationAll in D:\XAMPP\htdocs\eimbox-dashboard\eimbox-materio\core\package_checker.php on line 104
[12-Jan-2026 22:24:06 Asia/Dhaka] PHP ERROR [2]: Undefined variable $totalRecordsPage in D:\XAMPP\htdocs\eimbox-dashboard\eimbox-materio\core\package_checker.php on line 105
[12-Jan-2026 22:24:06 Asia/Dhaka] PHP ERROR [2]: Undefined variable $monitorPanel in D:\XAMPP\htdocs\eimbox-dashboard\eimbox-materio\footer.php on line 157
[12-Jan-2026 22:24:44 Asia/Dhaka] PHP ERROR [2]: Undefined variable $totalDurationPage in D:\XAMPP\htdocs\eimbox-dashboard\eimbox-materio\core\package_checker.php on line 103
[12-Jan-2026 22:24:44 Asia/Dhaka] PHP ERROR [2]: Undefined variable $totalDurationAll in D:\XAMPP\htdocs\eimbox-dashboard\eimbox-materio\core\package_checker.php on line 104
[12-Jan-2026 22:24:44 Asia/Dhaka] PHP ERROR [2]: Undefined variable $totalRecordsPage in D:\XAMPP\htdocs\eimbox-dashboard\eimbox-materio\core\package_checker.php on line 105
[12-Jan-2026 22:24:44 Asia/Dhaka] PHP ERROR [2]: Undefined variable $monitorPanel in D:\XAMPP\htdocs\eimbox-dashboard\eimbox-materio\footer.php on line 157
[12-Jan-2026 22:26:03 Asia/Dhaka] PHP ERROR [2]: Undefined variable $totalDurationPage in D:\XAMPP\htdocs\eimbox-dashboard\eimbox-materio\core\package_checker.php on line 103
[12-Jan-2026 22:26:04 Asia/Dhaka] PHP ERROR [2]: Undefined variable $totalDurationAll in D:\XAMPP\htdocs\eimbox-dashboard\eimbox-materio\core\package_checker.php on line 104
[12-Jan-2026 22:26:04 Asia/Dhaka] PHP ERROR [2]: Undefined variable $totalRecordsPage in D:\XAMPP\htdocs\eimbox-dashboard\eimbox-materio\core\package_checker.php on line 105
[12-Jan-2026 22:26:11 Asia/Dhaka] PHP ERROR [2]: Undefined variable $monitorPanel in D:\XAMPP\htdocs\eimbox-dashboard\eimbox-materio\footer.php on line 157
[12-Jan-2026 22:27:56 Asia/Dhaka] PHP ERROR [2]: Undefined variable $totalDurationPage in D:\XAMPP\htdocs\eimbox-dashboard\eimbox-materio\core\package_checker.php on line 103
[12-Jan-2026 22:27:56 Asia/Dhaka] PHP ERROR [2]: Undefined variable $totalDurationAll in D:\XAMPP\htdocs\eimbox-dashboard\eimbox-materio\core\package_checker.php on line 104
[12-Jan-2026 22:27:56 Asia/Dhaka] PHP ERROR [2]: Undefined variable $totalRecordsPage in D:\XAMPP\htdocs\eimbox-dashboard\eimbox-materio\core\package_checker.php on line 105
[12-Jan-2026 22:27:57 Asia/Dhaka] PHP ERROR [2]: Undefined variable $monitorPanel in D:\XAMPP\htdocs\eimbox-dashboard\eimbox-materio\footer.php on line 157
[12-Jan-2026 22:28:44 Asia/Dhaka] PHP ERROR [2]: Undefined variable $totalDurationPage in D:\XAMPP\htdocs\eimbox-dashboard\eimbox-materio\core\package_checker.php on line 103
[12-Jan-2026 22:28:44 Asia/Dhaka] PHP ERROR [2]: Undefined variable $totalDurationAll in D:\XAMPP\htdocs\eimbox-dashboard\eimbox-materio\core\package_checker.php on line 104
[12-Jan-2026 22:28:44 Asia/Dhaka] PHP ERROR [2]: Undefined variable $totalRecordsPage in D:\XAMPP\htdocs\eimbox-dashboard\eimbox-materio\core\package_checker.php on line 105
[12-Jan-2026 22:28:44 Asia/Dhaka] PHP ERROR [2]: Undefined variable $monitorPanel in D:\XAMPP\htdocs\eimbox-dashboard\eimbox-materio\footer.php on line 157
[12-Jan-2026 22:29:18 Asia/Dhaka] PHP ERROR [2]: Undefined variable $totalDurationPage in D:\XAMPP\htdocs\eimbox-dashboard\eimbox-materio\core\package_checker.php on line 103
[12-Jan-2026 22:29:18 Asia/Dhaka] PHP ERROR [2]: Undefined variable $totalDurationAll in D:\XAMPP\htdocs\eimbox-dashboard\eimbox-materio\core\package_checker.php on line 104
[12-Jan-2026 22:29:18 Asia/Dhaka] PHP ERROR [2]: Undefined variable $totalRecordsPage in D:\XAMPP\htdocs\eimbox-dashboard\eimbox-materio\core\package_checker.php on line 105
[12-Jan-2026 22:29:19 Asia/Dhaka] PHP ERROR [2]: Undefined variable $monitorPanel in D:\XAMPP\htdocs\eimbox-dashboard\eimbox-materio\footer.php on line 157
[12-Jan-2026 22:30:42 Asia/Dhaka] PHP ERROR [2]: Undefined variable $totalDurationPage in D:\XAMPP\htdocs\eimbox-dashboard\eimbox-materio\core\package_checker.php on line 103
[12-Jan-2026 22:30:42 Asia/Dhaka] PHP ERROR [2]: Undefined variable $totalDurationAll in D:\XAMPP\htdocs\eimbox-dashboard\eimbox-materio\core\package_checker.php on line 104
[12-Jan-2026 22:30:42 Asia/Dhaka] PHP ERROR [2]: Undefined variable $totalRecordsPage in D:\XAMPP\htdocs\eimbox-dashboard\eimbox-materio\core\package_checker.php on line 105
[12-Jan-2026 22:30:42 Asia/Dhaka] PHP ERROR [2]: Undefined variable $monitorPanel in D:\XAMPP\htdocs\eimbox-dashboard\eimbox-materio\footer.php on line 157
[12-Jan-2026 22:31:26 Asia/Dhaka] PHP ERROR [2]: Undefined variable $totalDurationPage in D:\XAMPP\htdocs\eimbox-dashboard\eimbox-materio\core\package_checker.php on line 103
[12-Jan-2026 22:31:26 Asia/Dhaka] PHP ERROR [2]: Undefined variable $totalDurationAll in D:\XAMPP\htdocs\eimbox-dashboard\eimbox-materio\core\package_checker.php on line 104
[12-Jan-2026 22:31:26 Asia/Dhaka] PHP ERROR [2]: Undefined variable $totalRecordsPage in D:\XAMPP\htdocs\eimbox-dashboard\eimbox-materio\core\package_checker.php on line 105
[12-Jan-2026 22:31:26 Asia/Dhaka] PHP ERROR [2]: Undefined variable $monitorPanel in D:\XAMPP\htdocs\eimbox-dashboard\eimbox-materio\footer.php on line 157
[12-Jan-2026 22:32:59 Asia/Dhaka] PHP ERROR [2]: Undefined variable $totalDurationPage in D:\XAMPP\htdocs\eimbox-dashboard\eimbox-materio\core\package_checker.php on line 103
[12-Jan-2026 22:32:59 Asia/Dhaka] PHP ERROR [2]: Undefined variable $totalDurationAll in D:\XAMPP\htdocs\eimbox-dashboard\eimbox-materio\core\package_checker.php on line 104
[12-Jan-2026 22:32:59 Asia/Dhaka] PHP ERROR [2]: Undefined variable $totalRecordsPage in D:\XAMPP\htdocs\eimbox-dashboard\eimbox-materio\core\package_checker.php on line 105
[12-Jan-2026 22:32:59 Asia/Dhaka] PHP ERROR [2]: Undefined variable $monitorPanel in D:\XAMPP\htdocs\eimbox-dashboard\eimbox-materio\footer.php on line 157
[12-Jan-2026 22:33:25 Asia/Dhaka] PHP ERROR [2]: Undefined variable $totalDurationPage in D:\XAMPP\htdocs\eimbox-dashboard\eimbox-materio\core\package_checker.php on line 103
[12-Jan-2026 22:33:25 Asia/Dhaka] PHP ERROR [2]: Undefined variable $totalDurationAll in D:\XAMPP\htdocs\eimbox-dashboard\eimbox-materio\core\package_checker.php on line 104
[12-Jan-2026 22:33:25 Asia/Dhaka] PHP ERROR [2]: Undefined variable $totalRecordsPage in D:\XAMPP\htdocs\eimbox-dashboard\eimbox-materio\core\package_checker.php on line 105
[12-Jan-2026 22:33:25 Asia/Dhaka] PHP ERROR [2]: Undefined variable $monitorPanel in D:\XAMPP\htdocs\eimbox-dashboard\eimbox-materio\footer.php on line 157
[12-Jan-2026 22:33:56 Asia/Dhaka] PHP ERROR [2]: Undefined variable $totalDurationPage in D:\XAMPP\htdocs\eimbox-dashboard\eimbox-materio\core\package_checker.php on line 103
[12-Jan-2026 22:33:56 Asia/Dhaka] PHP ERROR [2]: Undefined variable $totalDurationAll in D:\XAMPP\htdocs\eimbox-dashboard\eimbox-materio\core\package_checker.php on line 104
[12-Jan-2026 22:33:56 Asia/Dhaka] PHP ERROR [2]: Undefined variable $totalRecordsPage in D:\XAMPP\htdocs\eimbox-dashboard\eimbox-materio\core\package_checker.php on line 105
[12-Jan-2026 22:33:56 Asia/Dhaka] PHP ERROR [2]: Undefined variable $monitorPanel in D:\XAMPP\htdocs\eimbox-dashboard\eimbox-materio\footer.php on line 157
[12-Jan-2026 22:34:34 Asia/Dhaka] PHP ERROR [2]: Undefined variable $totalDurationPage in D:\XAMPP\htdocs\eimbox-dashboard\eimbox-materio\core\package_checker.php on line 103
[12-Jan-2026 22:34:34 Asia/Dhaka] PHP ERROR [2]: Undefined variable $totalDurationAll in D:\XAMPP\htdocs\eimbox-dashboard\eimbox-materio\core\package_checker.php on line 104
[12-Jan-2026 22:34:34 Asia/Dhaka] PHP ERROR [2]: Undefined variable $totalRecordsPage in D:\XAMPP\htdocs\eimbox-dashboard\eimbox-materio\core\package_checker.php on line 105
[12-Jan-2026 22:34:34 Asia/Dhaka] PHP ERROR [2]: Undefined variable $monitorPanel in D:\XAMPP\htdocs\eimbox-dashboard\eimbox-materio\footer.php on line 157
[12-Jan-2026 22:35:44 Asia/Dhaka] PHP ERROR [2]: Undefined variable $totalDurationPage in D:\XAMPP\htdocs\eimbox-dashboard\eimbox-materio\core\package_checker.php on line 103
[12-Jan-2026 22:35:44 Asia/Dhaka] PHP ERROR [2]: Undefined variable $totalDurationAll in D:\XAMPP\htdocs\eimbox-dashboard\eimbox-materio\core\package_checker.php on line 104
[12-Jan-2026 22:35:44 Asia/Dhaka] PHP ERROR [2]: Undefined variable $totalRecordsPage in D:\XAMPP\htdocs\eimbox-dashboard\eimbox-materio\core\package_checker.php on line 105
[12-Jan-2026 22:35:45 Asia/Dhaka] PHP ERROR [2]: Undefined variable $monitorPanel in D:\XAMPP\htdocs\eimbox-dashboard\eimbox-materio\footer.php on line 157
[12-Jan-2026 22:36:50 Asia/Dhaka] PHP ERROR [2]: Undefined variable $totalDurationPage in D:\XAMPP\htdocs\eimbox-dashboard\eimbox-materio\core\package_checker.php on line 103
[12-Jan-2026 22:36:50 Asia/Dhaka] PHP ERROR [2]: Undefined variable $totalDurationAll in D:\XAMPP\htdocs\eimbox-dashboard\eimbox-materio\core\package_checker.php on line 104
[12-Jan-2026 22:36:50 Asia/Dhaka] PHP ERROR [2]: Undefined variable $totalRecordsPage in D:\XAMPP\htdocs\eimbox-dashboard\eimbox-materio\core\package_checker.php on line 105
[12-Jan-2026 22:36:50 Asia/Dhaka] PHP ERROR [2]: Undefined variable $monitorPanel in D:\XAMPP\htdocs\eimbox-dashboard\eimbox-materio\footer.php on line 157
[12-Jan-2026 22:38:04 Asia/Dhaka] PHP ERROR [2]: Undefined variable $totalDurationPage in D:\XAMPP\htdocs\eimbox-dashboard\eimbox-materio\core\package_checker.php on line 103
[12-Jan-2026 22:38:04 Asia/Dhaka] PHP ERROR [2]: Undefined variable $totalDurationAll in D:\XAMPP\htdocs\eimbox-dashboard\eimbox-materio\core\package_checker.php on line 104
[12-Jan-2026 22:38:04 Asia/Dhaka] PHP ERROR [2]: Undefined variable $totalRecordsPage in D:\XAMPP\htdocs\eimbox-dashboard\eimbox-materio\core\package_checker.php on line 105
[12-Jan-2026 22:38:04 Asia/Dhaka] PHP ERROR [8192]: htmlspecialchars(): Passing null to parameter #1 ($string) of type string is deprecated in D:\XAMPP\htdocs\eimbox-dashboard\eimbox-materio\header.php on line 267
[12-Jan-2026 22:38:04 Asia/Dhaka] PHP ERROR [8192]: htmlspecialchars(): Passing null to parameter #1 ($string) of type string is deprecated in D:\XAMPP\htdocs\eimbox-dashboard\eimbox-materio\header.php on line 268
[12-Jan-2026 22:38:04 Asia/Dhaka] PHP ERROR [8192]: htmlspecialchars(): Passing null to parameter #1 ($string) of type string is deprecated in D:\XAMPP\htdocs\eimbox-dashboard\eimbox-materio\header.php on line 267
[12-Jan-2026 22:38:05 Asia/Dhaka] PHP ERROR [2]: Undefined variable $monitorPanel in D:\XAMPP\htdocs\eimbox-dashboard\eimbox-materio\footer.php on line 157
[12-Jan-2026 22:57:26 Asia/Dhaka] PHP ERROR [2]: Undefined variable $totalDurationPage in D:\XAMPP\htdocs\eimbox-dashboard\eimbox-materio\core\package_checker.php on line 103
[12-Jan-2026 22:57:26 Asia/Dhaka] PHP ERROR [2]: Undefined variable $totalDurationAll in D:\XAMPP\htdocs\eimbox-dashboard\eimbox-materio\core\package_checker.php on line 104
[12-Jan-2026 22:57:26 Asia/Dhaka] PHP ERROR [2]: Undefined variable $totalRecordsPage in D:\XAMPP\htdocs\eimbox-dashboard\eimbox-materio\core\package_checker.php on line 105
[12-Jan-2026 22:57:26 Asia/Dhaka] PHP ERROR [2]: Undefined variable $monitorPanel in D:\XAMPP\htdocs\eimbox-dashboard\eimbox-materio\footer.php on line 157
[12-Jan-2026 22:58:08 Asia/Dhaka] PHP ERROR [2]: Undefined variable $totalDurationPage in D:\XAMPP\htdocs\eimbox-dashboard\eimbox-materio\core\package_checker.php on line 103
[12-Jan-2026 22:58:08 Asia/Dhaka] PHP ERROR [2]: Undefined variable $totalDurationAll in D:\XAMPP\htdocs\eimbox-dashboard\eimbox-materio\core\package_checker.php on line 104
[12-Jan-2026 22:58:08 Asia/Dhaka] PHP ERROR [2]: Undefined variable $totalRecordsPage in D:\XAMPP\htdocs\eimbox-dashboard\eimbox-materio\core\package_checker.php on line 105
[12-Jan-2026 22:58:08 Asia/Dhaka] PHP ERROR [2]: Undefined variable $monitorPanel in D:\XAMPP\htdocs\eimbox-dashboard\eimbox-materio\footer.php on line 157
[12-Jan-2026 22:58:30 Asia/Dhaka] PHP ERROR [2]: Undefined variable $totalDurationPage in D:\XAMPP\htdocs\eimbox-dashboard\eimbox-materio\core\package_checker.php on line 69
[12-Jan-2026 22:58:30 Asia/Dhaka] PHP ERROR [2]: Undefined variable $totalDurationAll in D:\XAMPP\htdocs\eimbox-dashboard\eimbox-materio\core\package_checker.php on line 69
[12-Jan-2026 22:58:30 Asia/Dhaka] PHP ERROR [2]: Undefined variable $totalRecordsPage in D:\XAMPP\htdocs\eimbox-dashboard\eimbox-materio\core\package_checker.php on line 69
[12-Jan-2026 22:58:30 Asia/Dhaka] PHP ERROR [2]: Undefined variable $totalDurationPage in D:\XAMPP\htdocs\eimbox-dashboard\eimbox-materio\core\package_checker.php on line 103
[12-Jan-2026 22:58:30 Asia/Dhaka] PHP ERROR [2]: Undefined variable $totalDurationAll in D:\XAMPP\htdocs\eimbox-dashboard\eimbox-materio\core\package_checker.php on line 104
[12-Jan-2026 22:58:30 Asia/Dhaka] PHP ERROR [2]: Undefined variable $totalRecordsPage in D:\XAMPP\htdocs\eimbox-dashboard\eimbox-materio\core\package_checker.php on line 105
[12-Jan-2026 22:58:30 Asia/Dhaka] PHP ERROR [2]: Undefined variable $monitorPanel in D:\XAMPP\htdocs\eimbox-dashboard\eimbox-materio\footer.php on line 157
[12-Jan-2026 22:59:17 Asia/Dhaka] PHP ERROR [2]: Undefined variable $totalDurationPage in D:\XAMPP\htdocs\eimbox-dashboard\eimbox-materio\core\package_checker.php on line 103
[12-Jan-2026 22:59:17 Asia/Dhaka] PHP ERROR [2]: Undefined variable $totalDurationAll in D:\XAMPP\htdocs\eimbox-dashboard\eimbox-materio\core\package_checker.php on line 104
[12-Jan-2026 22:59:17 Asia/Dhaka] PHP ERROR [2]: Undefined variable $totalRecordsPage in D:\XAMPP\htdocs\eimbox-dashboard\eimbox-materio\core\package_checker.php on line 105
[12-Jan-2026 22:59:17 Asia/Dhaka] PHP ERROR [2]: Undefined variable $monitorPanel in D:\XAMPP\htdocs\eimbox-dashboard\eimbox-materio\footer.php on line 157
[12-Jan-2026 23:00:10 Asia/Dhaka] PHP ERROR [2]: Undefined variable $totalDurationPage in D:\XAMPP\htdocs\eimbox-dashboard\eimbox-materio\core\package_checker.php on line 103
[12-Jan-2026 23:00:10 Asia/Dhaka] PHP ERROR [2]: Undefined variable $totalDurationAll in D:\XAMPP\htdocs\eimbox-dashboard\eimbox-materio\core\package_checker.php on line 104
[12-Jan-2026 23:00:10 Asia/Dhaka] PHP ERROR [2]: Undefined variable $totalRecordsPage in D:\XAMPP\htdocs\eimbox-dashboard\eimbox-materio\core\package_checker.php on line 105
[12-Jan-2026 23:00:10 Asia/Dhaka] PHP ERROR [2]: Undefined variable $monitorPanel in D:\XAMPP\htdocs\eimbox-dashboard\eimbox-materio\footer.php on line 157
[12-Jan-2026 23:01:03 Asia/Dhaka] PHP ERROR [2]: Undefined variable $totalDurationPage in D:\XAMPP\htdocs\eimbox-dashboard\eimbox-materio\core\package_checker.php on line 103
[12-Jan-2026 23:01:03 Asia/Dhaka] PHP ERROR [2]: Undefined variable $totalDurationAll in D:\XAMPP\htdocs\eimbox-dashboard\eimbox-materio\core\package_checker.php on line 104
[12-Jan-2026 23:01:03 Asia/Dhaka] PHP ERROR [2]: Undefined variable $totalRecordsPage in D:\XAMPP\htdocs\eimbox-dashboard\eimbox-materio\core\package_checker.php on line 105
[12-Jan-2026 23:01:03 Asia/Dhaka] PHP ERROR [2]: Undefined variable $monitorPanel in D:\XAMPP\htdocs\eimbox-dashboard\eimbox-materio\footer.php on line 157
[12-Jan-2026 23:01:59 Asia/Dhaka] PHP ERROR [2]: Undefined variable $totalDurationPage in D:\XAMPP\htdocs\eimbox-dashboard\eimbox-materio\core\package_checker.php on line 103
[12-Jan-2026 23:01:59 Asia/Dhaka] PHP ERROR [2]: Undefined variable $totalDurationAll in D:\XAMPP\htdocs\eimbox-dashboard\eimbox-materio\core\package_checker.php on line 104
[12-Jan-2026 23:01:59 Asia/Dhaka] PHP ERROR [2]: Undefined variable $totalRecordsPage in D:\XAMPP\htdocs\eimbox-dashboard\eimbox-materio\core\package_checker.php on line 105
[12-Jan-2026 23:01:59 Asia/Dhaka] PHP ERROR [2]: Undefined variable $monitorPanel in D:\XAMPP\htdocs\eimbox-dashboard\eimbox-materio\footer.php on line 157
[12-Jan-2026 23:02:07 Asia/Dhaka] PHP ERROR [2]: Undefined variable $totalDurationPage in D:\XAMPP\htdocs\eimbox-dashboard\eimbox-materio\core\package_checker.php on line 103
[12-Jan-2026 23:02:07 Asia/Dhaka] PHP ERROR [2]: Undefined variable $totalDurationAll in D:\XAMPP\htdocs\eimbox-dashboard\eimbox-materio\core\package_checker.php on line 104
[12-Jan-2026 23:02:07 Asia/Dhaka] PHP ERROR [2]: Undefined variable $totalRecordsPage in D:\XAMPP\htdocs\eimbox-dashboard\eimbox-materio\core\package_checker.php on line 105
[12-Jan-2026 23:02:07 Asia/Dhaka] PHP ERROR [2]: Undefined variable $monitorPanel in D:\XAMPP\htdocs\eimbox-dashboard\eimbox-materio\footer.php on line 157
[12-Jan-2026 23:07:05 Asia/Dhaka] PHP ERROR [2]: Undefined variable $totalDurationPage in D:\XAMPP\htdocs\eimbox-dashboard\eimbox-materio\core\package_checker.php on line 103
[12-Jan-2026 23:07:05 Asia/Dhaka] PHP ERROR [2]: Undefined variable $totalDurationAll in D:\XAMPP\htdocs\eimbox-dashboard\eimbox-materio\core\package_checker.php on line 104
[12-Jan-2026 23:07:05 Asia/Dhaka] PHP ERROR [2]: Undefined variable $totalRecordsPage in D:\XAMPP\htdocs\eimbox-dashboard\eimbox-materio\core\package_checker.php on line 105
[12-Jan-2026 23:07:05 Asia/Dhaka] PHP ERROR [2]: Undefined variable $monitorPanel in D:\XAMPP\htdocs\eimbox-dashboard\eimbox-materio\footer.php on line 157
[12-Jan-2026 23:10:10 Asia/Dhaka] PHP ERROR [2]: Undefined variable $totalDurationPage in D:\XAMPP\htdocs\eimbox-dashboard\eimbox-materio\core\package_checker.php on line 103
[12-Jan-2026 23:10:10 Asia/Dhaka] PHP ERROR [2]: Undefined variable $totalDurationAll in D:\XAMPP\htdocs\eimbox-dashboard\eimbox-materio\core\package_checker.php on line 104
[12-Jan-2026 23:10:10 Asia/Dhaka] PHP ERROR [2]: Undefined variable $totalRecordsPage in D:\XAMPP\htdocs\eimbox-dashboard\eimbox-materio\core\package_checker.php on line 105
[12-Jan-2026 23:10:10 Asia/Dhaka] PHP ERROR [2]: Undefined variable $monitorPanel in D:\XAMPP\htdocs\eimbox-dashboard\eimbox-materio\footer.php on line 157
[12-Jan-2026 23:11:01 Asia/Dhaka] PHP ERROR [2]: Undefined variable $totalDurationPage in D:\XAMPP\htdocs\eimbox-dashboard\eimbox-materio\core\package_checker.php on line 103
[12-Jan-2026 23:11:01 Asia/Dhaka] PHP ERROR [2]: Undefined variable $totalDurationAll in D:\XAMPP\htdocs\eimbox-dashboard\eimbox-materio\core\package_checker.php on line 104
[12-Jan-2026 23:11:01 Asia/Dhaka] PHP ERROR [2]: Undefined variable $totalRecordsPage in D:\XAMPP\htdocs\eimbox-dashboard\eimbox-materio\core\package_checker.php on line 105
[12-Jan-2026 23:11:01 Asia/Dhaka] PHP ERROR [2]: Undefined variable $monitorPanel in D:\XAMPP\htdocs\eimbox-dashboard\eimbox-materio\footer.php on line 157
[12-Jan-2026 23:16:26 Asia/Dhaka] PHP ERROR [2]: Undefined variable $totalDurationPage in D:\XAMPP\htdocs\eimbox-dashboard\eimbox-materio\core\package_checker.php on line 103
[12-Jan-2026 23:16:26 Asia/Dhaka] PHP ERROR [2]: Undefined variable $totalDurationAll in D:\XAMPP\htdocs\eimbox-dashboard\eimbox-materio\core\package_checker.php on line 104
[12-Jan-2026 23:16:26 Asia/Dhaka] PHP ERROR [2]: Undefined variable $totalRecordsPage in D:\XAMPP\htdocs\eimbox-dashboard\eimbox-materio\core\package_checker.php on line 105
[12-Jan-2026 23:16:26 Asia/Dhaka] PHP ERROR [2]: Undefined variable $monitorPanel in D:\XAMPP\htdocs\eimbox-dashboard\eimbox-materio\footer.php on line 157
[12-Jan-2026 23:18:38 Asia/Dhaka] PHP ERROR [2]: Undefined variable $totalDurationPage in D:\XAMPP\htdocs\eimbox-dashboard\eimbox-materio\core\package_checker.php on line 103
[12-Jan-2026 23:18:38 Asia/Dhaka] PHP ERROR [2]: Undefined variable $totalDurationAll in D:\XAMPP\htdocs\eimbox-dashboard\eimbox-materio\core\package_checker.php on line 104
[12-Jan-2026 23:18:38 Asia/Dhaka] PHP ERROR [2]: Undefined variable $totalRecordsPage in D:\XAMPP\htdocs\eimbox-dashboard\eimbox-materio\core\package_checker.php on line 105
[12-Jan-2026 23:18:39 Asia/Dhaka] PHP ERROR [2]: Undefined variable $monitorPanel in D:\XAMPP\htdocs\eimbox-dashboard\eimbox-materio\footer.php on line 157
[12-Jan-2026 23:19:06 Asia/Dhaka] PHP ERROR [2]: Undefined variable $totalDurationPage in D:\XAMPP\htdocs\eimbox-dashboard\eimbox-materio\core\package_checker.php on line 103
[12-Jan-2026 23:19:06 Asia/Dhaka] PHP ERROR [2]: Undefined variable $totalDurationAll in D:\XAMPP\htdocs\eimbox-dashboard\eimbox-materio\core\package_checker.php on line 104
[12-Jan-2026 23:19:06 Asia/Dhaka] PHP ERROR [2]: Undefined variable $totalRecordsPage in D:\XAMPP\htdocs\eimbox-dashboard\eimbox-materio\core\package_checker.php on line 105
[12-Jan-2026 23:19:06 Asia/Dhaka] PHP ERROR [2]: Undefined variable $monitorPanel in D:\XAMPP\htdocs\eimbox-dashboard\eimbox-materio\footer.php on line 157
[12-Jan-2026 23:19:35 Asia/Dhaka] PHP ERROR [2]: Undefined variable $totalDurationPage in D:\XAMPP\htdocs\eimbox-dashboard\eimbox-materio\core\package_checker.php on line 103
[12-Jan-2026 23:19:35 Asia/Dhaka] PHP ERROR [2]: Undefined variable $totalDurationAll in D:\XAMPP\htdocs\eimbox-dashboard\eimbox-materio\core\package_checker.php on line 104
[12-Jan-2026 23:19:35 Asia/Dhaka] PHP ERROR [2]: Undefined variable $totalRecordsPage in D:\XAMPP\htdocs\eimbox-dashboard\eimbox-materio\core\package_checker.php on line 105
[12-Jan-2026 23:19:35 Asia/Dhaka] PHP ERROR [2]: Undefined variable $monitorPanel in D:\XAMPP\htdocs\eimbox-dashboard\eimbox-materio\footer.php on line 157
[12-Jan-2026 23:21:31 Asia/Dhaka] PHP ERROR [2]: Undefined variable $totalDurationPage in D:\XAMPP\htdocs\eimbox-dashboard\eimbox-materio\core\package_checker.php on line 103
[12-Jan-2026 23:21:31 Asia/Dhaka] PHP ERROR [2]: Undefined variable $totalDurationAll in D:\XAMPP\htdocs\eimbox-dashboard\eimbox-materio\core\package_checker.php on line 104
[12-Jan-2026 23:21:31 Asia/Dhaka] PHP ERROR [2]: Undefined variable $totalRecordsPage in D:\XAMPP\htdocs\eimbox-dashboard\eimbox-materio\core\package_checker.php on line 105
[12-Jan-2026 23:21:31 Asia/Dhaka] PHP ERROR [2]: Undefined variable $monitorPanel in D:\XAMPP\htdocs\eimbox-dashboard\eimbox-materio\footer.php on line 157
[12-Jan-2026 23:22:37 Asia/Dhaka] PHP ERROR [2]: Undefined variable $totalDurationPage in D:\XAMPP\htdocs\eimbox-dashboard\eimbox-materio\core\package_checker.php on line 103
[12-Jan-2026 23:22:37 Asia/Dhaka] PHP ERROR [2]: Undefined variable $totalDurationAll in D:\XAMPP\htdocs\eimbox-dashboard\eimbox-materio\core\package_checker.php on line 104
[12-Jan-2026 23:22:37 Asia/Dhaka] PHP ERROR [2]: Undefined variable $totalRecordsPage in D:\XAMPP\htdocs\eimbox-dashboard\eimbox-materio\core\package_checker.php on line 105
[12-Jan-2026 23:22:37 Asia/Dhaka] PHP ERROR [2]: Undefined variable $monitorPanel in D:\XAMPP\htdocs\eimbox-dashboard\eimbox-materio\footer.php on line 157
[12-Jan-2026 23:23:05 Asia/Dhaka] PHP ERROR [2]: Undefined variable $totalDurationPage in D:\XAMPP\htdocs\eimbox-dashboard\eimbox-materio\core\package_checker.php on line 103
[12-Jan-2026 23:23:05 Asia/Dhaka] PHP ERROR [2]: Undefined variable $totalDurationAll in D:\XAMPP\htdocs\eimbox-dashboard\eimbox-materio\core\package_checker.php on line 104
[12-Jan-2026 23:23:05 Asia/Dhaka] PHP ERROR [2]: Undefined variable $totalRecordsPage in D:\XAMPP\htdocs\eimbox-dashboard\eimbox-materio\core\package_checker.php on line 105
[12-Jan-2026 23:23:05 Asia/Dhaka] PHP ERROR [2]: Undefined variable $monitorPanel in D:\XAMPP\htdocs\eimbox-dashboard\eimbox-materio\footer.php on line 157
[12-Jan-2026 23:23:38 Asia/Dhaka] PHP ERROR [2]: Undefined variable $totalDurationPage in D:\XAMPP\htdocs\eimbox-dashboard\eimbox-materio\core\package_checker.php on line 103
[12-Jan-2026 23:23:38 Asia/Dhaka] PHP ERROR [2]: Undefined variable $totalDurationAll in D:\XAMPP\htdocs\eimbox-dashboard\eimbox-materio\core\package_checker.php on line 104
[12-Jan-2026 23:23:38 Asia/Dhaka] PHP ERROR [2]: Undefined variable $totalRecordsPage in D:\XAMPP\htdocs\eimbox-dashboard\eimbox-materio\core\package_checker.php on line 105
[12-Jan-2026 23:23:38 Asia/Dhaka] PHP ERROR [2]: Undefined variable $monitorPanel in D:\XAMPP\htdocs\eimbox-dashboard\eimbox-materio\footer.php on line 157
[12-Jan-2026 23:24:47 Asia/Dhaka] PHP ERROR [2]: Undefined variable $totalDurationPage in D:\XAMPP\htdocs\eimbox-dashboard\eimbox-materio\core\package_checker.php on line 103
[12-Jan-2026 23:24:47 Asia/Dhaka] PHP ERROR [2]: Undefined variable $totalDurationAll in D:\XAMPP\htdocs\eimbox-dashboard\eimbox-materio\core\package_checker.php on line 104
[12-Jan-2026 23:24:47 Asia/Dhaka] PHP ERROR [2]: Undefined variable $totalRecordsPage in D:\XAMPP\htdocs\eimbox-dashboard\eimbox-materio\core\package_checker.php on line 105
[12-Jan-2026 23:24:47 Asia/Dhaka] PHP ERROR [2]: Undefined variable $monitorPanel in D:\XAMPP\htdocs\eimbox-dashboard\eimbox-materio\footer.php on line 157
[12-Jan-2026 23:26:14 Asia/Dhaka] PHP ERROR [2]: Undefined variable $totalDurationPage in D:\XAMPP\htdocs\eimbox-dashboard\eimbox-materio\core\package_checker.php on line 103
[12-Jan-2026 23:26:14 Asia/Dhaka] PHP ERROR [2]: Undefined variable $totalDurationAll in D:\XAMPP\htdocs\eimbox-dashboard\eimbox-materio\core\package_checker.php on line 104
[12-Jan-2026 23:26:14 Asia/Dhaka] PHP ERROR [2]: Undefined variable $totalRecordsPage in D:\XAMPP\htdocs\eimbox-dashboard\eimbox-materio\core\package_checker.php on line 105
[12-Jan-2026 23:26:14 Asia/Dhaka] PHP ERROR [2]: Undefined variable $monitorPanel in D:\XAMPP\htdocs\eimbox-dashboard\eimbox-materio\footer.php on line 157
[12-Jan-2026 23:28:53 Asia/Dhaka] PHP ERROR [2]: Undefined variable $totalDurationPage in D:\XAMPP\htdocs\eimbox-dashboard\eimbox-materio\core\package_checker.php on line 103
[12-Jan-2026 23:28:53 Asia/Dhaka] PHP ERROR [2]: Undefined variable $totalDurationAll in D:\XAMPP\htdocs\eimbox-dashboard\eimbox-materio\core\package_checker.php on line 104
[12-Jan-2026 23:28:53 Asia/Dhaka] PHP ERROR [2]: Undefined variable $totalRecordsPage in D:\XAMPP\htdocs\eimbox-dashboard\eimbox-materio\core\package_checker.php on line 105
[12-Jan-2026 23:28:53 Asia/Dhaka] PHP ERROR [2]: Undefined variable $monitorPanel in D:\XAMPP\htdocs\eimbox-dashboard\eimbox-materio\footer.php on line 157
[12-Jan-2026 23:41:35 Asia/Dhaka] PHP ERROR [2]: Undefined variable $totalDurationPage in D:\XAMPP\htdocs\eimbox-dashboard\eimbox-materio\core\package_checker.php on line 103
[12-Jan-2026 23:41:35 Asia/Dhaka] PHP ERROR [2]: Undefined variable $totalDurationAll in D:\XAMPP\htdocs\eimbox-dashboard\eimbox-materio\core\package_checker.php on line 104
[12-Jan-2026 23:41:35 Asia/Dhaka] PHP ERROR [2]: Undefined variable $totalRecordsPage in D:\XAMPP\htdocs\eimbox-dashboard\eimbox-materio\core\package_checker.php on line 105
[12-Jan-2026 23:41:35 Asia/Dhaka] PHP ERROR [2]: Undefined variable $monitorPanel in D:\XAMPP\htdocs\eimbox-dashboard\eimbox-materio\footer.php on line 157
[12-Jan-2026 23:41:57 Asia/Dhaka] PHP ERROR [2]: Undefined variable $totalDurationPage in D:\XAMPP\htdocs\eimbox-dashboard\eimbox-materio\core\package_checker.php on line 103
[12-Jan-2026 23:41:57 Asia/Dhaka] PHP ERROR [2]: Undefined variable $totalDurationAll in D:\XAMPP\htdocs\eimbox-dashboard\eimbox-materio\core\package_checker.php on line 104
[12-Jan-2026 23:41:57 Asia/Dhaka] PHP ERROR [2]: Undefined variable $totalRecordsPage in D:\XAMPP\htdocs\eimbox-dashboard\eimbox-materio\core\package_checker.php on line 105
[12-Jan-2026 23:41:57 Asia/Dhaka] PHP ERROR [2]: Undefined variable $monitorPanel in D:\XAMPP\htdocs\eimbox-dashboard\eimbox-materio\footer.php on line 157
[12-Jan-2026 23:42:33 Asia/Dhaka] PHP ERROR [2]: Undefined variable $totalDurationPage in D:\XAMPP\htdocs\eimbox-dashboard\eimbox-materio\core\package_checker.php on line 103
[12-Jan-2026 23:42:33 Asia/Dhaka] PHP ERROR [2]: Undefined variable $totalDurationAll in D:\XAMPP\htdocs\eimbox-dashboard\eimbox-materio\core\package_checker.php on line 104
[12-Jan-2026 23:42:33 Asia/Dhaka] PHP ERROR [2]: Undefined variable $totalRecordsPage in D:\XAMPP\htdocs\eimbox-dashboard\eimbox-materio\core\package_checker.php on line 105
[12-Jan-2026 23:42:33 Asia/Dhaka] PHP ERROR [2]: Undefined variable $monitorPanel in D:\XAMPP\htdocs\eimbox-dashboard\eimbox-materio\footer.php on line 157
[12-Jan-2026 23:43:48 Asia/Dhaka] PHP ERROR [2]: Undefined variable $totalDurationPage in D:\XAMPP\htdocs\eimbox-dashboard\eimbox-materio\core\package_checker.php on line 103
[12-Jan-2026 23:43:48 Asia/Dhaka] PHP ERROR [2]: Undefined variable $totalDurationAll in D:\XAMPP\htdocs\eimbox-dashboard\eimbox-materio\core\package_checker.php on line 104
[12-Jan-2026 23:43:48 Asia/Dhaka] PHP ERROR [2]: Undefined variable $totalRecordsPage in D:\XAMPP\htdocs\eimbox-dashboard\eimbox-materio\core\package_checker.php on line 105
[12-Jan-2026 23:43:48 Asia/Dhaka] PHP ERROR [2]: Undefined variable $monitorPanel in D:\XAMPP\htdocs\eimbox-dashboard\eimbox-materio\footer.php on line 157
[12-Jan-2026 23:44:36 Asia/Dhaka] PHP ERROR [2]: Undefined variable $totalDurationPage in D:\XAMPP\htdocs\eimbox-dashboard\eimbox-materio\core\package_checker.php on line 103
[12-Jan-2026 23:44:36 Asia/Dhaka] PHP ERROR [2]: Undefined variable $totalDurationAll in D:\XAMPP\htdocs\eimbox-dashboard\eimbox-materio\core\package_checker.php on line 104
[12-Jan-2026 23:44:36 Asia/Dhaka] PHP ERROR [2]: Undefined variable $totalRecordsPage in D:\XAMPP\htdocs\eimbox-dashboard\eimbox-materio\core\package_checker.php on line 105
[12-Jan-2026 23:44:36 Asia/Dhaka] PHP ERROR [2]: Undefined variable $monitorPanel in D:\XAMPP\htdocs\eimbox-dashboard\eimbox-materio\footer.php on line 157
[12-Jan-2026 23:45:09 Asia/Dhaka] PHP ERROR [2]: Undefined variable $totalDurationPage in D:\XAMPP\htdocs\eimbox-dashboard\eimbox-materio\core\package_checker.php on line 103
[12-Jan-2026 23:45:09 Asia/Dhaka] PHP ERROR [2]: Undefined variable $totalDurationAll in D:\XAMPP\htdocs\eimbox-dashboard\eimbox-materio\core\package_checker.php on line 104
[12-Jan-2026 23:45:09 Asia/Dhaka] PHP ERROR [2]: Undefined variable $totalRecordsPage in D:\XAMPP\htdocs\eimbox-dashboard\eimbox-materio\core\package_checker.php on line 105
[12-Jan-2026 23:45:09 Asia/Dhaka] PHP ERROR [2]: Undefined variable $monitorPanel in D:\XAMPP\htdocs\eimbox-dashboard\eimbox-materio\footer.php on line 157
[12-Jan-2026 23:46:56 Asia/Dhaka] PHP ERROR [2]: Undefined variable $totalDurationPage in D:\XAMPP\htdocs\eimbox-dashboard\eimbox-materio\core\package_checker.php on line 103
[12-Jan-2026 23:46:56 Asia/Dhaka] PHP ERROR [2]: Undefined variable $totalDurationAll in D:\XAMPP\htdocs\eimbox-dashboard\eimbox-materio\core\package_checker.php on line 104
[12-Jan-2026 23:46:56 Asia/Dhaka] PHP ERROR [2]: Undefined variable $totalRecordsPage in D:\XAMPP\htdocs\eimbox-dashboard\eimbox-materio\core\package_checker.php on line 105
[12-Jan-2026 23:46:56 Asia/Dhaka] PHP ERROR [2]: Undefined variable $monitorPanel in D:\XAMPP\htdocs\eimbox-dashboard\eimbox-materio\footer.php on line 157
[12-Jan-2026 23:48:09 Asia/Dhaka] PHP ERROR [2]: Undefined variable $totalDurationPage in D:\XAMPP\htdocs\eimbox-dashboard\eimbox-materio\core\package_checker.php on line 103
[12-Jan-2026 23:48:09 Asia/Dhaka] PHP ERROR [2]: Undefined variable $totalDurationAll in D:\XAMPP\htdocs\eimbox-dashboard\eimbox-materio\core\package_checker.php on line 104
[12-Jan-2026 23:48:09 Asia/Dhaka] PHP ERROR [2]: Undefined variable $totalRecordsPage in D:\XAMPP\htdocs\eimbox-dashboard\eimbox-materio\core\package_checker.php on line 105
[12-Jan-2026 23:48:09 Asia/Dhaka] PHP ERROR [2]: Undefined variable $monitorPanel in D:\XAMPP\htdocs\eimbox-dashboard\eimbox-materio\footer.php on line 157
[12-Jan-2026 23:50:07 Asia/Dhaka] PHP ERROR [2]: Undefined variable $totalDurationPage in D:\XAMPP\htdocs\eimbox-dashboard\eimbox-materio\core\package_checker.php on line 103
[12-Jan-2026 23:50:07 Asia/Dhaka] PHP ERROR [2]: Undefined variable $totalDurationAll in D:\XAMPP\htdocs\eimbox-dashboard\eimbox-materio\core\package_checker.php on line 104
[12-Jan-2026 23:50:07 Asia/Dhaka] PHP ERROR [2]: Undefined variable $totalRecordsPage in D:\XAMPP\htdocs\eimbox-dashboard\eimbox-materio\core\package_checker.php on line 105
[12-Jan-2026 23:50:07 Asia/Dhaka] PHP ERROR [2]: Undefined variable $monitorPanel in D:\XAMPP\htdocs\eimbox-dashboard\eimbox-materio\footer.php on line 157
[12-Jan-2026 23:53:17 Asia/Dhaka] PHP ERROR [2]: Undefined variable $totalDurationPage in D:\XAMPP\htdocs\eimbox-dashboard\eimbox-materio\core\package_checker.php on line 103
[12-Jan-2026 23:53:17 Asia/Dhaka] PHP ERROR [2]: Undefined variable $totalDurationAll in D:\XAMPP\htdocs\eimbox-dashboard\eimbox-materio\core\package_checker.php on line 104
[12-Jan-2026 23:53:17 Asia/Dhaka] PHP ERROR [2]: Undefined variable $totalRecordsPage in D:\XAMPP\htdocs\eimbox-dashboard\eimbox-materio\core\package_checker.php on line 105
[12-Jan-2026 23:53:17 Asia/Dhaka] PHP ERROR [2]: Undefined variable $monitorPanel in D:\XAMPP\htdocs\eimbox-dashboard\eimbox-materio\footer.php on line 157
[12-Jan-2026 23:53:30 Asia/Dhaka] PHP ERROR [2]: Undefined variable $totalDurationPage in D:\XAMPP\htdocs\eimbox-dashboard\eimbox-materio\core\package_checker.php on line 103
[12-Jan-2026 23:53:30 Asia/Dhaka] PHP ERROR [2]: Undefined variable $totalDurationAll in D:\XAMPP\htdocs\eimbox-dashboard\eimbox-materio\core\package_checker.php on line 104
[12-Jan-2026 23:53:30 Asia/Dhaka] PHP ERROR [2]: Undefined variable $totalRecordsPage in D:\XAMPP\htdocs\eimbox-dashboard\eimbox-materio\core\package_checker.php on line 105
[12-Jan-2026 23:53:30 Asia/Dhaka] PHP ERROR [2]: Undefined variable $monitorPanel in D:\XAMPP\htdocs\eimbox-dashboard\eimbox-materio\footer.php on line 157
[12-Jan-2026 23:53:38 Asia/Dhaka] PHP ERROR [2]: Undefined variable $totalDurationPage in D:\XAMPP\htdocs\eimbox-dashboard\eimbox-materio\core\package_checker.php on line 103
[12-Jan-2026 23:53:38 Asia/Dhaka] PHP ERROR [2]: Undefined variable $totalDurationAll in D:\XAMPP\htdocs\eimbox-dashboard\eimbox-materio\core\package_checker.php on line 104
[12-Jan-2026 23:53:38 Asia/Dhaka] PHP ERROR [2]: Undefined variable $totalRecordsPage in D:\XAMPP\htdocs\eimbox-dashboard\eimbox-materio\core\package_checker.php on line 105
[12-Jan-2026 23:53:38 Asia/Dhaka] PHP ERROR [2]: Undefined variable $monitorPanel in D:\XAMPP\htdocs\eimbox-dashboard\eimbox-materio\footer.php on line 157
[12-Jan-2026 23:54:03 Asia/Dhaka] PHP ERROR [2]: Undefined variable $totalDurationPage in D:\XAMPP\htdocs\eimbox-dashboard\eimbox-materio\core\package_checker.php on line 103
[12-Jan-2026 23:54:03 Asia/Dhaka] PHP ERROR [2]: Undefined variable $totalDurationAll in D:\XAMPP\htdocs\eimbox-dashboard\eimbox-materio\core\package_checker.php on line 104
[12-Jan-2026 23:54:03 Asia/Dhaka] PHP ERROR [2]: Undefined variable $totalRecordsPage in D:\XAMPP\htdocs\eimbox-dashboard\eimbox-materio\core\package_checker.php on line 105
[12-Jan-2026 23:54:03 Asia/Dhaka] PHP ERROR [2]: Undefined variable $monitorPanel in D:\XAMPP\htdocs\eimbox-dashboard\eimbox-materio\footer.php on line 157
[12-Jan-2026 23:55:43 Asia/Dhaka] PHP ERROR [2]: Undefined variable $totalDurationPage in D:\XAMPP\htdocs\eimbox-dashboard\eimbox-materio\core\package_checker.php on line 103
[12-Jan-2026 23:55:43 Asia/Dhaka] PHP ERROR [2]: Undefined variable $totalDurationAll in D:\XAMPP\htdocs\eimbox-dashboard\eimbox-materio\core\package_checker.php on line 104
[12-Jan-2026 23:55:43 Asia/Dhaka] PHP ERROR [2]: Undefined variable $totalRecordsPage in D:\XAMPP\htdocs\eimbox-dashboard\eimbox-materio\core\package_checker.php on line 105
[12-Jan-2026 23:55:43 Asia/Dhaka] PHP ERROR [2]: Undefined variable $monitorPanel in D:\XAMPP\htdocs\eimbox-dashboard\eimbox-materio\footer.php on line 157
[12-Jan-2026 23:56:21 Asia/Dhaka] PHP ERROR [2]: Undefined variable $totalDurationPage in D:\XAMPP\htdocs\eimbox-dashboard\eimbox-materio\core\package_checker.php on line 103
[12-Jan-2026 23:56:21 Asia/Dhaka] PHP ERROR [2]: Undefined variable $totalDurationAll in D:\XAMPP\htdocs\eimbox-dashboard\eimbox-materio\core\package_checker.php on line 104
[12-Jan-2026 23:56:21 Asia/Dhaka] PHP ERROR [2]: Undefined variable $totalRecordsPage in D:\XAMPP\htdocs\eimbox-dashboard\eimbox-materio\core\package_checker.php on line 105
[12-Jan-2026 23:56:21 Asia/Dhaka] PHP ERROR [2]: Undefined variable $monitorPanel in D:\XAMPP\htdocs\eimbox-dashboard\eimbox-materio\footer.php on line 157
[12-Jan-2026 23:57:07 Asia/Dhaka] PHP ERROR [2]: Undefined variable $totalDurationPage in D:\XAMPP\htdocs\eimbox-dashboard\eimbox-materio\core\package_checker.php on line 103
[12-Jan-2026 23:57:07 Asia/Dhaka] PHP ERROR [2]: Undefined variable $totalDurationAll in D:\XAMPP\htdocs\eimbox-dashboard\eimbox-materio\core\package_checker.php on line 104
[12-Jan-2026 23:57:07 Asia/Dhaka] PHP ERROR [2]: Undefined variable $totalRecordsPage in D:\XAMPP\htdocs\eimbox-dashboard\eimbox-materio\core\package_checker.php on line 105
[12-Jan-2026 23:57:07 Asia/Dhaka] PHP ERROR [2]: Undefined variable $monitorPanel in D:\XAMPP\htdocs\eimbox-dashboard\eimbox-materio\footer.php on line 157
[12-Jan-2026 23:57:20 Asia/Dhaka] PHP ERROR [2]: Undefined variable $totalDurationPage in D:\XAMPP\htdocs\eimbox-dashboard\eimbox-materio\core\package_checker.php on line 103
[12-Jan-2026 23:57:20 Asia/Dhaka] PHP ERROR [2]: Undefined variable $totalDurationAll in D:\XAMPP\htdocs\eimbox-dashboard\eimbox-materio\core\package_checker.php on line 104
[12-Jan-2026 23:57:20 Asia/Dhaka] PHP ERROR [2]: Undefined variable $totalRecordsPage in D:\XAMPP\htdocs\eimbox-dashboard\eimbox-materio\core\package_checker.php on line 105
[12-Jan-2026 23:57:20 Asia/Dhaka] PHP ERROR [2]: Undefined variable $monitorPanel in D:\XAMPP\htdocs\eimbox-dashboard\eimbox-materio\footer.php on line 157
[12-Jan-2026 23:59:24 Asia/Dhaka] PHP ERROR [2]: Undefined variable $totalDurationPage in D:\XAMPP\htdocs\eimbox-dashboard\eimbox-materio\core\package_checker.php on line 103
[12-Jan-2026 23:59:24 Asia/Dhaka] PHP ERROR [2]: Undefined variable $totalDurationAll in D:\XAMPP\htdocs\eimbox-dashboard\eimbox-materio\core\package_checker.php on line 104
[12-Jan-2026 23:59:24 Asia/Dhaka] PHP ERROR [2]: Undefined variable $totalRecordsPage in D:\XAMPP\htdocs\eimbox-dashboard\eimbox-materio\core\package_checker.php on line 105
[12-Jan-2026 23:59:24 Asia/Dhaka] PHP ERROR [2]: Undefined variable $monitorPanel in D:\XAMPP\htdocs\eimbox-dashboard\eimbox-materio\footer.php on line 157
[12-Jan-2026 23:59:35 Asia/Dhaka] PHP ERROR [2]: Undefined variable $totalDurationPage in D:\XAMPP\htdocs\eimbox-dashboard\eimbox-materio\core\package_checker.php on line 103
[12-Jan-2026 23:59:35 Asia/Dhaka] PHP ERROR [2]: Undefined variable $totalDurationAll in D:\XAMPP\htdocs\eimbox-dashboard\eimbox-materio\core\package_checker.php on line 104
[12-Jan-2026 23:59:35 Asia/Dhaka] PHP ERROR [2]: Undefined variable $totalRecordsPage in D:\XAMPP\htdocs\eimbox-dashboard\eimbox-materio\core\package_checker.php on line 105
[12-Jan-2026 23:59:35 Asia/Dhaka] PHP ERROR [2]: Undefined variable $monitorPanel in D:\XAMPP\htdocs\eimbox-dashboard\eimbox-materio\footer.php on line 157
[13-Jan-2026 00:02:40 Asia/Dhaka] PHP ERROR [2]: Undefined variable $totalDurationPage in D:\XAMPP\htdocs\eimbox-dashboard\eimbox-materio\core\package_checker.php on line 103
[13-Jan-2026 00:02:40 Asia/Dhaka] PHP ERROR [2]: Undefined variable $totalDurationAll in D:\XAMPP\htdocs\eimbox-dashboard\eimbox-materio\core\package_checker.php on line 104
[13-Jan-2026 00:02:40 Asia/Dhaka] PHP ERROR [2]: Undefined variable $totalRecordsPage in D:\XAMPP\htdocs\eimbox-dashboard\eimbox-materio\core\package_checker.php on line 105
[13-Jan-2026 00:02:40 Asia/Dhaka] PHP ERROR [2]: Undefined variable $monitorPanel in D:\XAMPP\htdocs\eimbox-dashboard\eimbox-materio\footer.php on line 157
[13-Jan-2026 00:03:58 Asia/Dhaka] PHP ERROR [2]: Undefined variable $totalDurationPage in D:\XAMPP\htdocs\eimbox-dashboard\eimbox-materio\core\package_checker.php on line 103
[13-Jan-2026 00:03:58 Asia/Dhaka] PHP ERROR [2]: Undefined variable $totalDurationAll in D:\XAMPP\htdocs\eimbox-dashboard\eimbox-materio\core\package_checker.php on line 104
[13-Jan-2026 00:03:58 Asia/Dhaka] PHP ERROR [2]: Undefined variable $totalRecordsPage in D:\XAMPP\htdocs\eimbox-dashboard\eimbox-materio\core\package_checker.php on line 105
[13-Jan-2026 00:03:59 Asia/Dhaka] PHP ERROR [2]: Undefined variable $monitorPanel in D:\XAMPP\htdocs\eimbox-dashboard\eimbox-materio\footer.php on line 157
[13-Jan-2026 00:08:04 Asia/Dhaka] PHP ERROR [2]: Undefined variable $totalDurationPage in D:\XAMPP\htdocs\eimbox-dashboard\eimbox-materio\core\package_checker.php on line 103
[13-Jan-2026 00:08:04 Asia/Dhaka] PHP ERROR [2]: Undefined variable $totalDurationAll in D:\XAMPP\htdocs\eimbox-dashboard\eimbox-materio\core\package_checker.php on line 104
[13-Jan-2026 00:08:04 Asia/Dhaka] PHP ERROR [2]: Undefined variable $totalRecordsPage in D:\XAMPP\htdocs\eimbox-dashboard\eimbox-materio\core\package_checker.php on line 105
[13-Jan-2026 00:08:04 Asia/Dhaka] PHP ERROR [2]: Undefined variable $monitorPanel in D:\XAMPP\htdocs\eimbox-dashboard\eimbox-materio\footer.php on line 157
[13-Jan-2026 00:09:09 Asia/Dhaka] PHP ERROR [2]: Undefined variable $totalDurationPage in D:\XAMPP\htdocs\eimbox-dashboard\eimbox-materio\core\package_checker.php on line 103
[13-Jan-2026 00:09:09 Asia/Dhaka] PHP ERROR [2]: Undefined variable $totalDurationAll in D:\XAMPP\htdocs\eimbox-dashboard\eimbox-materio\core\package_checker.php on line 104
[13-Jan-2026 00:09:09 Asia/Dhaka] PHP ERROR [2]: Undefined variable $totalRecordsPage in D:\XAMPP\htdocs\eimbox-dashboard\eimbox-materio\core\package_checker.php on line 105
[13-Jan-2026 00:09:09 Asia/Dhaka] PHP ERROR [2]: Undefined variable $monitorPanel in D:\XAMPP\htdocs\eimbox-dashboard\eimbox-materio\footer.php on line 157
[13-Jan-2026 00:10:35 Asia/Dhaka] PHP ERROR [2]: Undefined variable $totalDurationPage in D:\XAMPP\htdocs\eimbox-dashboard\eimbox-materio\core\package_checker.php on line 103
[13-Jan-2026 00:10:35 Asia/Dhaka] PHP ERROR [2]: Undefined variable $totalDurationAll in D:\XAMPP\htdocs\eimbox-dashboard\eimbox-materio\core\package_checker.php on line 104
[13-Jan-2026 00:10:35 Asia/Dhaka] PHP ERROR [2]: Undefined variable $totalRecordsPage in D:\XAMPP\htdocs\eimbox-dashboard\eimbox-materio\core\package_checker.php on line 105
[13-Jan-2026 00:10:35 Asia/Dhaka] PHP ERROR [2]: Undefined variable $monitorPanel in D:\XAMPP\htdocs\eimbox-dashboard\eimbox-materio\footer.php on line 157
[13-Jan-2026 00:11:25 Asia/Dhaka] PHP ERROR [2]: Undefined variable $totalDurationPage in D:\XAMPP\htdocs\eimbox-dashboard\eimbox-materio\core\package_checker.php on line 103
[13-Jan-2026 00:11:25 Asia/Dhaka] PHP ERROR [2]: Undefined variable $totalDurationAll in D:\XAMPP\htdocs\eimbox-dashboard\eimbox-materio\core\package_checker.php on line 104
[13-Jan-2026 00:11:25 Asia/Dhaka] PHP ERROR [2]: Undefined variable $totalRecordsPage in D:\XAMPP\htdocs\eimbox-dashboard\eimbox-materio\core\package_checker.php on line 105
[13-Jan-2026 00:11:25 Asia/Dhaka] PHP ERROR [2]: Undefined variable $monitorPanel in D:\XAMPP\htdocs\eimbox-dashboard\eimbox-materio\footer.php on line 157
[13-Jan-2026 00:12:04 Asia/Dhaka] PHP ERROR [2]: Undefined variable $totalDurationPage in D:\XAMPP\htdocs\eimbox-dashboard\eimbox-materio\core\package_checker.php on line 103
[13-Jan-2026 00:12:04 Asia/Dhaka] PHP ERROR [2]: Undefined variable $totalDurationAll in D:\XAMPP\htdocs\eimbox-dashboard\eimbox-materio\core\package_checker.php on line 104
[13-Jan-2026 00:12:04 Asia/Dhaka] PHP ERROR [2]: Undefined variable $totalRecordsPage in D:\XAMPP\htdocs\eimbox-dashboard\eimbox-materio\core\package_checker.php on line 105
[13-Jan-2026 00:12:04 Asia/Dhaka] PHP ERROR [2]: Undefined variable $monitorPanel in D:\XAMPP\htdocs\eimbox-dashboard\eimbox-materio\footer.php on line 157
[13-Jan-2026 00:13:07 Asia/Dhaka] PHP ERROR [2]: Undefined variable $totalDurationPage in D:\XAMPP\htdocs\eimbox-dashboard\eimbox-materio\core\package_checker.php on line 103
[13-Jan-2026 00:13:07 Asia/Dhaka] PHP ERROR [2]: Undefined variable $totalDurationAll in D:\XAMPP\htdocs\eimbox-dashboard\eimbox-materio\core\package_checker.php on line 104
[13-Jan-2026 00:13:07 Asia/Dhaka] PHP ERROR [2]: Undefined variable $totalRecordsPage in D:\XAMPP\htdocs\eimbox-dashboard\eimbox-materio\core\package_checker.php on line 105
[13-Jan-2026 00:13:07 Asia/Dhaka] PHP ERROR [2]: Undefined variable $monitorPanel in D:\XAMPP\htdocs\eimbox-dashboard\eimbox-materio\footer.php on line 157
[13-Jan-2026 00:13:59 Asia/Dhaka] PHP ERROR [2]: Undefined variable $totalDurationPage in D:\XAMPP\htdocs\eimbox-dashboard\eimbox-materio\core\package_checker.php on line 103
[13-Jan-2026 00:13:59 Asia/Dhaka] PHP ERROR [2]: Undefined variable $totalDurationAll in D:\XAMPP\htdocs\eimbox-dashboard\eimbox-materio\core\package_checker.php on line 104
[13-Jan-2026 00:13:59 Asia/Dhaka] PHP ERROR [2]: Undefined variable $totalRecordsPage in D:\XAMPP\htdocs\eimbox-dashboard\eimbox-materio\core\package_checker.php on line 105
[13-Jan-2026 00:13:59 Asia/Dhaka] PHP ERROR [2]: Undefined variable $monitorPanel in D:\XAMPP\htdocs\eimbox-dashboard\eimbox-materio\footer.php on line 157
[13-Jan-2026 00:15:55 Asia/Dhaka] PHP ERROR [2]: Undefined variable $totalDurationPage in D:\XAMPP\htdocs\eimbox-dashboard\eimbox-materio\core\package_checker.php on line 103
[13-Jan-2026 00:15:55 Asia/Dhaka] PHP ERROR [2]: Undefined variable $totalDurationAll in D:\XAMPP\htdocs\eimbox-dashboard\eimbox-materio\core\package_checker.php on line 104
[13-Jan-2026 00:15:55 Asia/Dhaka] PHP ERROR [2]: Undefined variable $totalRecordsPage in D:\XAMPP\htdocs\eimbox-dashboard\eimbox-materio\core\package_checker.php on line 105
[13-Jan-2026 00:15:55 Asia/Dhaka] PHP ERROR [2]: Undefined variable $monitorPanel in D:\XAMPP\htdocs\eimbox-dashboard\eimbox-materio\footer.php on line 157
[13-Jan-2026 00:16:50 Asia/Dhaka] PHP ERROR [2]: Undefined variable $totalDurationPage in D:\XAMPP\htdocs\eimbox-dashboard\eimbox-materio\core\package_checker.php on line 103
[13-Jan-2026 00:16:50 Asia/Dhaka] PHP ERROR [2]: Undefined variable $totalDurationAll in D:\XAMPP\htdocs\eimbox-dashboard\eimbox-materio\core\package_checker.php on line 104
[13-Jan-2026 00:16:50 Asia/Dhaka] PHP ERROR [2]: Undefined variable $totalRecordsPage in D:\XAMPP\htdocs\eimbox-dashboard\eimbox-materio\core\package_checker.php on line 105
[13-Jan-2026 00:16:51 Asia/Dhaka] PHP ERROR [2]: Undefined variable $monitorPanel in D:\XAMPP\htdocs\eimbox-dashboard\eimbox-materio\footer.php on line 157
[13-Jan-2026 00:17:04 Asia/Dhaka] PHP ERROR [2]: Undefined variable $totalDurationPage in D:\XAMPP\htdocs\eimbox-dashboard\eimbox-materio\core\package_checker.php on line 103
[13-Jan-2026 00:17:04 Asia/Dhaka] PHP ERROR [2]: Undefined variable $totalDurationAll in D:\XAMPP\htdocs\eimbox-dashboard\eimbox-materio\core\package_checker.php on line 104
[13-Jan-2026 00:17:04 Asia/Dhaka] PHP ERROR [2]: Undefined variable $totalRecordsPage in D:\XAMPP\htdocs\eimbox-dashboard\eimbox-materio\core\package_checker.php on line 105
[13-Jan-2026 00:17:04 Asia/Dhaka] PHP ERROR [2]: Undefined variable $monitorPanel in D:\XAMPP\htdocs\eimbox-dashboard\eimbox-materio\footer.php on line 157
[13-Jan-2026 00:18:10 Asia/Dhaka] PHP ERROR [2]: Undefined variable $totalDurationPage in D:\XAMPP\htdocs\eimbox-dashboard\eimbox-materio\core\package_checker.php on line 103
[13-Jan-2026 00:18:10 Asia/Dhaka] PHP ERROR [2]: Undefined variable $totalDurationAll in D:\XAMPP\htdocs\eimbox-dashboard\eimbox-materio\core\package_checker.php on line 104
[13-Jan-2026 00:18:10 Asia/Dhaka] PHP ERROR [2]: Undefined variable $totalRecordsPage in D:\XAMPP\htdocs\eimbox-dashboard\eimbox-materio\core\package_checker.php on line 105
[13-Jan-2026 00:18:10 Asia/Dhaka] PHP ERROR [8192]: htmlspecialchars(): Passing null to parameter #1 ($string) of type string is deprecated in D:\XAMPP\htdocs\eimbox-dashboard\eimbox-materio\header.php on line 267
[13-Jan-2026 00:18:10 Asia/Dhaka] PHP ERROR [8192]: htmlspecialchars(): Passing null to parameter #1 ($string) of type string is deprecated in D:\XAMPP\htdocs\eimbox-dashboard\eimbox-materio\header.php on line 268
[13-Jan-2026 00:18:10 Asia/Dhaka] PHP ERROR [8192]: htmlspecialchars(): Passing null to parameter #1 ($string) of type string is deprecated in D:\XAMPP\htdocs\eimbox-dashboard\eimbox-materio\header.php on line 267
[13-Jan-2026 00:18:10 Asia/Dhaka] PHP ERROR [2]: Undefined variable $monitorPanel in D:\XAMPP\htdocs\eimbox-dashboard\eimbox-materio\footer.php on line 157
[13-Jan-2026 00:18:16 Asia/Dhaka] PHP ERROR [2]: Undefined variable $totalDurationPage in D:\XAMPP\htdocs\eimbox-dashboard\eimbox-materio\core\package_checker.php on line 103
[13-Jan-2026 00:18:16 Asia/Dhaka] PHP ERROR [2]: Undefined variable $totalDurationAll in D:\XAMPP\htdocs\eimbox-dashboard\eimbox-materio\core\package_checker.php on line 104
[13-Jan-2026 00:18:16 Asia/Dhaka] PHP ERROR [2]: Undefined variable $totalRecordsPage in D:\XAMPP\htdocs\eimbox-dashboard\eimbox-materio\core\package_checker.php on line 105
[13-Jan-2026 00:18:16 Asia/Dhaka] PHP ERROR [2]: Undefined variable $monitorPanel in D:\XAMPP\htdocs\eimbox-dashboard\eimbox-materio\footer.php on line 157
[13-Jan-2026 00:20:17 Asia/Dhaka] PHP ERROR [2]: Undefined variable $totalDurationPage in D:\XAMPP\htdocs\eimbox-dashboard\eimbox-materio\core\package_checker.php on line 103
[13-Jan-2026 00:20:17 Asia/Dhaka] PHP ERROR [2]: Undefined variable $totalDurationAll in D:\XAMPP\htdocs\eimbox-dashboard\eimbox-materio\core\package_checker.php on line 104
[13-Jan-2026 00:20:17 Asia/Dhaka] PHP ERROR [2]: Undefined variable $totalRecordsPage in D:\XAMPP\htdocs\eimbox-dashboard\eimbox-materio\core\package_checker.php on line 105
[13-Jan-2026 00:20:17 Asia/Dhaka] PHP ERROR [2]: Undefined variable $monitorPanel in D:\XAMPP\htdocs\eimbox-dashboard\eimbox-materio\footer.php on line 157
[13-Jan-2026 00:21:52 Asia/Dhaka] PHP ERROR [2]: Undefined variable $totalDurationPage in D:\XAMPP\htdocs\eimbox-dashboard\eimbox-materio\core\package_checker.php on line 103
[13-Jan-2026 00:21:52 Asia/Dhaka] PHP ERROR [2]: Undefined variable $totalDurationAll in D:\XAMPP\htdocs\eimbox-dashboard\eimbox-materio\core\package_checker.php on line 104
[13-Jan-2026 00:21:52 Asia/Dhaka] PHP ERROR [2]: Undefined variable $totalRecordsPage in D:\XAMPP\htdocs\eimbox-dashboard\eimbox-materio\core\package_checker.php on line 105
[13-Jan-2026 00:21:53 Asia/Dhaka] PHP ERROR [2]: Undefined variable $monitorPanel in D:\XAMPP\htdocs\eimbox-dashboard\eimbox-materio\footer.php on line 157
[13-Jan-2026 00:22:16 Asia/Dhaka] PHP ERROR [2]: Undefined variable $totalDurationPage in D:\XAMPP\htdocs\eimbox-dashboard\eimbox-materio\core\package_checker.php on line 103
[13-Jan-2026 00:22:16 Asia/Dhaka] PHP ERROR [2]: Undefined variable $totalDurationAll in D:\XAMPP\htdocs\eimbox-dashboard\eimbox-materio\core\package_checker.php on line 104
[13-Jan-2026 00:22:16 Asia/Dhaka] PHP ERROR [2]: Undefined variable $totalRecordsPage in D:\XAMPP\htdocs\eimbox-dashboard\eimbox-materio\core\package_checker.php on line 105
[13-Jan-2026 00:22:17 Asia/Dhaka] PHP ERROR [2]: Undefined variable $monitorPanel in D:\XAMPP\htdocs\eimbox-dashboard\eimbox-materio\footer.php on line 157
[13-Jan-2026 00:23:08 Asia/Dhaka] PHP ERROR [2]: Undefined variable $totalDurationPage in D:\XAMPP\htdocs\eimbox-dashboard\eimbox-materio\core\package_checker.php on line 103
[13-Jan-2026 00:23:08 Asia/Dhaka] PHP ERROR [2]: Undefined variable $totalDurationAll in D:\XAMPP\htdocs\eimbox-dashboard\eimbox-materio\core\package_checker.php on line 104
[13-Jan-2026 00:23:08 Asia/Dhaka] PHP ERROR [2]: Undefined variable $totalRecordsPage in D:\XAMPP\htdocs\eimbox-dashboard\eimbox-materio\core\package_checker.php on line 105
[13-Jan-2026 00:23:08 Asia/Dhaka] PHP ERROR [2]: Undefined variable $monitorPanel in D:\XAMPP\htdocs\eimbox-dashboard\eimbox-materio\footer.php on line 157
[13-Jan-2026 00:40:21 Asia/Dhaka] PHP ERROR [2]: Undefined variable $totalDurationPage in D:\XAMPP\htdocs\eimbox-dashboard\eimbox-materio\core\package_checker.php on line 103
[13-Jan-2026 00:40:21 Asia/Dhaka] PHP ERROR [2]: Undefined variable $totalDurationAll in D:\XAMPP\htdocs\eimbox-dashboard\eimbox-materio\core\package_checker.php on line 104
[13-Jan-2026 00:40:21 Asia/Dhaka] PHP ERROR [2]: Undefined variable $totalRecordsPage in D:\XAMPP\htdocs\eimbox-dashboard\eimbox-materio\core\package_checker.php on line 105
[13-Jan-2026 00:40:21 Asia/Dhaka] PHP ERROR [2]: Undefined variable $monitorPanel in D:\XAMPP\htdocs\eimbox-dashboard\eimbox-materio\footer.php on line 157
[13-Jan-2026 00:41:12 Asia/Dhaka] PHP ERROR [2]: Undefined variable $totalDurationPage in D:\XAMPP\htdocs\eimbox-dashboard\eimbox-materio\core\package_checker.php on line 103
[13-Jan-2026 00:41:12 Asia/Dhaka] PHP ERROR [2]: Undefined variable $totalDurationAll in D:\XAMPP\htdocs\eimbox-dashboard\eimbox-materio\core\package_checker.php on line 104
[13-Jan-2026 00:41:12 Asia/Dhaka] PHP ERROR [2]: Undefined variable $totalRecordsPage in D:\XAMPP\htdocs\eimbox-dashboard\eimbox-materio\core\package_checker.php on line 105
[13-Jan-2026 00:41:12 Asia/Dhaka] PHP ERROR [2]: Undefined variable $monitorPanel in D:\XAMPP\htdocs\eimbox-dashboard\eimbox-materio\footer.php on line 157
[13-Jan-2026 00:41:46 Asia/Dhaka] PHP ERROR [2]: Undefined variable $totalDurationPage in D:\XAMPP\htdocs\eimbox-dashboard\eimbox-materio\core\package_checker.php on line 103
[13-Jan-2026 00:41:46 Asia/Dhaka] PHP ERROR [2]: Undefined variable $totalDurationAll in D:\XAMPP\htdocs\eimbox-dashboard\eimbox-materio\core\package_checker.php on line 104
[13-Jan-2026 00:41:46 Asia/Dhaka] PHP ERROR [2]: Undefined variable $totalRecordsPage in D:\XAMPP\htdocs\eimbox-dashboard\eimbox-materio\core\package_checker.php on line 105
[13-Jan-2026 00:41:46 Asia/Dhaka] PHP ERROR [2]: Undefined variable $monitorPanel in D:\XAMPP\htdocs\eimbox-dashboard\eimbox-materio\footer.php on line 157
[13-Jan-2026 00:43:18 Asia/Dhaka] PHP ERROR [2]: Undefined variable $totalDurationPage in D:\XAMPP\htdocs\eimbox-dashboard\eimbox-materio\core\package_checker.php on line 103
[13-Jan-2026 00:43:18 Asia/Dhaka] PHP ERROR [2]: Undefined variable $totalDurationAll in D:\XAMPP\htdocs\eimbox-dashboard\eimbox-materio\core\package_checker.php on line 104
[13-Jan-2026 00:43:18 Asia/Dhaka] PHP ERROR [2]: Undefined variable $totalRecordsPage in D:\XAMPP\htdocs\eimbox-dashboard\eimbox-materio\core\package_checker.php on line 105
[13-Jan-2026 00:43:18 Asia/Dhaka] PHP ERROR [2]: Undefined variable $monitorPanel in D:\XAMPP\htdocs\eimbox-dashboard\eimbox-materio\footer.php on line 157
[13-Jan-2026 00:57:30 Asia/Dhaka] PHP ERROR [2]: Undefined variable $totalDurationPage in D:\XAMPP\htdocs\eimbox-dashboard\eimbox-materio\core\package_checker.php on line 103
[13-Jan-2026 00:57:30 Asia/Dhaka] PHP ERROR [2]: Undefined variable $totalDurationAll in D:\XAMPP\htdocs\eimbox-dashboard\eimbox-materio\core\package_checker.php on line 104
[13-Jan-2026 00:57:30 Asia/Dhaka] PHP ERROR [2]: Undefined variable $totalRecordsPage in D:\XAMPP\htdocs\eimbox-dashboard\eimbox-materio\core\package_checker.php on line 105
[13-Jan-2026 00:57:30 Asia/Dhaka] PHP ERROR [2]: Undefined variable $monitorPanel in D:\XAMPP\htdocs\eimbox-dashboard\eimbox-materio\footer.php on line 157
[13-Jan-2026 01:01:04 Asia/Dhaka] PHP ERROR [2]: Undefined variable $totalDurationPage in D:\XAMPP\htdocs\eimbox-dashboard\eimbox-materio\core\package_checker.php on line 103
[13-Jan-2026 01:01:04 Asia/Dhaka] PHP ERROR [2]: Undefined variable $totalDurationAll in D:\XAMPP\htdocs\eimbox-dashboard\eimbox-materio\core\package_checker.php on line 104
[13-Jan-2026 01:01:04 Asia/Dhaka] PHP ERROR [2]: Undefined variable $totalRecordsPage in D:\XAMPP\htdocs\eimbox-dashboard\eimbox-materio\core\package_checker.php on line 105
[13-Jan-2026 01:01:04 Asia/Dhaka] PHP ERROR [2]: Undefined variable $monitorPanel in D:\XAMPP\htdocs\eimbox-dashboard\eimbox-materio\footer.php on line 157
[13-Jan-2026 01:01:15 Asia/Dhaka] PHP ERROR [2]: Undefined variable $totalDurationPage in D:\XAMPP\htdocs\eimbox-dashboard\eimbox-materio\core\package_checker.php on line 69
[13-Jan-2026 01:01:15 Asia/Dhaka] PHP ERROR [2]: Undefined variable $totalDurationAll in D:\XAMPP\htdocs\eimbox-dashboard\eimbox-materio\core\package_checker.php on line 69
[13-Jan-2026 01:01:15 Asia/Dhaka] PHP ERROR [2]: Undefined variable $totalRecordsPage in D:\XAMPP\htdocs\eimbox-dashboard\eimbox-materio\core\package_checker.php on line 69
[13-Jan-2026 01:01:15 Asia/Dhaka] PHP ERROR [2]: Undefined variable $totalDurationPage in D:\XAMPP\htdocs\eimbox-dashboard\eimbox-materio\core\package_checker.php on line 103
[13-Jan-2026 01:01:15 Asia/Dhaka] PHP ERROR [2]: Undefined variable $totalDurationAll in D:\XAMPP\htdocs\eimbox-dashboard\eimbox-materio\core\package_checker.php on line 104
[13-Jan-2026 01:01:15 Asia/Dhaka] PHP ERROR [2]: Undefined variable $totalRecordsPage in D:\XAMPP\htdocs\eimbox-dashboard\eimbox-materio\core\package_checker.php on line 105
[13-Jan-2026 01:01:16 Asia/Dhaka] PHP ERROR [2]: Undefined variable $monitorPanel in D:\XAMPP\htdocs\eimbox-dashboard\eimbox-materio\footer.php on line 157
[13-Jan-2026 01:01:18 Asia/Dhaka] PHP ERROR [2]: Undefined variable $totalDurationPage in D:\XAMPP\htdocs\eimbox-dashboard\eimbox-materio\core\package_checker.php on line 103
[13-Jan-2026 01:01:18 Asia/Dhaka] PHP ERROR [2]: Undefined variable $totalDurationAll in D:\XAMPP\htdocs\eimbox-dashboard\eimbox-materio\core\package_checker.php on line 104
[13-Jan-2026 01:01:18 Asia/Dhaka] PHP ERROR [2]: Undefined variable $totalRecordsPage in D:\XAMPP\htdocs\eimbox-dashboard\eimbox-materio\core\package_checker.php on line 105
[13-Jan-2026 01:01:18 Asia/Dhaka] PHP ERROR [2]: Undefined variable $monitorPanel in D:\XAMPP\htdocs\eimbox-dashboard\eimbox-materio\footer.php on line 157
[13-Jan-2026 01:02:22 Asia/Dhaka] PHP ERROR [2]: Undefined variable $totalDurationPage in D:\XAMPP\htdocs\eimbox-dashboard\eimbox-materio\core\package_checker.php on line 103
[13-Jan-2026 01:02:22 Asia/Dhaka] PHP ERROR [2]: Undefined variable $totalDurationAll in D:\XAMPP\htdocs\eimbox-dashboard\eimbox-materio\core\package_checker.php on line 104
[13-Jan-2026 01:02:22 Asia/Dhaka] PHP ERROR [2]: Undefined variable $totalRecordsPage in D:\XAMPP\htdocs\eimbox-dashboard\eimbox-materio\core\package_checker.php on line 105
[13-Jan-2026 01:02:22 Asia/Dhaka] PHP ERROR [2]: Undefined variable $monitorPanel in D:\XAMPP\htdocs\eimbox-dashboard\eimbox-materio\footer.php on line 157
[13-Jan-2026 01:02:30 Asia/Dhaka] PHP ERROR [2]: Undefined variable $totalDurationPage in D:\XAMPP\htdocs\eimbox-dashboard\eimbox-materio\core\package_checker.php on line 103
[13-Jan-2026 01:02:30 Asia/Dhaka] PHP ERROR [2]: Undefined variable $totalDurationAll in D:\XAMPP\htdocs\eimbox-dashboard\eimbox-materio\core\package_checker.php on line 104
[13-Jan-2026 01:02:30 Asia/Dhaka] PHP ERROR [2]: Undefined variable $totalRecordsPage in D:\XAMPP\htdocs\eimbox-dashboard\eimbox-materio\core\package_checker.php on line 105
[13-Jan-2026 01:02:30 Asia/Dhaka] PHP ERROR [2]: Undefined variable $monitorPanel in D:\XAMPP\htdocs\eimbox-dashboard\eimbox-materio\footer.php on line 157
[13-Jan-2026 01:04:14 Asia/Dhaka] PHP ERROR [2]: Undefined variable $totalDurationPage in D:\XAMPP\htdocs\eimbox-dashboard\eimbox-materio\core\package_checker.php on line 103
[13-Jan-2026 01:04:14 Asia/Dhaka] PHP ERROR [2]: Undefined variable $totalDurationAll in D:\XAMPP\htdocs\eimbox-dashboard\eimbox-materio\core\package_checker.php on line 104
[13-Jan-2026 01:04:14 Asia/Dhaka] PHP ERROR [2]: Undefined variable $totalRecordsPage in D:\XAMPP\htdocs\eimbox-dashboard\eimbox-materio\core\package_checker.php on line 105
[13-Jan-2026 01:04:14 Asia/Dhaka] PHP ERROR [2]: Undefined variable $monitorPanel in D:\XAMPP\htdocs\eimbox-dashboard\eimbox-materio\footer.php on line 157
[13-Jan-2026 01:04:32 Asia/Dhaka] PHP ERROR [2]: Undefined variable $totalDurationPage in D:\XAMPP\htdocs\eimbox-dashboard\eimbox-materio\core\package_checker.php on line 103
[13-Jan-2026 01:04:32 Asia/Dhaka] PHP ERROR [2]: Undefined variable $totalDurationAll in D:\XAMPP\htdocs\eimbox-dashboard\eimbox-materio\core\package_checker.php on line 104
[13-Jan-2026 01:04:32 Asia/Dhaka] PHP ERROR [2]: Undefined variable $totalRecordsPage in D:\XAMPP\htdocs\eimbox-dashboard\eimbox-materio\core\package_checker.php on line 105
[13-Jan-2026 01:04:32 Asia/Dhaka] PHP ERROR [2]: Undefined variable $monitorPanel in D:\XAMPP\htdocs\eimbox-dashboard\eimbox-materio\footer.php on line 157
[13-Jan-2026 01:05:12 Asia/Dhaka] PHP ERROR [2]: Undefined variable $totalDurationPage in D:\XAMPP\htdocs\eimbox-dashboard\eimbox-materio\core\package_checker.php on line 103
[13-Jan-2026 01:05:12 Asia/Dhaka] PHP ERROR [2]: Undefined variable $totalDurationAll in D:\XAMPP\htdocs\eimbox-dashboard\eimbox-materio\core\package_checker.php on line 104
[13-Jan-2026 01:05:12 Asia/Dhaka] PHP ERROR [2]: Undefined variable $totalRecordsPage in D:\XAMPP\htdocs\eimbox-dashboard\eimbox-materio\core\package_checker.php on line 105
[13-Jan-2026 01:05:12 Asia/Dhaka] PHP ERROR [2]: Undefined variable $monitorPanel in D:\XAMPP\htdocs\eimbox-dashboard\eimbox-materio\footer.php on line 157
[13-Jan-2026 01:06:51 Asia/Dhaka] PHP ERROR [2]: Undefined variable $totalDurationPage in D:\XAMPP\htdocs\eimbox-dashboard\eimbox-materio\core\package_checker.php on line 69
[13-Jan-2026 01:06:51 Asia/Dhaka] PHP ERROR [2]: Undefined variable $totalDurationAll in D:\XAMPP\htdocs\eimbox-dashboard\eimbox-materio\core\package_checker.php on line 69
[13-Jan-2026 01:06:51 Asia/Dhaka] PHP ERROR [2]: Undefined variable $totalRecordsPage in D:\XAMPP\htdocs\eimbox-dashboard\eimbox-materio\core\package_checker.php on line 69
[13-Jan-2026 01:06:51 Asia/Dhaka] PHP ERROR [2]: Undefined variable $totalDurationPage in D:\XAMPP\htdocs\eimbox-dashboard\eimbox-materio\core\package_checker.php on line 103
[13-Jan-2026 01:06:51 Asia/Dhaka] PHP ERROR [2]: Undefined variable $totalDurationAll in D:\XAMPP\htdocs\eimbox-dashboard\eimbox-materio\core\package_checker.php on line 104
[13-Jan-2026 01:06:51 Asia/Dhaka] PHP ERROR [2]: Undefined variable $totalRecordsPage in D:\XAMPP\htdocs\eimbox-dashboard\eimbox-materio\core\package_checker.php on line 105
[13-Jan-2026 01:06:51 Asia/Dhaka] PHP ERROR [2]: Undefined variable $monitorPanel in D:\XAMPP\htdocs\eimbox-dashboard\eimbox-materio\footer.php on line 157
[13-Jan-2026 01:07:23 Asia/Dhaka] PHP ERROR [2]: Undefined variable $totalDurationPage in D:\XAMPP\htdocs\eimbox-dashboard\eimbox-materio\core\package_checker.php on line 103
[13-Jan-2026 01:07:23 Asia/Dhaka] PHP ERROR [2]: Undefined variable $totalDurationAll in D:\XAMPP\htdocs\eimbox-dashboard\eimbox-materio\core\package_checker.php on line 104
[13-Jan-2026 01:07:23 Asia/Dhaka] PHP ERROR [2]: Undefined variable $totalRecordsPage in D:\XAMPP\htdocs\eimbox-dashboard\eimbox-materio\core\package_checker.php on line 105
[13-Jan-2026 01:07:23 Asia/Dhaka] PHP ERROR [2]: Undefined variable $monitorPanel in D:\XAMPP\htdocs\eimbox-dashboard\eimbox-materio\footer.php on line 157
[13-Jan-2026 01:08:09 Asia/Dhaka] PHP ERROR [2]: Undefined variable $totalDurationPage in D:\XAMPP\htdocs\eimbox-dashboard\eimbox-materio\core\package_checker.php on line 103
[13-Jan-2026 01:08:09 Asia/Dhaka] PHP ERROR [2]: Undefined variable $totalDurationAll in D:\XAMPP\htdocs\eimbox-dashboard\eimbox-materio\core\package_checker.php on line 104
[13-Jan-2026 01:08:09 Asia/Dhaka] PHP ERROR [2]: Undefined variable $totalRecordsPage in D:\XAMPP\htdocs\eimbox-dashboard\eimbox-materio\core\package_checker.php on line 105
[13-Jan-2026 01:08:09 Asia/Dhaka] PHP ERROR [2]: Undefined variable $monitorPanel in D:\XAMPP\htdocs\eimbox-dashboard\eimbox-materio\footer.php on line 157
[13-Jan-2026 01:11:51 Asia/Dhaka] PHP ERROR [2]: Undefined variable $totalDurationPage in D:\XAMPP\htdocs\eimbox-dashboard\eimbox-materio\core\package_checker.php on line 103
[13-Jan-2026 01:11:51 Asia/Dhaka] PHP ERROR [2]: Undefined variable $totalDurationAll in D:\XAMPP\htdocs\eimbox-dashboard\eimbox-materio\core\package_checker.php on line 104
[13-Jan-2026 01:11:51 Asia/Dhaka] PHP ERROR [2]: Undefined variable $totalRecordsPage in D:\XAMPP\htdocs\eimbox-dashboard\eimbox-materio\core\package_checker.php on line 105
[13-Jan-2026 01:11:51 Asia/Dhaka] PHP ERROR [2]: Undefined variable $monitorPanel in D:\XAMPP\htdocs\eimbox-dashboard\eimbox-materio\footer.php on line 157
[13-Jan-2026 01:16:51 Asia/Dhaka] PHP ERROR [2]: Undefined variable $totalDurationPage in D:\XAMPP\htdocs\eimbox-dashboard\eimbox-materio\core\package_checker.php on line 103
[13-Jan-2026 01:16:51 Asia/Dhaka] PHP ERROR [2]: Undefined variable $totalDurationAll in D:\XAMPP\htdocs\eimbox-dashboard\eimbox-materio\core\package_checker.php on line 104
[13-Jan-2026 01:16:51 Asia/Dhaka] PHP ERROR [2]: Undefined variable $totalRecordsPage in D:\XAMPP\htdocs\eimbox-dashboard\eimbox-materio\core\package_checker.php on line 105
[13-Jan-2026 01:16:52 Asia/Dhaka] PHP ERROR [2]: Undefined variable $monitorPanel in D:\XAMPP\htdocs\eimbox-dashboard\eimbox-materio\footer.php on line 157
[13-Jan-2026 01:19:36 Asia/Dhaka] PHP ERROR [2]: Undefined variable $totalDurationPage in D:\XAMPP\htdocs\eimbox-dashboard\eimbox-materio\core\package_checker.php on line 103
[13-Jan-2026 01:19:36 Asia/Dhaka] PHP ERROR [2]: Undefined variable $totalDurationAll in D:\XAMPP\htdocs\eimbox-dashboard\eimbox-materio\core\package_checker.php on line 104
[13-Jan-2026 01:19:36 Asia/Dhaka] PHP ERROR [2]: Undefined variable $totalRecordsPage in D:\XAMPP\htdocs\eimbox-dashboard\eimbox-materio\core\package_checker.php on line 105
[13-Jan-2026 01:19:36 Asia/Dhaka] PHP ERROR [2]: Undefined variable $monitorPanel in D:\XAMPP\htdocs\eimbox-dashboard\eimbox-materio\footer.php on line 157
[13-Jan-2026 01:21:05 Asia/Dhaka] PHP ERROR [2]: Undefined variable $totalDurationPage in D:\XAMPP\htdocs\eimbox-dashboard\eimbox-materio\core\package_checker.php on line 103
[13-Jan-2026 01:21:05 Asia/Dhaka] PHP ERROR [2]: Undefined variable $totalDurationAll in D:\XAMPP\htdocs\eimbox-dashboard\eimbox-materio\core\package_checker.php on line 104
[13-Jan-2026 01:21:05 Asia/Dhaka] PHP ERROR [2]: Undefined variable $totalRecordsPage in D:\XAMPP\htdocs\eimbox-dashboard\eimbox-materio\core\package_checker.php on line 105
[13-Jan-2026 01:21:05 Asia/Dhaka] PHP ERROR [2]: Undefined variable $monitorPanel in D:\XAMPP\htdocs\eimbox-dashboard\eimbox-materio\footer.php on line 157
[13-Jan-2026 01:23:44 Asia/Dhaka] PHP ERROR [2]: Undefined variable $totalDurationPage in D:\XAMPP\htdocs\eimbox-dashboard\eimbox-materio\core\package_checker.php on line 103
[13-Jan-2026 01:23:44 Asia/Dhaka] PHP ERROR [2]: Undefined variable $totalDurationAll in D:\XAMPP\htdocs\eimbox-dashboard\eimbox-materio\core\package_checker.php on line 104
[13-Jan-2026 01:23:44 Asia/Dhaka] PHP ERROR [2]: Undefined variable $totalRecordsPage in D:\XAMPP\htdocs\eimbox-dashboard\eimbox-materio\core\package_checker.php on line 105
[13-Jan-2026 01:23:44 Asia/Dhaka] PHP ERROR [2]: Undefined variable $monitorPanel in D:\XAMPP\htdocs\eimbox-dashboard\eimbox-materio\footer.php on line 157
[13-Jan-2026 01:24:44 Asia/Dhaka] PHP ERROR [2]: Undefined variable $totalDurationPage in D:\XAMPP\htdocs\eimbox-dashboard\eimbox-materio\core\package_checker.php on line 103
[13-Jan-2026 01:24:44 Asia/Dhaka] PHP ERROR [2]: Undefined variable $totalDurationAll in D:\XAMPP\htdocs\eimbox-dashboard\eimbox-materio\core\package_checker.php on line 104
[13-Jan-2026 01:24:44 Asia/Dhaka] PHP ERROR [2]: Undefined variable $totalRecordsPage in D:\XAMPP\htdocs\eimbox-dashboard\eimbox-materio\core\package_checker.php on line 105
[13-Jan-2026 01:24:44 Asia/Dhaka] PHP ERROR [2]: Undefined variable $monitorPanel in D:\XAMPP\htdocs\eimbox-dashboard\eimbox-materio\footer.php on line 157
[13-Jan-2026 01:24:53 Asia/Dhaka] PHP ERROR [2]: Undefined variable $totalDurationPage in D:\XAMPP\htdocs\eimbox-dashboard\eimbox-materio\core\package_checker.php on line 103
[13-Jan-2026 01:24:53 Asia/Dhaka] PHP ERROR [2]: Undefined variable $totalDurationAll in D:\XAMPP\htdocs\eimbox-dashboard\eimbox-materio\core\package_checker.php on line 104
[13-Jan-2026 01:24:53 Asia/Dhaka] PHP ERROR [2]: Undefined variable $totalRecordsPage in D:\XAMPP\htdocs\eimbox-dashboard\eimbox-materio\core\package_checker.php on line 105
[13-Jan-2026 01:24:53 Asia/Dhaka] PHP ERROR [2]: Undefined variable $monitorPanel in D:\XAMPP\htdocs\eimbox-dashboard\eimbox-materio\footer.php on line 157
[13-Jan-2026 01:27:06 Asia/Dhaka] PHP ERROR [2]: Undefined variable $totalDurationPage in D:\XAMPP\htdocs\eimbox-dashboard\eimbox-materio\core\package_checker.php on line 103
[13-Jan-2026 01:27:06 Asia/Dhaka] PHP ERROR [2]: Undefined variable $totalDurationAll in D:\XAMPP\htdocs\eimbox-dashboard\eimbox-materio\core\package_checker.php on line 104
[13-Jan-2026 01:27:06 Asia/Dhaka] PHP ERROR [2]: Undefined variable $totalRecordsPage in D:\XAMPP\htdocs\eimbox-dashboard\eimbox-materio\core\package_checker.php on line 105
[13-Jan-2026 01:27:06 Asia/Dhaka] PHP ERROR [2]: Undefined variable $monitorPanel in D:\XAMPP\htdocs\eimbox-dashboard\eimbox-materio\footer.php on line 157
[13-Jan-2026 01:33:01 Asia/Dhaka] PHP ERROR [2]: Undefined variable $totalDurationPage in D:\XAMPP\htdocs\eimbox-dashboard\eimbox-materio\core\package_checker.php on line 103
[13-Jan-2026 01:33:01 Asia/Dhaka] PHP ERROR [2]: Undefined variable $totalDurationAll in D:\XAMPP\htdocs\eimbox-dashboard\eimbox-materio\core\package_checker.php on line 104
[13-Jan-2026 01:33:01 Asia/Dhaka] PHP ERROR [2]: Undefined variable $totalRecordsPage in D:\XAMPP\htdocs\eimbox-dashboard\eimbox-materio\core\package_checker.php on line 105
[13-Jan-2026 01:33:01 Asia/Dhaka] PHP ERROR [2]: Undefined variable $monitorPanel in D:\XAMPP\htdocs\eimbox-dashboard\eimbox-materio\footer.php on line 157
[13-Jan-2026 01:33:43 Asia/Dhaka] PHP ERROR [2]: Undefined variable $totalDurationPage in D:\XAMPP\htdocs\eimbox-dashboard\eimbox-materio\core\package_checker.php on line 103
[13-Jan-2026 01:33:43 Asia/Dhaka] PHP ERROR [2]: Undefined variable $totalDurationAll in D:\XAMPP\htdocs\eimbox-dashboard\eimbox-materio\core\package_checker.php on line 104
[13-Jan-2026 01:33:43 Asia/Dhaka] PHP ERROR [2]: Undefined variable $totalRecordsPage in D:\XAMPP\htdocs\eimbox-dashboard\eimbox-materio\core\package_checker.php on line 105
[13-Jan-2026 01:33:43 Asia/Dhaka] PHP ERROR [2]: Undefined variable $monitorPanel in D:\XAMPP\htdocs\eimbox-dashboard\eimbox-materio\footer.php on line 157
[13-Jan-2026 01:35:49 Asia/Dhaka] PHP ERROR [2]: Undefined variable $totalDurationPage in D:\XAMPP\htdocs\eimbox-dashboard\eimbox-materio\core\package_checker.php on line 103
[13-Jan-2026 01:35:49 Asia/Dhaka] PHP ERROR [2]: Undefined variable $totalDurationAll in D:\XAMPP\htdocs\eimbox-dashboard\eimbox-materio\core\package_checker.php on line 104
[13-Jan-2026 01:35:49 Asia/Dhaka] PHP ERROR [2]: Undefined variable $totalRecordsPage in D:\XAMPP\htdocs\eimbox-dashboard\eimbox-materio\core\package_checker.php on line 105
[13-Jan-2026 01:35:49 Asia/Dhaka] PHP ERROR [2]: Undefined variable $monitorPanel in D:\XAMPP\htdocs\eimbox-dashboard\eimbox-materio\footer.php on line 157
[13-Jan-2026 01:36:39 Asia/Dhaka] PHP ERROR [2]: Undefined variable $totalDurationPage in D:\XAMPP\htdocs\eimbox-dashboard\eimbox-materio\core\package_checker.php on line 103
[13-Jan-2026 01:36:39 Asia/Dhaka] PHP ERROR [2]: Undefined variable $totalDurationAll in D:\XAMPP\htdocs\eimbox-dashboard\eimbox-materio\core\package_checker.php on line 104
[13-Jan-2026 01:36:39 Asia/Dhaka] PHP ERROR [2]: Undefined variable $totalRecordsPage in D:\XAMPP\htdocs\eimbox-dashboard\eimbox-materio\core\package_checker.php on line 105
[13-Jan-2026 01:36:39 Asia/Dhaka] PHP ERROR [2]: Undefined variable $monitorPanel in D:\XAMPP\htdocs\eimbox-dashboard\eimbox-materio\footer.php on line 157
[13-Jan-2026 01:37:03 Asia/Dhaka] PHP ERROR [2]: Undefined variable $totalDurationPage in D:\XAMPP\htdocs\eimbox-dashboard\eimbox-materio\core\package_checker.php on line 103
[13-Jan-2026 01:37:03 Asia/Dhaka] PHP ERROR [2]: Undefined variable $totalDurationAll in D:\XAMPP\htdocs\eimbox-dashboard\eimbox-materio\core\package_checker.php on line 104
[13-Jan-2026 01:37:03 Asia/Dhaka] PHP ERROR [2]: Undefined variable $totalRecordsPage in D:\XAMPP\htdocs\eimbox-dashboard\eimbox-materio\core\package_checker.php on line 105
[13-Jan-2026 01:37:03 Asia/Dhaka] PHP ERROR [2]: Undefined variable $monitorPanel in D:\XAMPP\htdocs\eimbox-dashboard\eimbox-materio\footer.php on line 157
[13-Jan-2026 01:37:39 Asia/Dhaka] PHP ERROR [2]: Undefined variable $totalDurationPage in D:\XAMPP\htdocs\eimbox-dashboard\eimbox-materio\core\package_checker.php on line 103
[13-Jan-2026 01:37:39 Asia/Dhaka] PHP ERROR [2]: Undefined variable $totalDurationAll in D:\XAMPP\htdocs\eimbox-dashboard\eimbox-materio\core\package_checker.php on line 104
[13-Jan-2026 01:37:39 Asia/Dhaka] PHP ERROR [2]: Undefined variable $totalRecordsPage in D:\XAMPP\htdocs\eimbox-dashboard\eimbox-materio\core\package_checker.php on line 105
[13-Jan-2026 01:37:39 Asia/Dhaka] PHP ERROR [2]: Undefined variable $monitorPanel in D:\XAMPP\htdocs\eimbox-dashboard\eimbox-materio\footer.php on line 157
[13-Jan-2026 01:41:45 Asia/Dhaka] PHP ERROR [2]: Undefined variable $totalDurationPage in D:\XAMPP\htdocs\eimbox-dashboard\eimbox-materio\core\package_checker.php on line 103
[13-Jan-2026 01:41:45 Asia/Dhaka] PHP ERROR [2]: Undefined variable $totalDurationAll in D:\XAMPP\htdocs\eimbox-dashboard\eimbox-materio\core\package_checker.php on line 104
[13-Jan-2026 01:41:45 Asia/Dhaka] PHP ERROR [2]: Undefined variable $totalRecordsPage in D:\XAMPP\htdocs\eimbox-dashboard\eimbox-materio\core\package_checker.php on line 105
[13-Jan-2026 01:41:45 Asia/Dhaka] PHP ERROR [2]: Undefined variable $monitorPanel in D:\XAMPP\htdocs\eimbox-dashboard\eimbox-materio\footer.php on line 157
[13-Jan-2026 01:44:00 Asia/Dhaka] PHP ERROR [2]: Undefined variable $totalDurationPage in D:\XAMPP\htdocs\eimbox-dashboard\eimbox-materio\core\package_checker.php on line 103
[13-Jan-2026 01:44:00 Asia/Dhaka] PHP ERROR [2]: Undefined variable $totalDurationAll in D:\XAMPP\htdocs\eimbox-dashboard\eimbox-materio\core\package_checker.php on line 104
[13-Jan-2026 01:44:00 Asia/Dhaka] PHP ERROR [2]: Undefined variable $totalRecordsPage in D:\XAMPP\htdocs\eimbox-dashboard\eimbox-materio\core\package_checker.php on line 105
[13-Jan-2026 01:44:00 Asia/Dhaka] PHP ERROR [2]: Undefined variable $monitorPanel in D:\XAMPP\htdocs\eimbox-dashboard\eimbox-materio\footer.php on line 157
[13-Jan-2026 01:44:42 Asia/Dhaka] PHP ERROR [2]: Undefined variable $totalDurationPage in D:\XAMPP\htdocs\eimbox-dashboard\eimbox-materio\core\package_checker.php on line 103
[13-Jan-2026 01:44:42 Asia/Dhaka] PHP ERROR [2]: Undefined variable $totalDurationAll in D:\XAMPP\htdocs\eimbox-dashboard\eimbox-materio\core\package_checker.php on line 104
[13-Jan-2026 01:44:42 Asia/Dhaka] PHP ERROR [2]: Undefined variable $totalRecordsPage in D:\XAMPP\htdocs\eimbox-dashboard\eimbox-materio\core\package_checker.php on line 105
[13-Jan-2026 01:44:42 Asia/Dhaka] PHP ERROR [2]: Undefined variable $monitorPanel in D:\XAMPP\htdocs\eimbox-dashboard\eimbox-materio\footer.php on line 157
[13-Jan-2026 01:45:06 Asia/Dhaka] PHP ERROR [2]: Undefined variable $totalDurationPage in D:\XAMPP\htdocs\eimbox-dashboard\eimbox-materio\core\package_checker.php on line 103
[13-Jan-2026 01:45:06 Asia/Dhaka] PHP ERROR [2]: Undefined variable $totalDurationAll in D:\XAMPP\htdocs\eimbox-dashboard\eimbox-materio\core\package_checker.php on line 104
[13-Jan-2026 01:45:06 Asia/Dhaka] PHP ERROR [2]: Undefined variable $totalRecordsPage in D:\XAMPP\htdocs\eimbox-dashboard\eimbox-materio\core\package_checker.php on line 105
[13-Jan-2026 01:45:06 Asia/Dhaka] PHP ERROR [2]: Undefined variable $monitorPanel in D:\XAMPP\htdocs\eimbox-dashboard\eimbox-materio\footer.php on line 157
[13-Jan-2026 01:45:33 Asia/Dhaka] PHP ERROR [2]: Undefined variable $totalDurationPage in D:\XAMPP\htdocs\eimbox-dashboard\eimbox-materio\core\package_checker.php on line 103
[13-Jan-2026 01:45:33 Asia/Dhaka] PHP ERROR [2]: Undefined variable $totalDurationAll in D:\XAMPP\htdocs\eimbox-dashboard\eimbox-materio\core\package_checker.php on line 104
[13-Jan-2026 01:45:33 Asia/Dhaka] PHP ERROR [2]: Undefined variable $totalRecordsPage in D:\XAMPP\htdocs\eimbox-dashboard\eimbox-materio\core\package_checker.php on line 105
[13-Jan-2026 01:45:33 Asia/Dhaka] PHP ERROR [2]: Undefined variable $monitorPanel in D:\XAMPP\htdocs\eimbox-dashboard\eimbox-materio\footer.php on line 157
[13-Jan-2026 01:46:06 Asia/Dhaka] PHP ERROR [2]: Undefined variable $totalDurationPage in D:\XAMPP\htdocs\eimbox-dashboard\eimbox-materio\core\package_checker.php on line 103
[13-Jan-2026 01:46:06 Asia/Dhaka] PHP ERROR [2]: Undefined variable $totalDurationAll in D:\XAMPP\htdocs\eimbox-dashboard\eimbox-materio\core\package_checker.php on line 104
[13-Jan-2026 01:46:06 Asia/Dhaka] PHP ERROR [2]: Undefined variable $totalRecordsPage in D:\XAMPP\htdocs\eimbox-dashboard\eimbox-materio\core\package_checker.php on line 105
[13-Jan-2026 01:46:06 Asia/Dhaka] PHP ERROR [2]: Undefined variable $monitorPanel in D:\XAMPP\htdocs\eimbox-dashboard\eimbox-materio\footer.php on line 157
[13-Jan-2026 01:48:34 Asia/Dhaka] PHP ERROR [2]: Undefined variable $totalDurationPage in D:\XAMPP\htdocs\eimbox-dashboard\eimbox-materio\core\package_checker.php on line 103
[13-Jan-2026 01:48:34 Asia/Dhaka] PHP ERROR [2]: Undefined variable $totalDurationAll in D:\XAMPP\htdocs\eimbox-dashboard\eimbox-materio\core\package_checker.php on line 104
[13-Jan-2026 01:48:34 Asia/Dhaka] PHP ERROR [2]: Undefined variable $totalRecordsPage in D:\XAMPP\htdocs\eimbox-dashboard\eimbox-materio\core\package_checker.php on line 105
[13-Jan-2026 01:48:34 Asia/Dhaka] PHP ERROR [2]: Undefined variable $monitorPanel in D:\XAMPP\htdocs\eimbox-dashboard\eimbox-materio\footer.php on line 157
[13-Jan-2026 01:49:27 Asia/Dhaka] PHP ERROR [2]: Undefined variable $totalDurationPage in D:\XAMPP\htdocs\eimbox-dashboard\eimbox-materio\core\package_checker.php on line 103
[13-Jan-2026 01:49:27 Asia/Dhaka] PHP ERROR [2]: Undefined variable $totalDurationAll in D:\XAMPP\htdocs\eimbox-dashboard\eimbox-materio\core\package_checker.php on line 104
[13-Jan-2026 01:49:27 Asia/Dhaka] PHP ERROR [2]: Undefined variable $totalRecordsPage in D:\XAMPP\htdocs\eimbox-dashboard\eimbox-materio\core\package_checker.php on line 105
[13-Jan-2026 01:49:27 Asia/Dhaka] PHP ERROR [2]: Undefined variable $monitorPanel in D:\XAMPP\htdocs\eimbox-dashboard\eimbox-materio\footer.php on line 157
[13-Jan-2026 01:51:34 Asia/Dhaka] PHP ERROR [2]: Undefined variable $totalDurationPage in D:\XAMPP\htdocs\eimbox-dashboard\eimbox-materio\core\package_checker.php on line 103
[13-Jan-2026 01:51:34 Asia/Dhaka] PHP ERROR [2]: Undefined variable $totalDurationAll in D:\XAMPP\htdocs\eimbox-dashboard\eimbox-materio\core\package_checker.php on line 104
[13-Jan-2026 01:51:34 Asia/Dhaka] PHP ERROR [2]: Undefined variable $totalRecordsPage in D:\XAMPP\htdocs\eimbox-dashboard\eimbox-materio\core\package_checker.php on line 105
[13-Jan-2026 01:51:34 Asia/Dhaka] PHP ERROR [2]: Undefined variable $monitorPanel in D:\XAMPP\htdocs\eimbox-dashboard\eimbox-materio\footer.php on line 157
[13-Jan-2026 01:52:03 Asia/Dhaka] PHP ERROR [2]: Undefined variable $totalDurationPage in D:\XAMPP\htdocs\eimbox-dashboard\eimbox-materio\core\package_checker.php on line 103
[13-Jan-2026 01:52:03 Asia/Dhaka] PHP ERROR [2]: Undefined variable $totalDurationAll in D:\XAMPP\htdocs\eimbox-dashboard\eimbox-materio\core\package_checker.php on line 104
[13-Jan-2026 01:52:03 Asia/Dhaka] PHP ERROR [2]: Undefined variable $totalRecordsPage in D:\XAMPP\htdocs\eimbox-dashboard\eimbox-materio\core\package_checker.php on line 105
[13-Jan-2026 01:52:03 Asia/Dhaka] PHP ERROR [2]: Undefined variable $monitorPanel in D:\XAMPP\htdocs\eimbox-dashboard\eimbox-materio\footer.php on line 157
[13-Jan-2026 01:54:14 Asia/Dhaka] PHP ERROR [2]: Undefined variable $totalDurationPage in D:\XAMPP\htdocs\eimbox-dashboard\eimbox-materio\core\package_checker.php on line 103
[13-Jan-2026 01:54:14 Asia/Dhaka] PHP ERROR [2]: Undefined variable $totalDurationAll in D:\XAMPP\htdocs\eimbox-dashboard\eimbox-materio\core\package_checker.php on line 104
[13-Jan-2026 01:54:14 Asia/Dhaka] PHP ERROR [2]: Undefined variable $totalRecordsPage in D:\XAMPP\htdocs\eimbox-dashboard\eimbox-materio\core\package_checker.php on line 105
[13-Jan-2026 01:54:14 Asia/Dhaka] PHP ERROR [2]: Undefined variable $monitorPanel in D:\XAMPP\htdocs\eimbox-dashboard\eimbox-materio\footer.php on line 157
[13-Jan-2026 01:58:17 Asia/Dhaka] PHP ERROR [2]: Undefined variable $totalDurationPage in D:\XAMPP\htdocs\eimbox-dashboard\eimbox-materio\core\package_checker.php on line 103
[13-Jan-2026 01:58:17 Asia/Dhaka] PHP ERROR [2]: Undefined variable $totalDurationAll in D:\XAMPP\htdocs\eimbox-dashboard\eimbox-materio\core\package_checker.php on line 104
[13-Jan-2026 01:58:17 Asia/Dhaka] PHP ERROR [2]: Undefined variable $totalRecordsPage in D:\XAMPP\htdocs\eimbox-dashboard\eimbox-materio\core\package_checker.php on line 105
[13-Jan-2026 01:58:17 Asia/Dhaka] PHP ERROR [2]: Undefined variable $monitorPanel in D:\XAMPP\htdocs\eimbox-dashboard\eimbox-materio\footer.php on line 157
[13-Jan-2026 02:02:16 Asia/Dhaka] PHP ERROR [2]: Undefined variable $totalDurationPage in D:\XAMPP\htdocs\eimbox-dashboard\eimbox-materio\core\package_checker.php on line 103
[13-Jan-2026 02:02:16 Asia/Dhaka] PHP ERROR [2]: Undefined variable $totalDurationAll in D:\XAMPP\htdocs\eimbox-dashboard\eimbox-materio\core\package_checker.php on line 104
[13-Jan-2026 02:02:16 Asia/Dhaka] PHP ERROR [2]: Undefined variable $totalRecordsPage in D:\XAMPP\htdocs\eimbox-dashboard\eimbox-materio\core\package_checker.php on line 105
[13-Jan-2026 02:02:16 Asia/Dhaka] PHP ERROR [2]: Undefined variable $monitorPanel in D:\XAMPP\htdocs\eimbox-dashboard\eimbox-materio\footer.php on line 157
[13-Jan-2026 02:03:06 Asia/Dhaka] PHP ERROR [2]: Undefined variable $totalDurationPage in D:\XAMPP\htdocs\eimbox-dashboard\eimbox-materio\core\package_checker.php on line 103
[13-Jan-2026 02:03:06 Asia/Dhaka] PHP ERROR [2]: Undefined variable $totalDurationAll in D:\XAMPP\htdocs\eimbox-dashboard\eimbox-materio\core\package_checker.php on line 104
[13-Jan-2026 02:03:06 Asia/Dhaka] PHP ERROR [2]: Undefined variable $totalRecordsPage in D:\XAMPP\htdocs\eimbox-dashboard\eimbox-materio\core\package_checker.php on line 105
[13-Jan-2026 02:03:06 Asia/Dhaka] PHP ERROR [2]: Undefined variable $monitorPanel in D:\XAMPP\htdocs\eimbox-dashboard\eimbox-materio\footer.php on line 157
[13-Jan-2026 02:04:21 Asia/Dhaka] PHP ERROR [2]: Undefined variable $totalDurationPage in D:\XAMPP\htdocs\eimbox-dashboard\eimbox-materio\core\package_checker.php on line 103
[13-Jan-2026 02:04:21 Asia/Dhaka] PHP ERROR [2]: Undefined variable $totalDurationAll in D:\XAMPP\htdocs\eimbox-dashboard\eimbox-materio\core\package_checker.php on line 104
[13-Jan-2026 02:04:21 Asia/Dhaka] PHP ERROR [2]: Undefined variable $totalRecordsPage in D:\XAMPP\htdocs\eimbox-dashboard\eimbox-materio\core\package_checker.php on line 105
[13-Jan-2026 02:04:21 Asia/Dhaka] PHP ERROR [2]: Undefined variable $monitorPanel in D:\XAMPP\htdocs\eimbox-dashboard\eimbox-materio\footer.php on line 157
[13-Jan-2026 02:05:24 Asia/Dhaka] PHP ERROR [2]: Undefined variable $totalDurationPage in D:\XAMPP\htdocs\eimbox-dashboard\eimbox-materio\core\package_checker.php on line 103
[13-Jan-2026 02:05:24 Asia/Dhaka] PHP ERROR [2]: Undefined variable $totalDurationAll in D:\XAMPP\htdocs\eimbox-dashboard\eimbox-materio\core\package_checker.php on line 104
[13-Jan-2026 02:05:24 Asia/Dhaka] PHP ERROR [2]: Undefined variable $totalRecordsPage in D:\XAMPP\htdocs\eimbox-dashboard\eimbox-materio\core\package_checker.php on line 105
[13-Jan-2026 02:05:25 Asia/Dhaka] PHP ERROR [2]: Undefined variable $monitorPanel in D:\XAMPP\htdocs\eimbox-dashboard\eimbox-materio\footer.php on line 157
[13-Jan-2026 02:06:00 Asia/Dhaka] PHP ERROR [2]: Undefined variable $totalDurationPage in D:\XAMPP\htdocs\eimbox-dashboard\eimbox-materio\core\package_checker.php on line 103
[13-Jan-2026 02:06:00 Asia/Dhaka] PHP ERROR [2]: Undefined variable $totalDurationAll in D:\XAMPP\htdocs\eimbox-dashboard\eimbox-materio\core\package_checker.php on line 104
[13-Jan-2026 02:06:00 Asia/Dhaka] PHP ERROR [2]: Undefined variable $totalRecordsPage in D:\XAMPP\htdocs\eimbox-dashboard\eimbox-materio\core\package_checker.php on line 105
[13-Jan-2026 02:06:01 Asia/Dhaka] PHP ERROR [2]: Undefined variable $monitorPanel in D:\XAMPP\htdocs\eimbox-dashboard\eimbox-materio\footer.php on line 157
[13-Jan-2026 02:06:37 Asia/Dhaka] PHP ERROR [2]: Undefined variable $totalDurationPage in D:\XAMPP\htdocs\eimbox-dashboard\eimbox-materio\core\package_checker.php on line 103
[13-Jan-2026 02:06:37 Asia/Dhaka] PHP ERROR [2]: Undefined variable $totalDurationAll in D:\XAMPP\htdocs\eimbox-dashboard\eimbox-materio\core\package_checker.php on line 104
[13-Jan-2026 02:06:37 Asia/Dhaka] PHP ERROR [2]: Undefined variable $totalRecordsPage in D:\XAMPP\htdocs\eimbox-dashboard\eimbox-materio\core\package_checker.php on line 105
[13-Jan-2026 02:06:38 Asia/Dhaka] PHP ERROR [2]: Undefined variable $monitorPanel in D:\XAMPP\htdocs\eimbox-dashboard\eimbox-materio\footer.php on line 157
[13-Jan-2026 02:10:00 Asia/Dhaka] PHP ERROR [2]: Undefined variable $totalDurationPage in D:\XAMPP\htdocs\eimbox-dashboard\eimbox-materio\core\package_checker.php on line 103
[13-Jan-2026 02:10:00 Asia/Dhaka] PHP ERROR [2]: Undefined variable $totalDurationAll in D:\XAMPP\htdocs\eimbox-dashboard\eimbox-materio\core\package_checker.php on line 104
[13-Jan-2026 02:10:00 Asia/Dhaka] PHP ERROR [2]: Undefined variable $totalRecordsPage in D:\XAMPP\htdocs\eimbox-dashboard\eimbox-materio\core\package_checker.php on line 105
[13-Jan-2026 02:10:00 Asia/Dhaka] PHP ERROR [2]: Undefined variable $monitorPanel in D:\XAMPP\htdocs\eimbox-dashboard\eimbox-materio\footer.php on line 157
[13-Jan-2026 02:15:58 Asia/Dhaka] PHP ERROR [2]: Undefined variable $totalDurationPage in D:\XAMPP\htdocs\eimbox-dashboard\eimbox-materio\core\package_checker.php on line 103
[13-Jan-2026 02:15:58 Asia/Dhaka] PHP ERROR [2]: Undefined variable $totalDurationAll in D:\XAMPP\htdocs\eimbox-dashboard\eimbox-materio\core\package_checker.php on line 104
[13-Jan-2026 02:15:58 Asia/Dhaka] PHP ERROR [2]: Undefined variable $totalRecordsPage in D:\XAMPP\htdocs\eimbox-dashboard\eimbox-materio\core\package_checker.php on line 105
[13-Jan-2026 02:15:58 Asia/Dhaka] PHP ERROR [2]: Undefined variable $monitorPanel in D:\XAMPP\htdocs\eimbox-dashboard\eimbox-materio\footer.php on line 157
[13-Jan-2026 02:16:51 Asia/Dhaka] PHP ERROR [2]: Undefined variable $totalDurationPage in D:\XAMPP\htdocs\eimbox-dashboard\eimbox-materio\core\package_checker.php on line 103
[13-Jan-2026 02:16:51 Asia/Dhaka] PHP ERROR [2]: Undefined variable $totalDurationAll in D:\XAMPP\htdocs\eimbox-dashboard\eimbox-materio\core\package_checker.php on line 104
[13-Jan-2026 02:16:51 Asia/Dhaka] PHP ERROR [2]: Undefined variable $totalRecordsPage in D:\XAMPP\htdocs\eimbox-dashboard\eimbox-materio\core\package_checker.php on line 105
[13-Jan-2026 02:16:51 Asia/Dhaka] PHP ERROR [2]: Undefined variable $monitorPanel in D:\XAMPP\htdocs\eimbox-dashboard\eimbox-materio\footer.php on line 157
[13-Jan-2026 02:17:31 Asia/Dhaka] PHP ERROR [2]: Undefined variable $totalDurationPage in D:\XAMPP\htdocs\eimbox-dashboard\eimbox-materio\core\package_checker.php on line 103
[13-Jan-2026 02:17:31 Asia/Dhaka] PHP ERROR [2]: Undefined variable $totalDurationAll in D:\XAMPP\htdocs\eimbox-dashboard\eimbox-materio\core\package_checker.php on line 104
[13-Jan-2026 02:17:31 Asia/Dhaka] PHP ERROR [2]: Undefined variable $totalRecordsPage in D:\XAMPP\htdocs\eimbox-dashboard\eimbox-materio\core\package_checker.php on line 105
[13-Jan-2026 02:17:31 Asia/Dhaka] PHP ERROR [2]: Undefined variable $monitorPanel in D:\XAMPP\htdocs\eimbox-dashboard\eimbox-materio\footer.php on line 157
[13-Jan-2026 02:20:03 Asia/Dhaka] PHP ERROR [2]: Undefined variable $totalDurationPage in D:\XAMPP\htdocs\eimbox-dashboard\eimbox-materio\core\package_checker.php on line 103
[13-Jan-2026 02:20:03 Asia/Dhaka] PHP ERROR [2]: Undefined variable $totalDurationAll in D:\XAMPP\htdocs\eimbox-dashboard\eimbox-materio\core\package_checker.php on line 104
[13-Jan-2026 02:20:03 Asia/Dhaka] PHP ERROR [2]: Undefined variable $totalRecordsPage in D:\XAMPP\htdocs\eimbox-dashboard\eimbox-materio\core\package_checker.php on line 105
[13-Jan-2026 02:20:03 Asia/Dhaka] PHP ERROR [2]: Undefined variable $monitorPanel in D:\XAMPP\htdocs\eimbox-dashboard\eimbox-materio\footer.php on line 157
[13-Jan-2026 02:22:42 Asia/Dhaka] PHP ERROR [2]: Undefined variable $totalDurationPage in D:\XAMPP\htdocs\eimbox-dashboard\eimbox-materio\core\package_checker.php on line 103
[13-Jan-2026 02:22:42 Asia/Dhaka] PHP ERROR [2]: Undefined variable $totalDurationAll in D:\XAMPP\htdocs\eimbox-dashboard\eimbox-materio\core\package_checker.php on line 104
[13-Jan-2026 02:22:42 Asia/Dhaka] PHP ERROR [2]: Undefined variable $totalRecordsPage in D:\XAMPP\htdocs\eimbox-dashboard\eimbox-materio\core\package_checker.php on line 105
[13-Jan-2026 02:22:42 Asia/Dhaka] PHP ERROR [2]: Undefined variable $monitorPanel in D:\XAMPP\htdocs\eimbox-dashboard\eimbox-materio\footer.php on line 157
[13-Jan-2026 02:22:49 Asia/Dhaka] PHP ERROR [2]: Undefined variable $totalDurationPage in D:\XAMPP\htdocs\eimbox-dashboard\eimbox-materio\core\package_checker.php on line 103
[13-Jan-2026 02:22:49 Asia/Dhaka] PHP ERROR [2]: Undefined variable $totalDurationAll in D:\XAMPP\htdocs\eimbox-dashboard\eimbox-materio\core\package_checker.php on line 104
[13-Jan-2026 02:22:49 Asia/Dhaka] PHP ERROR [2]: Undefined variable $totalRecordsPage in D:\XAMPP\htdocs\eimbox-dashboard\eimbox-materio\core\package_checker.php on line 105
[13-Jan-2026 02:22:49 Asia/Dhaka] PHP ERROR [2]: Undefined variable $monitorPanel in D:\XAMPP\htdocs\eimbox-dashboard\eimbox-materio\footer.php on line 157
[13-Jan-2026 02:23:05 Asia/Dhaka] PHP ERROR [2]: Undefined variable $totalDurationPage in D:\XAMPP\htdocs\eimbox-dashboard\eimbox-materio\core\package_checker.php on line 103
[13-Jan-2026 02:23:05 Asia/Dhaka] PHP ERROR [2]: Undefined variable $totalDurationAll in D:\XAMPP\htdocs\eimbox-dashboard\eimbox-materio\core\package_checker.php on line 104
[13-Jan-2026 02:23:05 Asia/Dhaka] PHP ERROR [2]: Undefined variable $totalRecordsPage in D:\XAMPP\htdocs\eimbox-dashboard\eimbox-materio\core\package_checker.php on line 105
[13-Jan-2026 02:23:05 Asia/Dhaka] PHP ERROR [2]: Undefined variable $monitorPanel in D:\XAMPP\htdocs\eimbox-dashboard\eimbox-materio\footer.php on line 157
[13-Jan-2026 02:23:50 Asia/Dhaka] PHP ERROR [2]: Undefined variable $totalDurationPage in D:\XAMPP\htdocs\eimbox-dashboard\eimbox-materio\core\package_checker.php on line 103
[13-Jan-2026 02:23:50 Asia/Dhaka] PHP ERROR [2]: Undefined variable $totalDurationAll in D:\XAMPP\htdocs\eimbox-dashboard\eimbox-materio\core\package_checker.php on line 104
[13-Jan-2026 02:23:50 Asia/Dhaka] PHP ERROR [2]: Undefined variable $totalRecordsPage in D:\XAMPP\htdocs\eimbox-dashboard\eimbox-materio\core\package_checker.php on line 105
[13-Jan-2026 02:23:50 Asia/Dhaka] PHP ERROR [2]: Undefined variable $monitorPanel in D:\XAMPP\htdocs\eimbox-dashboard\eimbox-materio\footer.php on line 157
[13-Jan-2026 02:24:04 Asia/Dhaka] PHP ERROR [2]: Undefined variable $totalDurationPage in D:\XAMPP\htdocs\eimbox-dashboard\eimbox-materio\core\package_checker.php on line 103
[13-Jan-2026 02:24:04 Asia/Dhaka] PHP ERROR [2]: Undefined variable $totalDurationAll in D:\XAMPP\htdocs\eimbox-dashboard\eimbox-materio\core\package_checker.php on line 104
[13-Jan-2026 02:24:04 Asia/Dhaka] PHP ERROR [2]: Undefined variable $totalRecordsPage in D:\XAMPP\htdocs\eimbox-dashboard\eimbox-materio\core\package_checker.php on line 105
[13-Jan-2026 02:24:04 Asia/Dhaka] PHP ERROR [2]: Undefined variable $monitorPanel in D:\XAMPP\htdocs\eimbox-dashboard\eimbox-materio\footer.php on line 157
[13-Jan-2026 02:25:05 Asia/Dhaka] PHP ERROR [2]: Undefined variable $totalDurationPage in D:\XAMPP\htdocs\eimbox-dashboard\eimbox-materio\core\package_checker.php on line 103
[13-Jan-2026 02:25:05 Asia/Dhaka] PHP ERROR [2]: Undefined variable $totalDurationAll in D:\XAMPP\htdocs\eimbox-dashboard\eimbox-materio\core\package_checker.php on line 104
[13-Jan-2026 02:25:05 Asia/Dhaka] PHP ERROR [2]: Undefined variable $totalRecordsPage in D:\XAMPP\htdocs\eimbox-dashboard\eimbox-materio\core\package_checker.php on line 105
[13-Jan-2026 02:25:06 Asia/Dhaka] PHP ERROR [2]: Undefined variable $monitorPanel in D:\XAMPP\htdocs\eimbox-dashboard\eimbox-materio\footer.php on line 157
[13-Jan-2026 02:28:56 Asia/Dhaka] PHP ERROR [2]: Undefined variable $totalDurationPage in D:\XAMPP\htdocs\eimbox-dashboard\eimbox-materio\core\package_checker.php on line 103
[13-Jan-2026 02:28:56 Asia/Dhaka] PHP ERROR [2]: Undefined variable $totalDurationAll in D:\XAMPP\htdocs\eimbox-dashboard\eimbox-materio\core\package_checker.php on line 104
[13-Jan-2026 02:28:56 Asia/Dhaka] PHP ERROR [2]: Undefined variable $totalRecordsPage in D:\XAMPP\htdocs\eimbox-dashboard\eimbox-materio\core\package_checker.php on line 105
[13-Jan-2026 02:28:56 Asia/Dhaka] PHP ERROR [2]: Undefined variable $monitorPanel in D:\XAMPP\htdocs\eimbox-dashboard\eimbox-materio\footer.php on line 157
[13-Jan-2026 02:30:11 Asia/Dhaka] PHP ERROR [2]: Undefined variable $totalDurationPage in D:\XAMPP\htdocs\eimbox-dashboard\eimbox-materio\core\package_checker.php on line 103
[13-Jan-2026 02:30:11 Asia/Dhaka] PHP ERROR [2]: Undefined variable $totalDurationAll in D:\XAMPP\htdocs\eimbox-dashboard\eimbox-materio\core\package_checker.php on line 104
[13-Jan-2026 02:30:11 Asia/Dhaka] PHP ERROR [2]: Undefined variable $totalRecordsPage in D:\XAMPP\htdocs\eimbox-dashboard\eimbox-materio\core\package_checker.php on line 105
[13-Jan-2026 02:30:11 Asia/Dhaka] PHP ERROR [2]: Undefined variable $monitorPanel in D:\XAMPP\htdocs\eimbox-dashboard\eimbox-materio\footer.php on line 157
[13-Jan-2026 02:55:43 Asia/Dhaka] PHP ERROR [2]: Undefined variable $totalDurationPage in D:\XAMPP\htdocs\eimbox-dashboard\eimbox-materio\core\package_checker.php on line 103
[13-Jan-2026 02:55:43 Asia/Dhaka] PHP ERROR [2]: Undefined variable $totalDurationAll in D:\XAMPP\htdocs\eimbox-dashboard\eimbox-materio\core\package_checker.php on line 104
[13-Jan-2026 02:55:43 Asia/Dhaka] PHP ERROR [2]: Undefined variable $totalRecordsPage in D:\XAMPP\htdocs\eimbox-dashboard\eimbox-materio\core\package_checker.php on line 105
[13-Jan-2026 02:55:43 Asia/Dhaka] PHP ERROR [2]: Undefined variable $monitorPanel in D:\XAMPP\htdocs\eimbox-dashboard\eimbox-materio\footer.php on line 157
[13-Jan-2026 02:56:08 Asia/Dhaka] PHP ERROR [2]: Undefined variable $totalDurationPage in D:\XAMPP\htdocs\eimbox-dashboard\eimbox-materio\core\package_checker.php on line 103
[13-Jan-2026 02:56:08 Asia/Dhaka] PHP ERROR [2]: Undefined variable $totalDurationAll in D:\XAMPP\htdocs\eimbox-dashboard\eimbox-materio\core\package_checker.php on line 104
[13-Jan-2026 02:56:08 Asia/Dhaka] PHP ERROR [2]: Undefined variable $totalRecordsPage in D:\XAMPP\htdocs\eimbox-dashboard\eimbox-materio\core\package_checker.php on line 105
[13-Jan-2026 02:56:08 Asia/Dhaka] PHP ERROR [2]: Undefined variable $monitorPanel in D:\XAMPP\htdocs\eimbox-dashboard\eimbox-materio\footer.php on line 157
[13-Jan-2026 03:05:52 Asia/Dhaka] PHP ERROR [2]: Undefined variable $totalDurationPage in D:\XAMPP\htdocs\eimbox-dashboard\eimbox-materio\core\package_checker.php on line 103
[13-Jan-2026 03:05:52 Asia/Dhaka] PHP ERROR [2]: Undefined variable $totalDurationAll in D:\XAMPP\htdocs\eimbox-dashboard\eimbox-materio\core\package_checker.php on line 104
[13-Jan-2026 03:05:52 Asia/Dhaka] PHP ERROR [2]: Undefined variable $totalRecordsPage in D:\XAMPP\htdocs\eimbox-dashboard\eimbox-materio\core\package_checker.php on line 105
[13-Jan-2026 03:05:52 Asia/Dhaka] PHP ERROR [2]: Undefined variable $monitorPanel in D:\XAMPP\htdocs\eimbox-dashboard\eimbox-materio\footer.php on line 157
[13-Jan-2026 03:12:32 Asia/Dhaka] PHP ERROR [2]: Undefined variable $totalDurationPage in D:\XAMPP\htdocs\eimbox-dashboard\eimbox-materio\core\package_checker.php on line 103
[13-Jan-2026 03:12:32 Asia/Dhaka] PHP ERROR [2]: Undefined variable $totalDurationAll in D:\XAMPP\htdocs\eimbox-dashboard\eimbox-materio\core\package_checker.php on line 104
[13-Jan-2026 03:12:32 Asia/Dhaka] PHP ERROR [2]: Undefined variable $totalRecordsPage in D:\XAMPP\htdocs\eimbox-dashboard\eimbox-materio\core\package_checker.php on line 105
[13-Jan-2026 03:12:33 Asia/Dhaka] PHP ERROR [2]: Undefined variable $monitorPanel in D:\XAMPP\htdocs\eimbox-dashboard\eimbox-materio\footer.php on line 157
[13-Jan-2026 03:15:10 Asia/Dhaka] PHP ERROR [2]: Undefined variable $totalDurationPage in D:\XAMPP\htdocs\eimbox-dashboard\eimbox-materio\core\package_checker.php on line 103
[13-Jan-2026 03:15:10 Asia/Dhaka] PHP ERROR [2]: Undefined variable $totalDurationAll in D:\XAMPP\htdocs\eimbox-dashboard\eimbox-materio\core\package_checker.php on line 104
[13-Jan-2026 03:15:10 Asia/Dhaka] PHP ERROR [2]: Undefined variable $totalRecordsPage in D:\XAMPP\htdocs\eimbox-dashboard\eimbox-materio\core\package_checker.php on line 105
[13-Jan-2026 03:15:10 Asia/Dhaka] PHP ERROR [2]: Undefined variable $monitorPanel in D:\XAMPP\htdocs\eimbox-dashboard\eimbox-materio\footer.php on line 157
[13-Jan-2026 10:14:25 Asia/Dhaka] PHP ERROR [2]: Undefined variable $totalDurationPage in D:\XAMPP\htdocs\eimbox-dashboard\eimbox-materio\core\package_checker.php on line 103
[13-Jan-2026 10:14:25 Asia/Dhaka] PHP ERROR [2]: Undefined variable $totalDurationAll in D:\XAMPP\htdocs\eimbox-dashboard\eimbox-materio\core\package_checker.php on line 104
[13-Jan-2026 10:14:25 Asia/Dhaka] PHP ERROR [2]: Undefined variable $totalRecordsPage in D:\XAMPP\htdocs\eimbox-dashboard\eimbox-materio\core\package_checker.php on line 105
[13-Jan-2026 10:14:26 Asia/Dhaka] PHP ERROR [2]: Undefined variable $monitorPanel in D:\XAMPP\htdocs\eimbox-dashboard\eimbox-materio\footer.php on line 157
[13-Jan-2026 10:20:32 Asia/Dhaka] PHP ERROR [2]: Undefined variable $totalDurationPage in D:\XAMPP\htdocs\eimbox-dashboard\eimbox-materio\core\package_checker.php on line 103
[13-Jan-2026 10:20:32 Asia/Dhaka] PHP ERROR [2]: Undefined variable $totalDurationAll in D:\XAMPP\htdocs\eimbox-dashboard\eimbox-materio\core\package_checker.php on line 104
[13-Jan-2026 10:20:32 Asia/Dhaka] PHP ERROR [2]: Undefined variable $totalRecordsPage in D:\XAMPP\htdocs\eimbox-dashboard\eimbox-materio\core\package_checker.php on line 105
[13-Jan-2026 10:20:32 Asia/Dhaka] PHP ERROR [2]: Undefined variable $monitorPanel in D:\XAMPP\htdocs\eimbox-dashboard\eimbox-materio\footer.php on line 157
[13-Jan-2026 10:25:43 Asia/Dhaka] PHP ERROR [2]: Undefined variable $totalDurationPage in D:\XAMPP\htdocs\eimbox-dashboard\eimbox-materio\core\package_checker.php on line 103
[13-Jan-2026 10:25:43 Asia/Dhaka] PHP ERROR [2]: Undefined variable $totalDurationAll in D:\XAMPP\htdocs\eimbox-dashboard\eimbox-materio\core\package_checker.php on line 104
[13-Jan-2026 10:25:43 Asia/Dhaka] PHP ERROR [2]: Undefined variable $totalRecordsPage in D:\XAMPP\htdocs\eimbox-dashboard\eimbox-materio\core\package_checker.php on line 105
[13-Jan-2026 10:25:43 Asia/Dhaka] PHP ERROR [2]: Undefined variable $monitorPanel in D:\XAMPP\htdocs\eimbox-dashboard\eimbox-materio\footer.php on line 157
[13-Jan-2026 10:25:58 Asia/Dhaka] PHP ERROR [2]: Undefined variable $totalDurationPage in D:\XAMPP\htdocs\eimbox-dashboard\eimbox-materio\core\package_checker.php on line 103
[13-Jan-2026 10:25:58 Asia/Dhaka] PHP ERROR [2]: Undefined variable $totalDurationAll in D:\XAMPP\htdocs\eimbox-dashboard\eimbox-materio\core\package_checker.php on line 104
[13-Jan-2026 10:25:58 Asia/Dhaka] PHP ERROR [2]: Undefined variable $totalRecordsPage in D:\XAMPP\htdocs\eimbox-dashboard\eimbox-materio\core\package_checker.php on line 105
[13-Jan-2026 10:25:58 Asia/Dhaka] PHP ERROR [2]: Undefined variable $monitorPanel in D:\XAMPP\htdocs\eimbox-dashboard\eimbox-materio\footer.php on line 157
[13-Jan-2026 10:27:20 Asia/Dhaka] PHP ERROR [2]: Undefined variable $totalDurationPage in D:\XAMPP\htdocs\eimbox-dashboard\eimbox-materio\core\package_checker.php on line 103
[13-Jan-2026 10:27:20 Asia/Dhaka] PHP ERROR [2]: Undefined variable $totalDurationAll in D:\XAMPP\htdocs\eimbox-dashboard\eimbox-materio\core\package_checker.php on line 104
[13-Jan-2026 10:27:20 Asia/Dhaka] PHP ERROR [2]: Undefined variable $totalRecordsPage in D:\XAMPP\htdocs\eimbox-dashboard\eimbox-materio\core\package_checker.php on line 105
[13-Jan-2026 10:27:20 Asia/Dhaka] PHP ERROR [2]: Undefined variable $monitorPanel in D:\XAMPP\htdocs\eimbox-dashboard\eimbox-materio\footer.php on line 157
[13-Jan-2026 10:33:36 Asia/Dhaka] PHP ERROR [2]: Undefined variable $totalDurationPage in D:\XAMPP\htdocs\eimbox-dashboard\eimbox-materio\core\package_checker.php on line 103
[13-Jan-2026 10:33:36 Asia/Dhaka] PHP ERROR [2]: Undefined variable $totalDurationAll in D:\XAMPP\htdocs\eimbox-dashboard\eimbox-materio\core\package_checker.php on line 104
[13-Jan-2026 10:33:36 Asia/Dhaka] PHP ERROR [2]: Undefined variable $totalRecordsPage in D:\XAMPP\htdocs\eimbox-dashboard\eimbox-materio\core\package_checker.php on line 105
[13-Jan-2026 10:33:36 Asia/Dhaka] PHP ERROR [2]: Undefined variable $monitorPanel in D:\XAMPP\htdocs\eimbox-dashboard\eimbox-materio\footer.php on line 157
[13-Jan-2026 10:45:52 Asia/Dhaka] PHP ERROR [2]: Undefined variable $totalDurationPage in D:\XAMPP\htdocs\eimbox-dashboard\eimbox-materio\core\package_checker.php on line 103
[13-Jan-2026 10:45:53 Asia/Dhaka] PHP ERROR [2]: Undefined variable $totalDurationAll in D:\XAMPP\htdocs\eimbox-dashboard\eimbox-materio\core\package_checker.php on line 104
[13-Jan-2026 10:45:53 Asia/Dhaka] PHP ERROR [2]: Undefined variable $totalRecordsPage in D:\XAMPP\htdocs\eimbox-dashboard\eimbox-materio\core\package_checker.php on line 105
[13-Jan-2026 10:45:53 Asia/Dhaka] PHP ERROR [2]: Undefined variable $monitorPanel in D:\XAMPP\htdocs\eimbox-dashboard\eimbox-materio\footer.php on line 157
[13-Jan-2026 10:48:16 Asia/Dhaka] PHP ERROR [2]: Undefined variable $totalDurationPage in D:\XAMPP\htdocs\eimbox-dashboard\eimbox-materio\core\package_checker.php on line 103
[13-Jan-2026 10:48:16 Asia/Dhaka] PHP ERROR [2]: Undefined variable $totalDurationAll in D:\XAMPP\htdocs\eimbox-dashboard\eimbox-materio\core\package_checker.php on line 104
[13-Jan-2026 10:48:16 Asia/Dhaka] PHP ERROR [2]: Undefined variable $totalRecordsPage in D:\XAMPP\htdocs\eimbox-dashboard\eimbox-materio\core\package_checker.php on line 105
[13-Jan-2026 10:48:16 Asia/Dhaka] PHP ERROR [2]: Undefined variable $monitorPanel in D:\XAMPP\htdocs\eimbox-dashboard\eimbox-materio\footer.php on line 157
[13-Jan-2026 10:49:01 Asia/Dhaka] PHP ERROR [2]: Undefined variable $totalDurationPage in D:\XAMPP\htdocs\eimbox-dashboard\eimbox-materio\core\package_checker.php on line 103
[13-Jan-2026 10:49:01 Asia/Dhaka] PHP ERROR [2]: Undefined variable $totalDurationAll in D:\XAMPP\htdocs\eimbox-dashboard\eimbox-materio\core\package_checker.php on line 104
[13-Jan-2026 10:49:01 Asia/Dhaka] PHP ERROR [2]: Undefined variable $totalRecordsPage in D:\XAMPP\htdocs\eimbox-dashboard\eimbox-materio\core\package_checker.php on line 105
[13-Jan-2026 10:49:01 Asia/Dhaka] PHP ERROR [2]: Undefined variable $monitorPanel in D:\XAMPP\htdocs\eimbox-dashboard\eimbox-materio\footer.php on line 157
[13-Jan-2026 10:49:08 Asia/Dhaka] PHP ERROR [2]: Undefined variable $totalDurationPage in D:\XAMPP\htdocs\eimbox-dashboard\eimbox-materio\core\package_checker.php on line 103
[13-Jan-2026 10:49:08 Asia/Dhaka] PHP ERROR [2]: Undefined variable $totalDurationAll in D:\XAMPP\htdocs\eimbox-dashboard\eimbox-materio\core\package_checker.php on line 104
[13-Jan-2026 10:49:08 Asia/Dhaka] PHP ERROR [2]: Undefined variable $totalRecordsPage in D:\XAMPP\htdocs\eimbox-dashboard\eimbox-materio\core\package_checker.php on line 105
[13-Jan-2026 10:49:08 Asia/Dhaka] PHP ERROR [2]: Undefined variable $monitorPanel in D:\XAMPP\htdocs\eimbox-dashboard\eimbox-materio\footer.php on line 157
[13-Jan-2026 10:49:34 Asia/Dhaka] PHP ERROR [2]: Undefined variable $totalDurationPage in D:\XAMPP\htdocs\eimbox-dashboard\eimbox-materio\core\package_checker.php on line 103
[13-Jan-2026 10:49:34 Asia/Dhaka] PHP ERROR [2]: Undefined variable $totalDurationAll in D:\XAMPP\htdocs\eimbox-dashboard\eimbox-materio\core\package_checker.php on line 104
[13-Jan-2026 10:49:34 Asia/Dhaka] PHP ERROR [2]: Undefined variable $totalRecordsPage in D:\XAMPP\htdocs\eimbox-dashboard\eimbox-materio\core\package_checker.php on line 105
[13-Jan-2026 10:49:34 Asia/Dhaka] PHP ERROR [2]: Undefined variable $monitorPanel in D:\XAMPP\htdocs\eimbox-dashboard\eimbox-materio\footer.php on line 157
[13-Jan-2026 10:52:02 Asia/Dhaka] PHP ERROR [2]: Undefined variable $totalDurationPage in D:\XAMPP\htdocs\eimbox-dashboard\eimbox-materio\core\package_checker.php on line 103
[13-Jan-2026 10:52:02 Asia/Dhaka] PHP ERROR [2]: Undefined variable $totalDurationAll in D:\XAMPP\htdocs\eimbox-dashboard\eimbox-materio\core\package_checker.php on line 104
[13-Jan-2026 10:52:02 Asia/Dhaka] PHP ERROR [2]: Undefined variable $totalRecordsPage in D:\XAMPP\htdocs\eimbox-dashboard\eimbox-materio\core\package_checker.php on line 105
[13-Jan-2026 10:52:02 Asia/Dhaka] PHP ERROR [2]: Undefined variable $monitorPanel in D:\XAMPP\htdocs\eimbox-dashboard\eimbox-materio\footer.php on line 157
[13-Jan-2026 10:54:11 Asia/Dhaka] PHP ERROR [2]: Undefined variable $totalDurationPage in D:\XAMPP\htdocs\eimbox-dashboard\eimbox-materio\core\package_checker.php on line 103
[13-Jan-2026 10:54:11 Asia/Dhaka] PHP ERROR [2]: Undefined variable $totalDurationAll in D:\XAMPP\htdocs\eimbox-dashboard\eimbox-materio\core\package_checker.php on line 104
[13-Jan-2026 10:54:11 Asia/Dhaka] PHP ERROR [2]: Undefined variable $totalRecordsPage in D:\XAMPP\htdocs\eimbox-dashboard\eimbox-materio\core\package_checker.php on line 105
[13-Jan-2026 10:54:11 Asia/Dhaka] PHP ERROR [2]: Undefined variable $monitorPanel in D:\XAMPP\htdocs\eimbox-dashboard\eimbox-materio\footer.php on line 157
[13-Jan-2026 10:54:52 Asia/Dhaka] PHP ERROR [2]: Undefined variable $totalDurationPage in D:\XAMPP\htdocs\eimbox-dashboard\eimbox-materio\core\package_checker.php on line 103
[13-Jan-2026 10:54:52 Asia/Dhaka] PHP ERROR [2]: Undefined variable $totalDurationAll in D:\XAMPP\htdocs\eimbox-dashboard\eimbox-materio\core\package_checker.php on line 104
[13-Jan-2026 10:54:52 Asia/Dhaka] PHP ERROR [2]: Undefined variable $totalRecordsPage in D:\XAMPP\htdocs\eimbox-dashboard\eimbox-materio\core\package_checker.php on line 105
[13-Jan-2026 10:54:52 Asia/Dhaka] PHP ERROR [2]: Undefined variable $monitorPanel in D:\XAMPP\htdocs\eimbox-dashboard\eimbox-materio\footer.php on line 157
[13-Jan-2026 10:56:10 Asia/Dhaka] PHP ERROR [2]: Undefined variable $totalDurationPage in D:\XAMPP\htdocs\eimbox-dashboard\eimbox-materio\core\package_checker.php on line 103
[13-Jan-2026 10:56:10 Asia/Dhaka] PHP ERROR [2]: Undefined variable $totalDurationAll in D:\XAMPP\htdocs\eimbox-dashboard\eimbox-materio\core\package_checker.php on line 104
[13-Jan-2026 10:56:10 Asia/Dhaka] PHP ERROR [2]: Undefined variable $totalRecordsPage in D:\XAMPP\htdocs\eimbox-dashboard\eimbox-materio\core\package_checker.php on line 105
[13-Jan-2026 10:56:10 Asia/Dhaka] PHP ERROR [2]: Undefined variable $monitorPanel in D:\XAMPP\htdocs\eimbox-dashboard\eimbox-materio\footer.php on line 157
[13-Jan-2026 10:57:12 Asia/Dhaka] PHP ERROR [2]: Undefined variable $totalDurationPage in D:\XAMPP\htdocs\eimbox-dashboard\eimbox-materio\core\package_checker.php on line 103
[13-Jan-2026 10:57:12 Asia/Dhaka] PHP ERROR [2]: Undefined variable $totalDurationAll in D:\XAMPP\htdocs\eimbox-dashboard\eimbox-materio\core\package_checker.php on line 104
[13-Jan-2026 10:57:12 Asia/Dhaka] PHP ERROR [2]: Undefined variable $totalRecordsPage in D:\XAMPP\htdocs\eimbox-dashboard\eimbox-materio\core\package_checker.php on line 105
[13-Jan-2026 10:57:12 Asia/Dhaka] PHP ERROR [2]: Undefined variable $monitorPanel in D:\XAMPP\htdocs\eimbox-dashboard\eimbox-materio\footer.php on line 157
[13-Jan-2026 10:59:53 Asia/Dhaka] PHP ERROR [2]: Undefined variable $totalDurationPage in D:\XAMPP\htdocs\eimbox-dashboard\eimbox-materio\core\package_checker.php on line 103
[13-Jan-2026 10:59:53 Asia/Dhaka] PHP ERROR [2]: Undefined variable $totalDurationAll in D:\XAMPP\htdocs\eimbox-dashboard\eimbox-materio\core\package_checker.php on line 104
[13-Jan-2026 10:59:53 Asia/Dhaka] PHP ERROR [2]: Undefined variable $totalRecordsPage in D:\XAMPP\htdocs\eimbox-dashboard\eimbox-materio\core\package_checker.php on line 105
[13-Jan-2026 10:59:53 Asia/Dhaka] PHP ERROR [2]: Undefined variable $monitorPanel in D:\XAMPP\htdocs\eimbox-dashboard\eimbox-materio\footer.php on line 157
[13-Jan-2026 11:00:57 Asia/Dhaka] PHP ERROR [2]: Undefined variable $totalDurationPage in D:\XAMPP\htdocs\eimbox-dashboard\eimbox-materio\core\package_checker.php on line 103
[13-Jan-2026 11:00:57 Asia/Dhaka] PHP ERROR [2]: Undefined variable $totalDurationAll in D:\XAMPP\htdocs\eimbox-dashboard\eimbox-materio\core\package_checker.php on line 104
[13-Jan-2026 11:00:57 Asia/Dhaka] PHP ERROR [2]: Undefined variable $totalRecordsPage in D:\XAMPP\htdocs\eimbox-dashboard\eimbox-materio\core\package_checker.php on line 105
[13-Jan-2026 11:00:57 Asia/Dhaka] PHP ERROR [8192]: htmlspecialchars(): Passing null to parameter #1 ($string) of type string is deprecated in D:\XAMPP\htdocs\eimbox-dashboard\eimbox-materio\header.php on line 267
[13-Jan-2026 11:00:57 Asia/Dhaka] PHP ERROR [8192]: htmlspecialchars(): Passing null to parameter #1 ($string) of type string is deprecated in D:\XAMPP\htdocs\eimbox-dashboard\eimbox-materio\header.php on line 268
[13-Jan-2026 11:00:57 Asia/Dhaka] PHP ERROR [8192]: htmlspecialchars(): Passing null to parameter #1 ($string) of type string is deprecated in D:\XAMPP\htdocs\eimbox-dashboard\eimbox-materio\header.php on line 267
[13-Jan-2026 11:00:57 Asia/Dhaka] PHP ERROR [2]: Undefined variable $monitorPanel in D:\XAMPP\htdocs\eimbox-dashboard\eimbox-materio\footer.php on line 157
[13-Jan-2026 11:03:30 Asia/Dhaka] PHP ERROR [2]: Undefined variable $totalDurationPage in D:\XAMPP\htdocs\eimbox-dashboard\eimbox-materio\core\package_checker.php on line 103
[13-Jan-2026 11:03:30 Asia/Dhaka] PHP ERROR [2]: Undefined variable $totalDurationAll in D:\XAMPP\htdocs\eimbox-dashboard\eimbox-materio\core\package_checker.php on line 104
[13-Jan-2026 11:03:30 Asia/Dhaka] PHP ERROR [2]: Undefined variable $totalRecordsPage in D:\XAMPP\htdocs\eimbox-dashboard\eimbox-materio\core\package_checker.php on line 105
[13-Jan-2026 11:03:30 Asia/Dhaka] PHP ERROR [2]: Undefined variable $monitorPanel in D:\XAMPP\htdocs\eimbox-dashboard\eimbox-materio\footer.php on line 157
[13-Jan-2026 11:05:33 Asia/Dhaka] PHP ERROR [2]: Undefined variable $totalDurationPage in D:\XAMPP\htdocs\eimbox-dashboard\eimbox-materio\core\package_checker.php on line 103
[13-Jan-2026 11:05:33 Asia/Dhaka] PHP ERROR [2]: Undefined variable $totalDurationAll in D:\XAMPP\htdocs\eimbox-dashboard\eimbox-materio\core\package_checker.php on line 104
[13-Jan-2026 11:05:33 Asia/Dhaka] PHP ERROR [2]: Undefined variable $totalRecordsPage in D:\XAMPP\htdocs\eimbox-dashboard\eimbox-materio\core\package_checker.php on line 105
[13-Jan-2026 11:05:33 Asia/Dhaka] PHP ERROR [2]: Undefined variable $monitorPanel in D:\XAMPP\htdocs\eimbox-dashboard\eimbox-materio\footer.php on line 157
[13-Jan-2026 11:13:13 Asia/Dhaka] PHP ERROR [2]: Undefined variable $totalDurationPage in D:\XAMPP\htdocs\eimbox-dashboard\eimbox-materio\core\package_checker.php on line 103
[13-Jan-2026 11:13:13 Asia/Dhaka] PHP ERROR [2]: Undefined variable $totalDurationAll in D:\XAMPP\htdocs\eimbox-dashboard\eimbox-materio\core\package_checker.php on line 104
[13-Jan-2026 11:13:13 Asia/Dhaka] PHP ERROR [2]: Undefined variable $totalRecordsPage in D:\XAMPP\htdocs\eimbox-dashboard\eimbox-materio\core\package_checker.php on line 105
[13-Jan-2026 11:13:13 Asia/Dhaka] PHP ERROR [2]: Undefined variable $monitorPanel in D:\XAMPP\htdocs\eimbox-dashboard\eimbox-materio\footer.php on line 157
[13-Jan-2026 11:14:34 Asia/Dhaka] PHP ERROR [2]: Undefined variable $totalDurationPage in D:\XAMPP\htdocs\eimbox-dashboard\eimbox-materio\core\package_checker.php on line 103
[13-Jan-2026 11:14:34 Asia/Dhaka] PHP ERROR [2]: Undefined variable $totalDurationAll in D:\XAMPP\htdocs\eimbox-dashboard\eimbox-materio\core\package_checker.php on line 104
[13-Jan-2026 11:14:34 Asia/Dhaka] PHP ERROR [2]: Undefined variable $totalRecordsPage in D:\XAMPP\htdocs\eimbox-dashboard\eimbox-materio\core\package_checker.php on line 105
[13-Jan-2026 11:14:34 Asia/Dhaka] PHP ERROR [2]: Undefined variable $monitorPanel in D:\XAMPP\htdocs\eimbox-dashboard\eimbox-materio\footer.php on line 157
[13-Jan-2026 11:16:53 Asia/Dhaka] PHP ERROR [2]: Undefined variable $totalDurationPage in D:\XAMPP\htdocs\eimbox-dashboard\eimbox-materio\core\package_checker.php on line 103
[13-Jan-2026 11:16:53 Asia/Dhaka] PHP ERROR [2]: Undefined variable $totalDurationAll in D:\XAMPP\htdocs\eimbox-dashboard\eimbox-materio\core\package_checker.php on line 104
[13-Jan-2026 11:16:53 Asia/Dhaka] PHP ERROR [2]: Undefined variable $totalRecordsPage in D:\XAMPP\htdocs\eimbox-dashboard\eimbox-materio\core\package_checker.php on line 105
[13-Jan-2026 11:16:53 Asia/Dhaka] PHP ERROR [2]: Undefined variable $monitorPanel in D:\XAMPP\htdocs\eimbox-dashboard\eimbox-materio\footer.php on line 157
[13-Jan-2026 11:18:39 Asia/Dhaka] PHP ERROR [2]: Undefined variable $totalDurationPage in D:\XAMPP\htdocs\eimbox-dashboard\eimbox-materio\core\package_checker.php on line 103
[13-Jan-2026 11:18:39 Asia/Dhaka] PHP ERROR [2]: Undefined variable $totalDurationAll in D:\XAMPP\htdocs\eimbox-dashboard\eimbox-materio\core\package_checker.php on line 104
[13-Jan-2026 11:18:39 Asia/Dhaka] PHP ERROR [2]: Undefined variable $totalRecordsPage in D:\XAMPP\htdocs\eimbox-dashboard\eimbox-materio\core\package_checker.php on line 105
[13-Jan-2026 11:18:39 Asia/Dhaka] PHP ERROR [2]: Undefined variable $monitorPanel in D:\XAMPP\htdocs\eimbox-dashboard\eimbox-materio\footer.php on line 157
[13-Jan-2026 11:18:51 Asia/Dhaka] PHP ERROR [2]: Undefined variable $totalDurationPage in D:\XAMPP\htdocs\eimbox-dashboard\eimbox-materio\core\package_checker.php on line 103
[13-Jan-2026 11:18:51 Asia/Dhaka] PHP ERROR [2]: Undefined variable $totalDurationAll in D:\XAMPP\htdocs\eimbox-dashboard\eimbox-materio\core\package_checker.php on line 104
[13-Jan-2026 11:18:51 Asia/Dhaka] PHP ERROR [2]: Undefined variable $totalRecordsPage in D:\XAMPP\htdocs\eimbox-dashboard\eimbox-materio\core\package_checker.php on line 105
[13-Jan-2026 11:18:52 Asia/Dhaka] PHP ERROR [2]: Undefined variable $monitorPanel in D:\XAMPP\htdocs\eimbox-dashboard\eimbox-materio\footer.php on line 157
[13-Jan-2026 11:20:00 Asia/Dhaka] PHP ERROR [2]: Undefined variable $totalDurationPage in D:\XAMPP\htdocs\eimbox-dashboard\eimbox-materio\core\package_checker.php on line 103
[13-Jan-2026 11:20:00 Asia/Dhaka] PHP ERROR [2]: Undefined variable $totalDurationAll in D:\XAMPP\htdocs\eimbox-dashboard\eimbox-materio\core\package_checker.php on line 104
[13-Jan-2026 11:20:00 Asia/Dhaka] PHP ERROR [2]: Undefined variable $totalRecordsPage in D:\XAMPP\htdocs\eimbox-dashboard\eimbox-materio\core\package_checker.php on line 105
[13-Jan-2026 11:20:00 Asia/Dhaka] PHP ERROR [2]: Undefined variable $monitorPanel in D:\XAMPP\htdocs\eimbox-dashboard\eimbox-materio\footer.php on line 157
[13-Jan-2026 11:20:35 Asia/Dhaka] PHP ERROR [2]: Undefined variable $totalDurationPage in D:\XAMPP\htdocs\eimbox-dashboard\eimbox-materio\core\package_checker.php on line 103
[13-Jan-2026 11:20:35 Asia/Dhaka] PHP ERROR [2]: Undefined variable $totalDurationAll in D:\XAMPP\htdocs\eimbox-dashboard\eimbox-materio\core\package_checker.php on line 104
[13-Jan-2026 11:20:35 Asia/Dhaka] PHP ERROR [2]: Undefined variable $totalRecordsPage in D:\XAMPP\htdocs\eimbox-dashboard\eimbox-materio\core\package_checker.php on line 105
[13-Jan-2026 11:20:36 Asia/Dhaka] PHP ERROR [2]: Undefined variable $monitorPanel in D:\XAMPP\htdocs\eimbox-dashboard\eimbox-materio\footer.php on line 157
[13-Jan-2026 11:24:11 Asia/Dhaka] PHP ERROR [2]: Undefined variable $totalDurationPage in D:\XAMPP\htdocs\eimbox-dashboard\eimbox-materio\core\package_checker.php on line 103
[13-Jan-2026 11:24:11 Asia/Dhaka] PHP ERROR [2]: Undefined variable $totalDurationAll in D:\XAMPP\htdocs\eimbox-dashboard\eimbox-materio\core\package_checker.php on line 104
[13-Jan-2026 11:24:11 Asia/Dhaka] PHP ERROR [2]: Undefined variable $totalRecordsPage in D:\XAMPP\htdocs\eimbox-dashboard\eimbox-materio\core\package_checker.php on line 105
[13-Jan-2026 11:24:11 Asia/Dhaka] PHP ERROR [2]: Undefined variable $monitorPanel in D:\XAMPP\htdocs\eimbox-dashboard\eimbox-materio\footer.php on line 157
[13-Jan-2026 15:35:43 Asia/Dhaka] PHP ERROR [2]: Undefined variable $totalDurationPage in D:\XAMPP\htdocs\eimbox-dashboard\eimbox-materio\core\package_checker.php on line 103
[13-Jan-2026 15:35:43 Asia/Dhaka] PHP ERROR [2]: Undefined variable $totalDurationAll in D:\XAMPP\htdocs\eimbox-dashboard\eimbox-materio\core\package_checker.php on line 104
[13-Jan-2026 15:35:43 Asia/Dhaka] PHP ERROR [2]: Undefined variable $totalRecordsPage in D:\XAMPP\htdocs\eimbox-dashboard\eimbox-materio\core\package_checker.php on line 105
[13-Jan-2026 15:35:43 Asia/Dhaka] PHP ERROR [2]: Undefined variable $monitorPanel in D:\XAMPP\htdocs\eimbox-dashboard\eimbox-materio\footer.php on line 157
[13-Jan-2026 15:35:57 Asia/Dhaka] PHP ERROR [2]: Undefined variable $totalDurationPage in D:\XAMPP\htdocs\eimbox-dashboard\eimbox-materio\core\package_checker.php on line 103
[13-Jan-2026 15:35:57 Asia/Dhaka] PHP ERROR [2]: Undefined variable $totalDurationAll in D:\XAMPP\htdocs\eimbox-dashboard\eimbox-materio\core\package_checker.php on line 104
[13-Jan-2026 15:35:57 Asia/Dhaka] PHP ERROR [2]: Undefined variable $totalRecordsPage in D:\XAMPP\htdocs\eimbox-dashboard\eimbox-materio\core\package_checker.php on line 105
[13-Jan-2026 15:35:57 Asia/Dhaka] PHP ERROR [2]: Undefined variable $monitorPanel in D:\XAMPP\htdocs\eimbox-dashboard\eimbox-materio\footer.php on line 157
[13-Jan-2026 15:36:29 Asia/Dhaka] PHP ERROR [2]: Undefined variable $totalDurationPage in D:\XAMPP\htdocs\eimbox-dashboard\eimbox-materio\core\package_checker.php on line 103
[13-Jan-2026 15:36:29 Asia/Dhaka] PHP ERROR [2]: Undefined variable $totalDurationAll in D:\XAMPP\htdocs\eimbox-dashboard\eimbox-materio\core\package_checker.php on line 104
[13-Jan-2026 15:36:29 Asia/Dhaka] PHP ERROR [2]: Undefined variable $totalRecordsPage in D:\XAMPP\htdocs\eimbox-dashboard\eimbox-materio\core\package_checker.php on line 105
[13-Jan-2026 15:36:29 Asia/Dhaka] PHP ERROR [2]: Undefined variable $monitorPanel in D:\XAMPP\htdocs\eimbox-dashboard\eimbox-materio\footer.php on line 157
[13-Jan-2026 15:39:55 Asia/Dhaka] PHP ERROR [2]: Undefined variable $totalDurationPage in D:\XAMPP\htdocs\eimbox-dashboard\eimbox-materio\core\package_checker.php on line 103
[13-Jan-2026 15:39:55 Asia/Dhaka] PHP ERROR [2]: Undefined variable $totalDurationAll in D:\XAMPP\htdocs\eimbox-dashboard\eimbox-materio\core\package_checker.php on line 104
[13-Jan-2026 15:39:55 Asia/Dhaka] PHP ERROR [2]: Undefined variable $totalRecordsPage in D:\XAMPP\htdocs\eimbox-dashboard\eimbox-materio\core\package_checker.php on line 105
[13-Jan-2026 15:39:56 Asia/Dhaka] PHP ERROR [2]: Undefined variable $monitorPanel in D:\XAMPP\htdocs\eimbox-dashboard\eimbox-materio\footer.php on line 157
[13-Jan-2026 15:55:41 Asia/Dhaka] PHP ERROR [2]: Undefined variable $totalDurationPage in D:\XAMPP\htdocs\eimbox-dashboard\eimbox-materio\core\package_checker.php on line 103
[13-Jan-2026 15:55:41 Asia/Dhaka] PHP ERROR [2]: Undefined variable $totalDurationAll in D:\XAMPP\htdocs\eimbox-dashboard\eimbox-materio\core\package_checker.php on line 104
[13-Jan-2026 15:55:41 Asia/Dhaka] PHP ERROR [2]: Undefined variable $totalRecordsPage in D:\XAMPP\htdocs\eimbox-dashboard\eimbox-materio\core\package_checker.php on line 105
[13-Jan-2026 15:55:41 Asia/Dhaka] PHP ERROR [2]: Undefined variable $monitorPanel in D:\XAMPP\htdocs\eimbox-dashboard\eimbox-materio\footer.php on line 157
[13-Jan-2026 16:07:11 Asia/Dhaka] PHP ERROR [2]: Undefined variable $totalDurationPage in D:\XAMPP\htdocs\eimbox-dashboard\eimbox-materio\core\package_checker.php on line 103
[13-Jan-2026 16:07:11 Asia/Dhaka] PHP ERROR [2]: Undefined variable $totalDurationAll in D:\XAMPP\htdocs\eimbox-dashboard\eimbox-materio\core\package_checker.php on line 104
[13-Jan-2026 16:07:11 Asia/Dhaka] PHP ERROR [2]: Undefined variable $totalRecordsPage in D:\XAMPP\htdocs\eimbox-dashboard\eimbox-materio\core\package_checker.php on line 105
[13-Jan-2026 16:07:12 Asia/Dhaka] PHP ERROR [2]: Undefined variable $monitorPanel in D:\XAMPP\htdocs\eimbox-dashboard\eimbox-materio\footer.php on line 157
[13-Jan-2026 16:09:30 Asia/Dhaka] PHP ERROR [2]: Undefined variable $totalDurationPage in D:\XAMPP\htdocs\eimbox-dashboard\eimbox-materio\core\package_checker.php on line 103
[13-Jan-2026 16:09:30 Asia/Dhaka] PHP ERROR [2]: Undefined variable $totalDurationAll in D:\XAMPP\htdocs\eimbox-dashboard\eimbox-materio\core\package_checker.php on line 104
[13-Jan-2026 16:09:30 Asia/Dhaka] PHP ERROR [2]: Undefined variable $totalRecordsPage in D:\XAMPP\htdocs\eimbox-dashboard\eimbox-materio\core\package_checker.php on line 105
[13-Jan-2026 16:09:30 Asia/Dhaka] PHP ERROR [2]: Undefined variable $monitorPanel in D:\XAMPP\htdocs\eimbox-dashboard\eimbox-materio\footer.php on line 157
[13-Jan-2026 16:09:59 Asia/Dhaka] PHP ERROR [2]: Undefined variable $totalDurationPage in D:\XAMPP\htdocs\eimbox-dashboard\eimbox-materio\core\package_checker.php on line 103
[13-Jan-2026 16:09:59 Asia/Dhaka] PHP ERROR [2]: Undefined variable $totalDurationAll in D:\XAMPP\htdocs\eimbox-dashboard\eimbox-materio\core\package_checker.php on line 104
[13-Jan-2026 16:09:59 Asia/Dhaka] PHP ERROR [2]: Undefined variable $totalRecordsPage in D:\XAMPP\htdocs\eimbox-dashboard\eimbox-materio\core\package_checker.php on line 105
[13-Jan-2026 16:09:59 Asia/Dhaka] PHP ERROR [2]: Undefined variable $monitorPanel in D:\XAMPP\htdocs\eimbox-dashboard\eimbox-materio\footer.php on line 157
[13-Jan-2026 16:11:43 Asia/Dhaka] PHP ERROR [2]: Undefined variable $totalDurationPage in D:\XAMPP\htdocs\eimbox-dashboard\eimbox-materio\core\package_checker.php on line 103
[13-Jan-2026 16:11:43 Asia/Dhaka] PHP ERROR [2]: Undefined variable $totalDurationAll in D:\XAMPP\htdocs\eimbox-dashboard\eimbox-materio\core\package_checker.php on line 104
[13-Jan-2026 16:11:43 Asia/Dhaka] PHP ERROR [2]: Undefined variable $totalRecordsPage in D:\XAMPP\htdocs\eimbox-dashboard\eimbox-materio\core\package_checker.php on line 105
[13-Jan-2026 16:11:43 Asia/Dhaka] PHP ERROR [2]: Undefined variable $monitorPanel in D:\XAMPP\htdocs\eimbox-dashboard\eimbox-materio\footer.php on line 157
[13-Jan-2026 16:13:23 Asia/Dhaka] PHP ERROR [2]: Undefined variable $totalDurationPage in D:\XAMPP\htdocs\eimbox-dashboard\eimbox-materio\core\package_checker.php on line 103
[13-Jan-2026 16:13:23 Asia/Dhaka] PHP ERROR [2]: Undefined variable $totalDurationAll in D:\XAMPP\htdocs\eimbox-dashboard\eimbox-materio\core\package_checker.php on line 104
[13-Jan-2026 16:13:23 Asia/Dhaka] PHP ERROR [2]: Undefined variable $totalRecordsPage in D:\XAMPP\htdocs\eimbox-dashboard\eimbox-materio\core\package_checker.php on line 105
[13-Jan-2026 16:13:23 Asia/Dhaka] PHP ERROR [2]: Undefined variable $monitorPanel in D:\XAMPP\htdocs\eimbox-dashboard\eimbox-materio\footer.php on line 157
[13-Jan-2026 16:14:07 Asia/Dhaka] PHP ERROR [2]: Undefined variable $totalDurationPage in D:\XAMPP\htdocs\eimbox-dashboard\eimbox-materio\core\package_checker.php on line 103
[13-Jan-2026 16:14:07 Asia/Dhaka] PHP ERROR [2]: Undefined variable $totalDurationAll in D:\XAMPP\htdocs\eimbox-dashboard\eimbox-materio\core\package_checker.php on line 104
[13-Jan-2026 16:14:07 Asia/Dhaka] PHP ERROR [2]: Undefined variable $totalRecordsPage in D:\XAMPP\htdocs\eimbox-dashboard\eimbox-materio\core\package_checker.php on line 105
[13-Jan-2026 16:14:07 Asia/Dhaka] PHP ERROR [2]: Undefined variable $monitorPanel in D:\XAMPP\htdocs\eimbox-dashboard\eimbox-materio\footer.php on line 157
[13-Jan-2026 16:15:53 Asia/Dhaka] PHP ERROR [2]: Undefined variable $totalDurationPage in D:\XAMPP\htdocs\eimbox-dashboard\eimbox-materio\core\package_checker.php on line 103
[13-Jan-2026 16:15:53 Asia/Dhaka] PHP ERROR [2]: Undefined variable $totalDurationAll in D:\XAMPP\htdocs\eimbox-dashboard\eimbox-materio\core\package_checker.php on line 104
[13-Jan-2026 16:15:53 Asia/Dhaka] PHP ERROR [2]: Undefined variable $totalRecordsPage in D:\XAMPP\htdocs\eimbox-dashboard\eimbox-materio\core\package_checker.php on line 105
[13-Jan-2026 16:15:53 Asia/Dhaka] PHP ERROR [2]: Undefined variable $monitorPanel in D:\XAMPP\htdocs\eimbox-dashboard\eimbox-materio\footer.php on line 157
[13-Jan-2026 16:18:26 Asia/Dhaka] PHP ERROR [2]: Undefined variable $totalDurationPage in D:\XAMPP\htdocs\eimbox-dashboard\eimbox-materio\core\package_checker.php on line 103
[13-Jan-2026 16:18:26 Asia/Dhaka] PHP ERROR [2]: Undefined variable $totalDurationAll in D:\XAMPP\htdocs\eimbox-dashboard\eimbox-materio\core\package_checker.php on line 104
[13-Jan-2026 16:18:26 Asia/Dhaka] PHP ERROR [2]: Undefined variable $totalRecordsPage in D:\XAMPP\htdocs\eimbox-dashboard\eimbox-materio\core\package_checker.php on line 105
[13-Jan-2026 16:18:26 Asia/Dhaka] PHP ERROR [2]: Undefined variable $monitorPanel in D:\XAMPP\htdocs\eimbox-dashboard\eimbox-materio\footer.php on line 157
[13-Jan-2026 16:18:41 Asia/Dhaka] PHP ERROR [2]: Undefined variable $totalDurationPage in D:\XAMPP\htdocs\eimbox-dashboard\eimbox-materio\core\package_checker.php on line 103
[13-Jan-2026 16:18:41 Asia/Dhaka] PHP ERROR [2]: Undefined variable $totalDurationAll in D:\XAMPP\htdocs\eimbox-dashboard\eimbox-materio\core\package_checker.php on line 104
[13-Jan-2026 16:18:41 Asia/Dhaka] PHP ERROR [2]: Undefined variable $totalRecordsPage in D:\XAMPP\htdocs\eimbox-dashboard\eimbox-materio\core\package_checker.php on line 105
[13-Jan-2026 16:18:41 Asia/Dhaka] PHP ERROR [2]: Undefined variable $monitorPanel in D:\XAMPP\htdocs\eimbox-dashboard\eimbox-materio\footer.php on line 157
[13-Jan-2026 16:20:05 Asia/Dhaka] PHP ERROR [2]: Undefined variable $totalDurationPage in D:\XAMPP\htdocs\eimbox-dashboard\eimbox-materio\core\package_checker.php on line 103
[13-Jan-2026 16:20:05 Asia/Dhaka] PHP ERROR [2]: Undefined variable $totalDurationAll in D:\XAMPP\htdocs\eimbox-dashboard\eimbox-materio\core\package_checker.php on line 104
[13-Jan-2026 16:20:05 Asia/Dhaka] PHP ERROR [2]: Undefined variable $totalRecordsPage in D:\XAMPP\htdocs\eimbox-dashboard\eimbox-materio\core\package_checker.php on line 105
[13-Jan-2026 16:20:05 Asia/Dhaka] PHP ERROR [2]: Undefined variable $monitorPanel in D:\XAMPP\htdocs\eimbox-dashboard\eimbox-materio\footer.php on line 157
[13-Jan-2026 16:22:07 Asia/Dhaka] PHP ERROR [2]: Undefined variable $totalDurationPage in D:\XAMPP\htdocs\eimbox-dashboard\eimbox-materio\core\package_checker.php on line 103
[13-Jan-2026 16:22:07 Asia/Dhaka] PHP ERROR [2]: Undefined variable $totalDurationAll in D:\XAMPP\htdocs\eimbox-dashboard\eimbox-materio\core\package_checker.php on line 104
[13-Jan-2026 16:22:07 Asia/Dhaka] PHP ERROR [2]: Undefined variable $totalRecordsPage in D:\XAMPP\htdocs\eimbox-dashboard\eimbox-materio\core\package_checker.php on line 105
[13-Jan-2026 16:22:07 Asia/Dhaka] PHP ERROR [2]: Undefined variable $monitorPanel in D:\XAMPP\htdocs\eimbox-dashboard\eimbox-materio\footer.php on line 157
[13-Jan-2026 16:23:28 Asia/Dhaka] PHP ERROR [2]: Undefined variable $totalDurationPage in D:\XAMPP\htdocs\eimbox-dashboard\eimbox-materio\core\package_checker.php on line 103
[13-Jan-2026 16:23:28 Asia/Dhaka] PHP ERROR [2]: Undefined variable $totalDurationAll in D:\XAMPP\htdocs\eimbox-dashboard\eimbox-materio\core\package_checker.php on line 104
[13-Jan-2026 16:23:28 Asia/Dhaka] PHP ERROR [2]: Undefined variable $totalRecordsPage in D:\XAMPP\htdocs\eimbox-dashboard\eimbox-materio\core\package_checker.php on line 105
[13-Jan-2026 16:23:28 Asia/Dhaka] PHP ERROR [2]: Undefined variable $monitorPanel in D:\XAMPP\htdocs\eimbox-dashboard\eimbox-materio\footer.php on line 157
[13-Jan-2026 16:24:11 Asia/Dhaka] PHP ERROR [2]: Undefined variable $totalDurationPage in D:\XAMPP\htdocs\eimbox-dashboard\eimbox-materio\core\package_checker.php on line 103
[13-Jan-2026 16:24:11 Asia/Dhaka] PHP ERROR [2]: Undefined variable $totalDurationAll in D:\XAMPP\htdocs\eimbox-dashboard\eimbox-materio\core\package_checker.php on line 104
[13-Jan-2026 16:24:11 Asia/Dhaka] PHP ERROR [2]: Undefined variable $totalRecordsPage in D:\XAMPP\htdocs\eimbox-dashboard\eimbox-materio\core\package_checker.php on line 105
[13-Jan-2026 16:24:12 Asia/Dhaka] PHP ERROR [2]: Undefined variable $monitorPanel in D:\XAMPP\htdocs\eimbox-dashboard\eimbox-materio\footer.php on line 157
[13-Jan-2026 16:25:07 Asia/Dhaka] PHP ERROR [2]: Undefined variable $totalDurationPage in D:\XAMPP\htdocs\eimbox-dashboard\eimbox-materio\core\package_checker.php on line 103
[13-Jan-2026 16:25:07 Asia/Dhaka] PHP ERROR [2]: Undefined variable $totalDurationAll in D:\XAMPP\htdocs\eimbox-dashboard\eimbox-materio\core\package_checker.php on line 104
[13-Jan-2026 16:25:07 Asia/Dhaka] PHP ERROR [2]: Undefined variable $totalRecordsPage in D:\XAMPP\htdocs\eimbox-dashboard\eimbox-materio\core\package_checker.php on line 105
[13-Jan-2026 16:25:07 Asia/Dhaka] PHP ERROR [2]: Undefined variable $monitorPanel in D:\XAMPP\htdocs\eimbox-dashboard\eimbox-materio\footer.php on line 157
[13-Jan-2026 17:08:37 Asia/Dhaka] PHP ERROR [2]: Undefined variable $totalDurationPage in D:\XAMPP\htdocs\eimbox-dashboard\eimbox-materio\core\package_checker.php on line 103
[13-Jan-2026 17:08:37 Asia/Dhaka] PHP ERROR [2]: Undefined variable $totalDurationAll in D:\XAMPP\htdocs\eimbox-dashboard\eimbox-materio\core\package_checker.php on line 104
[13-Jan-2026 17:08:37 Asia/Dhaka] PHP ERROR [2]: Undefined variable $totalRecordsPage in D:\XAMPP\htdocs\eimbox-dashboard\eimbox-materio\core\package_checker.php on line 105
[13-Jan-2026 17:08:37 Asia/Dhaka] PHP ERROR [2]: Undefined variable $monitorPanel in D:\XAMPP\htdocs\eimbox-dashboard\eimbox-materio\footer.php on line 157
[13-Jan-2026 17:12:03 Asia/Dhaka] PHP ERROR [2]: Undefined variable $totalDurationPage in D:\XAMPP\htdocs\eimbox-dashboard\eimbox-materio\core\package_checker.php on line 103
[13-Jan-2026 17:12:03 Asia/Dhaka] PHP ERROR [2]: Undefined variable $totalDurationAll in D:\XAMPP\htdocs\eimbox-dashboard\eimbox-materio\core\package_checker.php on line 104
[13-Jan-2026 17:12:03 Asia/Dhaka] PHP ERROR [2]: Undefined variable $totalRecordsPage in D:\XAMPP\htdocs\eimbox-dashboard\eimbox-materio\core\package_checker.php on line 105
[13-Jan-2026 17:12:03 Asia/Dhaka] PHP ERROR [2]: Undefined variable $monitorPanel in D:\XAMPP\htdocs\eimbox-dashboard\eimbox-materio\footer.php on line 157
[13-Jan-2026 17:16:04 Asia/Dhaka] PHP ERROR [2]: Undefined variable $totalDurationPage in D:\XAMPP\htdocs\eimbox-dashboard\eimbox-materio\core\package_checker.php on line 103
[13-Jan-2026 17:16:04 Asia/Dhaka] PHP ERROR [2]: Undefined variable $totalDurationAll in D:\XAMPP\htdocs\eimbox-dashboard\eimbox-materio\core\package_checker.php on line 104
[13-Jan-2026 17:16:04 Asia/Dhaka] PHP ERROR [2]: Undefined variable $totalRecordsPage in D:\XAMPP\htdocs\eimbox-dashboard\eimbox-materio\core\package_checker.php on line 105
[13-Jan-2026 17:16:04 Asia/Dhaka] PHP ERROR [2]: Undefined variable $monitorPanel in D:\XAMPP\htdocs\eimbox-dashboard\eimbox-materio\footer.php on line 157
[13-Jan-2026 17:17:48 Asia/Dhaka] PHP ERROR [2]: Undefined variable $totalDurationPage in D:\XAMPP\htdocs\eimbox-dashboard\eimbox-materio\core\package_checker.php on line 103
[13-Jan-2026 17:17:48 Asia/Dhaka] PHP ERROR [2]: Undefined variable $totalDurationAll in D:\XAMPP\htdocs\eimbox-dashboard\eimbox-materio\core\package_checker.php on line 104
[13-Jan-2026 17:17:48 Asia/Dhaka] PHP ERROR [2]: Undefined variable $totalRecordsPage in D:\XAMPP\htdocs\eimbox-dashboard\eimbox-materio\core\package_checker.php on line 105
[13-Jan-2026 17:17:51 Asia/Dhaka] PHP ERROR [2]: Undefined variable $monitorPanel in D:\XAMPP\htdocs\eimbox-dashboard\eimbox-materio\footer.php on line 157
[13-Jan-2026 18:02:33 Asia/Dhaka] PHP ERROR [2]: Undefined variable $totalDurationPage in D:\XAMPP\htdocs\eimbox-dashboard\eimbox-materio\core\package_checker.php on line 103
[13-Jan-2026 18:02:33 Asia/Dhaka] PHP ERROR [2]: Undefined variable $totalDurationAll in D:\XAMPP\htdocs\eimbox-dashboard\eimbox-materio\core\package_checker.php on line 104
[13-Jan-2026 18:02:33 Asia/Dhaka] PHP ERROR [2]: Undefined variable $totalRecordsPage in D:\XAMPP\htdocs\eimbox-dashboard\eimbox-materio\core\package_checker.php on line 105
[13-Jan-2026 18:02:33 Asia/Dhaka] PHP ERROR [2]: Undefined variable $monitorPanel in D:\XAMPP\htdocs\eimbox-dashboard\eimbox-materio\footer.php on line 157
[13-Jan-2026 18:03:44 Asia/Dhaka] PHP ERROR [2]: Undefined variable $totalDurationPage in D:\XAMPP\htdocs\eimbox-dashboard\eimbox-materio\core\package_checker.php on line 103
[13-Jan-2026 18:03:44 Asia/Dhaka] PHP ERROR [2]: Undefined variable $totalDurationAll in D:\XAMPP\htdocs\eimbox-dashboard\eimbox-materio\core\package_checker.php on line 104
[13-Jan-2026 18:03:44 Asia/Dhaka] PHP ERROR [2]: Undefined variable $totalRecordsPage in D:\XAMPP\htdocs\eimbox-dashboard\eimbox-materio\core\package_checker.php on line 105
[13-Jan-2026 18:03:44 Asia/Dhaka] PHP ERROR [2]: Undefined variable $monitorPanel in D:\XAMPP\htdocs\eimbox-dashboard\eimbox-materio\footer.php on line 157
[13-Jan-2026 18:04:18 Asia/Dhaka] PHP ERROR [2]: Undefined variable $totalDurationPage in D:\XAMPP\htdocs\eimbox-dashboard\eimbox-materio\core\package_checker.php on line 103
[13-Jan-2026 18:04:18 Asia/Dhaka] PHP ERROR [2]: Undefined variable $totalDurationAll in D:\XAMPP\htdocs\eimbox-dashboard\eimbox-materio\core\package_checker.php on line 104
[13-Jan-2026 18:04:18 Asia/Dhaka] PHP ERROR [2]: Undefined variable $totalRecordsPage in D:\XAMPP\htdocs\eimbox-dashboard\eimbox-materio\core\package_checker.php on line 105
[13-Jan-2026 18:04:18 Asia/Dhaka] PHP ERROR [2]: Undefined variable $monitorPanel in D:\XAMPP\htdocs\eimbox-dashboard\eimbox-materio\footer.php on line 157
[13-Jan-2026 18:04:41 Asia/Dhaka] PHP ERROR [2]: Undefined variable $totalDurationPage in D:\XAMPP\htdocs\eimbox-dashboard\eimbox-materio\core\package_checker.php on line 103
[13-Jan-2026 18:04:41 Asia/Dhaka] PHP ERROR [2]: Undefined variable $totalDurationAll in D:\XAMPP\htdocs\eimbox-dashboard\eimbox-materio\core\package_checker.php on line 104
[13-Jan-2026 18:04:41 Asia/Dhaka] PHP ERROR [2]: Undefined variable $totalRecordsPage in D:\XAMPP\htdocs\eimbox-dashboard\eimbox-materio\core\package_checker.php on line 105
[13-Jan-2026 18:04:41 Asia/Dhaka] PHP ERROR [2]: Undefined variable $monitorPanel in D:\XAMPP\htdocs\eimbox-dashboard\eimbox-materio\footer.php on line 157
[13-Jan-2026 18:08:52 Asia/Dhaka] PHP ERROR [2]: Undefined variable $totalDurationPage in D:\XAMPP\htdocs\eimbox-dashboard\eimbox-materio\core\package_checker.php on line 103
[13-Jan-2026 18:08:52 Asia/Dhaka] PHP ERROR [2]: Undefined variable $totalDurationAll in D:\XAMPP\htdocs\eimbox-dashboard\eimbox-materio\core\package_checker.php on line 104
[13-Jan-2026 18:08:52 Asia/Dhaka] PHP ERROR [2]: Undefined variable $totalRecordsPage in D:\XAMPP\htdocs\eimbox-dashboard\eimbox-materio\core\package_checker.php on line 105
[13-Jan-2026 18:08:53 Asia/Dhaka] PHP ERROR [2]: Undefined variable $monitorPanel in D:\XAMPP\htdocs\eimbox-dashboard\eimbox-materio\footer.php on line 157
[13-Jan-2026 18:10:21 Asia/Dhaka] PHP ERROR [2]: Undefined variable $totalDurationPage in D:\XAMPP\htdocs\eimbox-dashboard\eimbox-materio\core\package_checker.php on line 103
[13-Jan-2026 18:10:21 Asia/Dhaka] PHP ERROR [2]: Undefined variable $totalDurationAll in D:\XAMPP\htdocs\eimbox-dashboard\eimbox-materio\core\package_checker.php on line 104
[13-Jan-2026 18:10:21 Asia/Dhaka] PHP ERROR [2]: Undefined variable $totalRecordsPage in D:\XAMPP\htdocs\eimbox-dashboard\eimbox-materio\core\package_checker.php on line 105
[13-Jan-2026 18:10:22 Asia/Dhaka] PHP ERROR [2]: Undefined variable $monitorPanel in D:\XAMPP\htdocs\eimbox-dashboard\eimbox-materio\footer.php on line 157
[13-Jan-2026 18:12:25 Asia/Dhaka] PHP ERROR [2]: Undefined variable $totalDurationPage in D:\XAMPP\htdocs\eimbox-dashboard\eimbox-materio\core\package_checker.php on line 103
[13-Jan-2026 18:12:25 Asia/Dhaka] PHP ERROR [2]: Undefined variable $totalDurationAll in D:\XAMPP\htdocs\eimbox-dashboard\eimbox-materio\core\package_checker.php on line 104
[13-Jan-2026 18:12:25 Asia/Dhaka] PHP ERROR [2]: Undefined variable $totalRecordsPage in D:\XAMPP\htdocs\eimbox-dashboard\eimbox-materio\core\package_checker.php on line 105
[13-Jan-2026 18:12:25 Asia/Dhaka] PHP ERROR [2]: Undefined variable $monitorPanel in D:\XAMPP\htdocs\eimbox-dashboard\eimbox-materio\footer.php on line 157
[13-Jan-2026 18:47:33 Asia/Dhaka] PHP ERROR [2]: Undefined variable $totalDurationPage in D:\XAMPP\htdocs\eimbox-dashboard\eimbox-materio\core\package_checker.php on line 103
[13-Jan-2026 18:47:33 Asia/Dhaka] PHP ERROR [2]: Undefined variable $totalDurationAll in D:\XAMPP\htdocs\eimbox-dashboard\eimbox-materio\core\package_checker.php on line 104
[13-Jan-2026 18:47:33 Asia/Dhaka] PHP ERROR [2]: Undefined variable $totalRecordsPage in D:\XAMPP\htdocs\eimbox-dashboard\eimbox-materio\core\package_checker.php on line 105
[13-Jan-2026 18:47:33 Asia/Dhaka] PHP ERROR [2]: Undefined variable $monitorPanel in D:\XAMPP\htdocs\eimbox-dashboard\eimbox-materio\footer.php on line 157
[13-Jan-2026 18:50:32 Asia/Dhaka] PHP ERROR [2]: Undefined variable $totalDurationPage in D:\XAMPP\htdocs\eimbox-dashboard\eimbox-materio\core\package_checker.php on line 103
[13-Jan-2026 18:50:32 Asia/Dhaka] PHP ERROR [2]: Undefined variable $totalDurationAll in D:\XAMPP\htdocs\eimbox-dashboard\eimbox-materio\core\package_checker.php on line 104
[13-Jan-2026 18:50:32 Asia/Dhaka] PHP ERROR [2]: Undefined variable $totalRecordsPage in D:\XAMPP\htdocs\eimbox-dashboard\eimbox-materio\core\package_checker.php on line 105
[13-Jan-2026 18:50:32 Asia/Dhaka] PHP ERROR [2]: Undefined variable $monitorPanel in D:\XAMPP\htdocs\eimbox-dashboard\eimbox-materio\footer.php on line 157
[13-Jan-2026 18:54:10 Asia/Dhaka] PHP ERROR [2]: Undefined variable $totalDurationPage in D:\XAMPP\htdocs\eimbox-dashboard\eimbox-materio\core\package_checker.php on line 103
[13-Jan-2026 18:54:10 Asia/Dhaka] PHP ERROR [2]: Undefined variable $totalDurationAll in D:\XAMPP\htdocs\eimbox-dashboard\eimbox-materio\core\package_checker.php on line 104
[13-Jan-2026 18:54:10 Asia/Dhaka] PHP ERROR [2]: Undefined variable $totalRecordsPage in D:\XAMPP\htdocs\eimbox-dashboard\eimbox-materio\core\package_checker.php on line 105
[13-Jan-2026 18:54:10 Asia/Dhaka] PHP ERROR [2]: Undefined variable $monitorPanel in D:\XAMPP\htdocs\eimbox-dashboard\eimbox-materio\footer.php on line 157
[13-Jan-2026 18:54:22 Asia/Dhaka] PHP ERROR [2]: Undefined variable $totalDurationPage in D:\XAMPP\htdocs\eimbox-dashboard\eimbox-materio\core\package_checker.php on line 103
[13-Jan-2026 18:54:22 Asia/Dhaka] PHP ERROR [2]: Undefined variable $totalDurationAll in D:\XAMPP\htdocs\eimbox-dashboard\eimbox-materio\core\package_checker.php on line 104
[13-Jan-2026 18:54:22 Asia/Dhaka] PHP ERROR [2]: Undefined variable $totalRecordsPage in D:\XAMPP\htdocs\eimbox-dashboard\eimbox-materio\core\package_checker.php on line 105
[13-Jan-2026 18:54:22 Asia/Dhaka] PHP ERROR [2]: Undefined variable $monitorPanel in D:\XAMPP\htdocs\eimbox-dashboard\eimbox-materio\footer.php on line 157
[13-Jan-2026 18:58:13 Asia/Dhaka] PHP ERROR [2]: Undefined variable $totalDurationPage in D:\XAMPP\htdocs\eimbox-dashboard\eimbox-materio\core\package_checker.php on line 103
[13-Jan-2026 18:58:13 Asia/Dhaka] PHP ERROR [2]: Undefined variable $totalDurationAll in D:\XAMPP\htdocs\eimbox-dashboard\eimbox-materio\core\package_checker.php on line 104
[13-Jan-2026 18:58:13 Asia/Dhaka] PHP ERROR [2]: Undefined variable $totalRecordsPage in D:\XAMPP\htdocs\eimbox-dashboard\eimbox-materio\core\package_checker.php on line 105
[13-Jan-2026 18:58:18 Asia/Dhaka] PHP ERROR [2]: Undefined variable $monitorPanel in D:\XAMPP\htdocs\eimbox-dashboard\eimbox-materio\footer.php on line 157
[13-Jan-2026 18:58:45 Asia/Dhaka] PHP ERROR [2]: Undefined variable $totalDurationPage in D:\XAMPP\htdocs\eimbox-dashboard\eimbox-materio\core\package_checker.php on line 103
[13-Jan-2026 18:58:45 Asia/Dhaka] PHP ERROR [2]: Undefined variable $totalDurationAll in D:\XAMPP\htdocs\eimbox-dashboard\eimbox-materio\core\package_checker.php on line 104
[13-Jan-2026 18:58:45 Asia/Dhaka] PHP ERROR [2]: Undefined variable $totalRecordsPage in D:\XAMPP\htdocs\eimbox-dashboard\eimbox-materio\core\package_checker.php on line 105
[13-Jan-2026 18:58:45 Asia/Dhaka] PHP ERROR [2]: Undefined variable $monitorPanel in D:\XAMPP\htdocs\eimbox-dashboard\eimbox-materio\footer.php on line 157
[13-Jan-2026 19:00:37 Asia/Dhaka] PHP ERROR [2]: Undefined variable $totalDurationPage in D:\XAMPP\htdocs\eimbox-dashboard\eimbox-materio\core\package_checker.php on line 103
[13-Jan-2026 19:00:37 Asia/Dhaka] PHP ERROR [2]: Undefined variable $totalDurationAll in D:\XAMPP\htdocs\eimbox-dashboard\eimbox-materio\core\package_checker.php on line 104
[13-Jan-2026 19:00:37 Asia/Dhaka] PHP ERROR [2]: Undefined variable $totalRecordsPage in D:\XAMPP\htdocs\eimbox-dashboard\eimbox-materio\core\package_checker.php on line 105
[13-Jan-2026 19:00:37 Asia/Dhaka] PHP ERROR [2]: Undefined variable $monitorPanel in D:\XAMPP\htdocs\eimbox-dashboard\eimbox-materio\footer.php on line 157
[13-Jan-2026 19:03:24 Asia/Dhaka] PHP ERROR [2]: Undefined variable $totalDurationPage in D:\XAMPP\htdocs\eimbox-dashboard\eimbox-materio\core\package_checker.php on line 103
[13-Jan-2026 19:03:24 Asia/Dhaka] PHP ERROR [2]: Undefined variable $totalDurationAll in D:\XAMPP\htdocs\eimbox-dashboard\eimbox-materio\core\package_checker.php on line 104
[13-Jan-2026 19:03:24 Asia/Dhaka] PHP ERROR [2]: Undefined variable $totalRecordsPage in D:\XAMPP\htdocs\eimbox-dashboard\eimbox-materio\core\package_checker.php on line 105
[13-Jan-2026 19:03:24 Asia/Dhaka] PHP ERROR [2]: Undefined variable $monitorPanel in D:\XAMPP\htdocs\eimbox-dashboard\eimbox-materio\footer.php on line 157
[13-Jan-2026 19:03:39 Asia/Dhaka] PHP ERROR [2]: Undefined variable $totalDurationPage in D:\XAMPP\htdocs\eimbox-dashboard\eimbox-materio\core\package_checker.php on line 103
[13-Jan-2026 19:03:39 Asia/Dhaka] PHP ERROR [2]: Undefined variable $totalDurationAll in D:\XAMPP\htdocs\eimbox-dashboard\eimbox-materio\core\package_checker.php on line 104
[13-Jan-2026 19:03:39 Asia/Dhaka] PHP ERROR [2]: Undefined variable $totalRecordsPage in D:\XAMPP\htdocs\eimbox-dashboard\eimbox-materio\core\package_checker.php on line 105
[13-Jan-2026 19:03:39 Asia/Dhaka] PHP ERROR [2]: Undefined variable $monitorPanel in D:\XAMPP\htdocs\eimbox-dashboard\eimbox-materio\footer.php on line 157
[13-Jan-2026 19:03:50 Asia/Dhaka] PHP ERROR [2]: Undefined variable $totalDurationPage in D:\XAMPP\htdocs\eimbox-dashboard\eimbox-materio\core\package_checker.php on line 103
[13-Jan-2026 19:03:50 Asia/Dhaka] PHP ERROR [2]: Undefined variable $totalDurationAll in D:\XAMPP\htdocs\eimbox-dashboard\eimbox-materio\core\package_checker.php on line 104
[13-Jan-2026 19:03:50 Asia/Dhaka] PHP ERROR [2]: Undefined variable $totalRecordsPage in D:\XAMPP\htdocs\eimbox-dashboard\eimbox-materio\core\package_checker.php on line 105
[13-Jan-2026 19:03:50 Asia/Dhaka] PHP ERROR [2]: Undefined variable $monitorPanel in D:\XAMPP\htdocs\eimbox-dashboard\eimbox-materio\footer.php on line 157
[13-Jan-2026 19:04:09 Asia/Dhaka] PHP ERROR [2]: Undefined variable $totalDurationPage in D:\XAMPP\htdocs\eimbox-dashboard\eimbox-materio\core\package_checker.php on line 103
[13-Jan-2026 19:04:09 Asia/Dhaka] PHP ERROR [2]: Undefined variable $totalDurationAll in D:\XAMPP\htdocs\eimbox-dashboard\eimbox-materio\core\package_checker.php on line 104
[13-Jan-2026 19:04:09 Asia/Dhaka] PHP ERROR [2]: Undefined variable $totalRecordsPage in D:\XAMPP\htdocs\eimbox-dashboard\eimbox-materio\core\package_checker.php on line 105
[13-Jan-2026 19:04:09 Asia/Dhaka] PHP ERROR [2]: Undefined variable $monitorPanel in D:\XAMPP\htdocs\eimbox-dashboard\eimbox-materio\footer.php on line 157
[13-Jan-2026 19:06:40 Asia/Dhaka] PHP ERROR [2]: Undefined variable $totalDurationPage in D:\XAMPP\htdocs\eimbox-dashboard\eimbox-materio\core\package_checker.php on line 103
[13-Jan-2026 19:06:40 Asia/Dhaka] PHP ERROR [2]: Undefined variable $totalDurationAll in D:\XAMPP\htdocs\eimbox-dashboard\eimbox-materio\core\package_checker.php on line 104
[13-Jan-2026 19:06:40 Asia/Dhaka] PHP ERROR [2]: Undefined variable $totalRecordsPage in D:\XAMPP\htdocs\eimbox-dashboard\eimbox-materio\core\package_checker.php on line 105
[13-Jan-2026 19:06:40 Asia/Dhaka] PHP ERROR [2]: Undefined variable $monitorPanel in D:\XAMPP\htdocs\eimbox-dashboard\eimbox-materio\footer.php on line 157
[13-Jan-2026 19:07:57 Asia/Dhaka] PHP ERROR [2]: Undefined variable $totalDurationPage in D:\XAMPP\htdocs\eimbox-dashboard\eimbox-materio\core\package_checker.php on line 103
[13-Jan-2026 19:07:57 Asia/Dhaka] PHP ERROR [2]: Undefined variable $totalDurationAll in D:\XAMPP\htdocs\eimbox-dashboard\eimbox-materio\core\package_checker.php on line 104
[13-Jan-2026 19:07:57 Asia/Dhaka] PHP ERROR [2]: Undefined variable $totalRecordsPage in D:\XAMPP\htdocs\eimbox-dashboard\eimbox-materio\core\package_checker.php on line 105
[13-Jan-2026 19:07:57 Asia/Dhaka] PHP ERROR [2]: Undefined variable $monitorPanel in D:\XAMPP\htdocs\eimbox-dashboard\eimbox-materio\footer.php on line 157
[13-Jan-2026 19:08:23 Asia/Dhaka] PHP ERROR [2]: Undefined variable $totalDurationPage in D:\XAMPP\htdocs\eimbox-dashboard\eimbox-materio\core\package_checker.php on line 103
[13-Jan-2026 19:08:23 Asia/Dhaka] PHP ERROR [2]: Undefined variable $totalDurationAll in D:\XAMPP\htdocs\eimbox-dashboard\eimbox-materio\core\package_checker.php on line 104
[13-Jan-2026 19:08:23 Asia/Dhaka] PHP ERROR [2]: Undefined variable $totalRecordsPage in D:\XAMPP\htdocs\eimbox-dashboard\eimbox-materio\core\package_checker.php on line 105
[13-Jan-2026 19:08:23 Asia/Dhaka] PHP ERROR [2]: Undefined variable $monitorPanel in D:\XAMPP\htdocs\eimbox-dashboard\eimbox-materio\footer.php on line 157
[13-Jan-2026 19:12:10 Asia/Dhaka] PHP ERROR [2]: Undefined variable $totalDurationPage in D:\XAMPP\htdocs\eimbox-dashboard\eimbox-materio\core\package_checker.php on line 103
[13-Jan-2026 19:12:10 Asia/Dhaka] PHP ERROR [2]: Undefined variable $totalDurationAll in D:\XAMPP\htdocs\eimbox-dashboard\eimbox-materio\core\package_checker.php on line 104
[13-Jan-2026 19:12:10 Asia/Dhaka] PHP ERROR [2]: Undefined variable $totalRecordsPage in D:\XAMPP\htdocs\eimbox-dashboard\eimbox-materio\core\package_checker.php on line 105
[13-Jan-2026 19:12:10 Asia/Dhaka] PHP ERROR [2]: Undefined variable $monitorPanel in D:\XAMPP\htdocs\eimbox-dashboard\eimbox-materio\footer.php on line 157
[13-Jan-2026 19:16:18 Asia/Dhaka] PHP ERROR [2]: Undefined variable $totalDurationPage in D:\XAMPP\htdocs\eimbox-dashboard\eimbox-materio\core\package_checker.php on line 103
[13-Jan-2026 19:16:18 Asia/Dhaka] PHP ERROR [2]: Undefined variable $totalDurationAll in D:\XAMPP\htdocs\eimbox-dashboard\eimbox-materio\core\package_checker.php on line 104
[13-Jan-2026 19:16:18 Asia/Dhaka] PHP ERROR [2]: Undefined variable $totalRecordsPage in D:\XAMPP\htdocs\eimbox-dashboard\eimbox-materio\core\package_checker.php on line 105
[13-Jan-2026 19:16:18 Asia/Dhaka] PHP ERROR [2]: Undefined variable $monitorPanel in D:\XAMPP\htdocs\eimbox-dashboard\eimbox-materio\footer.php on line 157
[13-Jan-2026 19:17:04 Asia/Dhaka] PHP ERROR [2]: Undefined variable $totalDurationPage in D:\XAMPP\htdocs\eimbox-dashboard\eimbox-materio\core\package_checker.php on line 103
[13-Jan-2026 19:17:04 Asia/Dhaka] PHP ERROR [2]: Undefined variable $totalDurationAll in D:\XAMPP\htdocs\eimbox-dashboard\eimbox-materio\core\package_checker.php on line 104
[13-Jan-2026 19:17:04 Asia/Dhaka] PHP ERROR [2]: Undefined variable $totalRecordsPage in D:\XAMPP\htdocs\eimbox-dashboard\eimbox-materio\core\package_checker.php on line 105
[13-Jan-2026 19:17:04 Asia/Dhaka] PHP ERROR [2]: Undefined variable $monitorPanel in D:\XAMPP\htdocs\eimbox-dashboard\eimbox-materio\footer.php on line 157
[13-Jan-2026 19:21:07 Asia/Dhaka] PHP ERROR [2]: Undefined variable $totalDurationPage in D:\XAMPP\htdocs\eimbox-dashboard\eimbox-materio\core\package_checker.php on line 103
[13-Jan-2026 19:21:07 Asia/Dhaka] PHP ERROR [2]: Undefined variable $totalDurationAll in D:\XAMPP\htdocs\eimbox-dashboard\eimbox-materio\core\package_checker.php on line 104
[13-Jan-2026 19:21:07 Asia/Dhaka] PHP ERROR [2]: Undefined variable $totalRecordsPage in D:\XAMPP\htdocs\eimbox-dashboard\eimbox-materio\core\package_checker.php on line 105
[13-Jan-2026 19:21:07 Asia/Dhaka] PHP ERROR [2]: Undefined variable $monitorPanel in D:\XAMPP\htdocs\eimbox-dashboard\eimbox-materio\footer.php on line 157
[13-Jan-2026 19:21:54 Asia/Dhaka] PHP ERROR [2]: Undefined variable $totalDurationPage in D:\XAMPP\htdocs\eimbox-dashboard\eimbox-materio\core\package_checker.php on line 103
[13-Jan-2026 19:21:54 Asia/Dhaka] PHP ERROR [2]: Undefined variable $totalDurationAll in D:\XAMPP\htdocs\eimbox-dashboard\eimbox-materio\core\package_checker.php on line 104
[13-Jan-2026 19:21:54 Asia/Dhaka] PHP ERROR [2]: Undefined variable $totalRecordsPage in D:\XAMPP\htdocs\eimbox-dashboard\eimbox-materio\core\package_checker.php on line 105
[13-Jan-2026 19:21:54 Asia/Dhaka] PHP ERROR [2]: Undefined variable $monitorPanel in D:\XAMPP\htdocs\eimbox-dashboard\eimbox-materio\footer.php on line 157
[13-Jan-2026 19:24:27 Asia/Dhaka] PHP ERROR [2]: Undefined variable $totalDurationPage in D:\XAMPP\htdocs\eimbox-dashboard\eimbox-materio\core\package_checker.php on line 103
[13-Jan-2026 19:24:27 Asia/Dhaka] PHP ERROR [2]: Undefined variable $totalDurationAll in D:\XAMPP\htdocs\eimbox-dashboard\eimbox-materio\core\package_checker.php on line 104
[13-Jan-2026 19:24:27 Asia/Dhaka] PHP ERROR [2]: Undefined variable $totalRecordsPage in D:\XAMPP\htdocs\eimbox-dashboard\eimbox-materio\core\package_checker.php on line 105
[13-Jan-2026 19:24:27 Asia/Dhaka] PHP ERROR [2]: Undefined variable $monitorPanel in D:\XAMPP\htdocs\eimbox-dashboard\eimbox-materio\footer.php on line 157
[13-Jan-2026 19:24:44 Asia/Dhaka] PHP ERROR [2]: Undefined variable $totalDurationPage in D:\XAMPP\htdocs\eimbox-dashboard\eimbox-materio\core\package_checker.php on line 103
[13-Jan-2026 19:24:44 Asia/Dhaka] PHP ERROR [2]: Undefined variable $totalDurationAll in D:\XAMPP\htdocs\eimbox-dashboard\eimbox-materio\core\package_checker.php on line 104
[13-Jan-2026 19:24:44 Asia/Dhaka] PHP ERROR [2]: Undefined variable $totalRecordsPage in D:\XAMPP\htdocs\eimbox-dashboard\eimbox-materio\core\package_checker.php on line 105
[13-Jan-2026 19:24:44 Asia/Dhaka] PHP ERROR [2]: Undefined variable $monitorPanel in D:\XAMPP\htdocs\eimbox-dashboard\eimbox-materio\footer.php on line 157
[13-Jan-2026 19:36:31 Asia/Dhaka] PHP ERROR [2]: Undefined variable $totalDurationPage in D:\XAMPP\htdocs\eimbox-dashboard\eimbox-materio\core\package_checker.php on line 103
[13-Jan-2026 19:36:31 Asia/Dhaka] PHP ERROR [2]: Undefined variable $totalDurationAll in D:\XAMPP\htdocs\eimbox-dashboard\eimbox-materio\core\package_checker.php on line 104
[13-Jan-2026 19:36:31 Asia/Dhaka] PHP ERROR [2]: Undefined variable $totalRecordsPage in D:\XAMPP\htdocs\eimbox-dashboard\eimbox-materio\core\package_checker.php on line 105
[13-Jan-2026 19:36:31 Asia/Dhaka] PHP ERROR [2]: Undefined variable $monitorPanel in D:\XAMPP\htdocs\eimbox-dashboard\eimbox-materio\footer.php on line 157
[13-Jan-2026 19:42:35 Asia/Dhaka] PHP ERROR [2]: Undefined variable $totalDurationPage in D:\XAMPP\htdocs\eimbox-dashboard\eimbox-materio\core\package_checker.php on line 103
[13-Jan-2026 19:42:35 Asia/Dhaka] PHP ERROR [2]: Undefined variable $totalDurationAll in D:\XAMPP\htdocs\eimbox-dashboard\eimbox-materio\core\package_checker.php on line 104
[13-Jan-2026 19:42:35 Asia/Dhaka] PHP ERROR [2]: Undefined variable $totalRecordsPage in D:\XAMPP\htdocs\eimbox-dashboard\eimbox-materio\core\package_checker.php on line 105
[13-Jan-2026 19:42:35 Asia/Dhaka] PHP ERROR [2]: Undefined variable $monitorPanel in D:\XAMPP\htdocs\eimbox-dashboard\eimbox-materio\footer.php on line 157
[13-Jan-2026 19:45:11 Asia/Dhaka] PHP ERROR [2]: Undefined variable $totalDurationPage in D:\XAMPP\htdocs\eimbox-dashboard\eimbox-materio\core\package_checker.php on line 103
[13-Jan-2026 19:45:11 Asia/Dhaka] PHP ERROR [2]: Undefined variable $totalDurationAll in D:\XAMPP\htdocs\eimbox-dashboard\eimbox-materio\core\package_checker.php on line 104
[13-Jan-2026 19:45:11 Asia/Dhaka] PHP ERROR [2]: Undefined variable $totalRecordsPage in D:\XAMPP\htdocs\eimbox-dashboard\eimbox-materio\core\package_checker.php on line 105
[13-Jan-2026 19:45:11 Asia/Dhaka] PHP ERROR [2]: Undefined variable $monitorPanel in D:\XAMPP\htdocs\eimbox-dashboard\eimbox-materio\footer.php on line 157
[13-Jan-2026 19:47:29 Asia/Dhaka] PHP ERROR [2]: Undefined variable $totalDurationPage in D:\XAMPP\htdocs\eimbox-dashboard\eimbox-materio\core\package_checker.php on line 103
[13-Jan-2026 19:47:29 Asia/Dhaka] PHP ERROR [2]: Undefined variable $totalDurationAll in D:\XAMPP\htdocs\eimbox-dashboard\eimbox-materio\core\package_checker.php on line 104
[13-Jan-2026 19:47:29 Asia/Dhaka] PHP ERROR [2]: Undefined variable $totalRecordsPage in D:\XAMPP\htdocs\eimbox-dashboard\eimbox-materio\core\package_checker.php on line 105
[13-Jan-2026 19:47:29 Asia/Dhaka] PHP ERROR [2]: Undefined variable $monitorPanel in D:\XAMPP\htdocs\eimbox-dashboard\eimbox-materio\footer.php on line 157
[13-Jan-2026 19:47:45 Asia/Dhaka] PHP ERROR [2]: Undefined variable $totalDurationPage in D:\XAMPP\htdocs\eimbox-dashboard\eimbox-materio\core\package_checker.php on line 103
[13-Jan-2026 19:47:45 Asia/Dhaka] PHP ERROR [2]: Undefined variable $totalDurationAll in D:\XAMPP\htdocs\eimbox-dashboard\eimbox-materio\core\package_checker.php on line 104
[13-Jan-2026 19:47:45 Asia/Dhaka] PHP ERROR [2]: Undefined variable $totalRecordsPage in D:\XAMPP\htdocs\eimbox-dashboard\eimbox-materio\core\package_checker.php on line 105
[13-Jan-2026 19:47:45 Asia/Dhaka] PHP ERROR [2]: Undefined variable $monitorPanel in D:\XAMPP\htdocs\eimbox-dashboard\eimbox-materio\footer.php on line 157
[13-Jan-2026 19:50:17 Asia/Dhaka] PHP ERROR [2]: Undefined variable $totalDurationPage in D:\XAMPP\htdocs\eimbox-dashboard\eimbox-materio\core\package_checker.php on line 103
[13-Jan-2026 19:50:17 Asia/Dhaka] PHP ERROR [2]: Undefined variable $totalDurationAll in D:\XAMPP\htdocs\eimbox-dashboard\eimbox-materio\core\package_checker.php on line 104
[13-Jan-2026 19:50:17 Asia/Dhaka] PHP ERROR [2]: Undefined variable $totalRecordsPage in D:\XAMPP\htdocs\eimbox-dashboard\eimbox-materio\core\package_checker.php on line 105
[13-Jan-2026 19:50:17 Asia/Dhaka] PHP ERROR [2]: Undefined variable $monitorPanel in D:\XAMPP\htdocs\eimbox-dashboard\eimbox-materio\footer.php on line 157
[13-Jan-2026 19:50:34 Asia/Dhaka] PHP ERROR [2]: Undefined variable $totalDurationPage in D:\XAMPP\htdocs\eimbox-dashboard\eimbox-materio\core\package_checker.php on line 103
[13-Jan-2026 19:50:34 Asia/Dhaka] PHP ERROR [2]: Undefined variable $totalDurationAll in D:\XAMPP\htdocs\eimbox-dashboard\eimbox-materio\core\package_checker.php on line 104
[13-Jan-2026 19:50:34 Asia/Dhaka] PHP ERROR [2]: Undefined variable $totalRecordsPage in D:\XAMPP\htdocs\eimbox-dashboard\eimbox-materio\core\package_checker.php on line 105
[13-Jan-2026 19:50:34 Asia/Dhaka] PHP ERROR [2]: Undefined variable $monitorPanel in D:\XAMPP\htdocs\eimbox-dashboard\eimbox-materio\footer.php on line 157
[13-Jan-2026 19:51:19 Asia/Dhaka] PHP ERROR [2]: Undefined variable $totalDurationPage in D:\XAMPP\htdocs\eimbox-dashboard\eimbox-materio\core\package_checker.php on line 103
[13-Jan-2026 19:51:19 Asia/Dhaka] PHP ERROR [2]: Undefined variable $totalDurationAll in D:\XAMPP\htdocs\eimbox-dashboard\eimbox-materio\core\package_checker.php on line 104
[13-Jan-2026 19:51:19 Asia/Dhaka] PHP ERROR [2]: Undefined variable $totalRecordsPage in D:\XAMPP\htdocs\eimbox-dashboard\eimbox-materio\core\package_checker.php on line 105
[13-Jan-2026 19:51:19 Asia/Dhaka] PHP ERROR [2]: Undefined variable $monitorPanel in D:\XAMPP\htdocs\eimbox-dashboard\eimbox-materio\footer.php on line 157
[13-Jan-2026 19:51:58 Asia/Dhaka] PHP ERROR [2]: Undefined variable $totalDurationPage in D:\XAMPP\htdocs\eimbox-dashboard\eimbox-materio\core\package_checker.php on line 103
[13-Jan-2026 19:51:58 Asia/Dhaka] PHP ERROR [2]: Undefined variable $totalDurationAll in D:\XAMPP\htdocs\eimbox-dashboard\eimbox-materio\core\package_checker.php on line 104
[13-Jan-2026 19:51:58 Asia/Dhaka] PHP ERROR [2]: Undefined variable $totalRecordsPage in D:\XAMPP\htdocs\eimbox-dashboard\eimbox-materio\core\package_checker.php on line 105
[13-Jan-2026 19:51:58 Asia/Dhaka] PHP ERROR [2]: Undefined variable $monitorPanel in D:\XAMPP\htdocs\eimbox-dashboard\eimbox-materio\footer.php on line 157
[13-Jan-2026 19:54:45 Asia/Dhaka] PHP ERROR [2]: Undefined variable $totalDurationPage in D:\XAMPP\htdocs\eimbox-dashboard\eimbox-materio\core\package_checker.php on line 103
[13-Jan-2026 19:54:45 Asia/Dhaka] PHP ERROR [2]: Undefined variable $totalDurationAll in D:\XAMPP\htdocs\eimbox-dashboard\eimbox-materio\core\package_checker.php on line 104
[13-Jan-2026 19:54:45 Asia/Dhaka] PHP ERROR [2]: Undefined variable $totalRecordsPage in D:\XAMPP\htdocs\eimbox-dashboard\eimbox-materio\core\package_checker.php on line 105
[13-Jan-2026 19:54:45 Asia/Dhaka] PHP ERROR [2]: Undefined variable $monitorPanel in D:\XAMPP\htdocs\eimbox-dashboard\eimbox-materio\footer.php on line 157
[13-Jan-2026 19:55:23 Asia/Dhaka] PHP ERROR [2]: Undefined variable $totalDurationPage in D:\XAMPP\htdocs\eimbox-dashboard\eimbox-materio\core\package_checker.php on line 103
[13-Jan-2026 19:55:23 Asia/Dhaka] PHP ERROR [2]: Undefined variable $totalDurationAll in D:\XAMPP\htdocs\eimbox-dashboard\eimbox-materio\core\package_checker.php on line 104
[13-Jan-2026 19:55:23 Asia/Dhaka] PHP ERROR [2]: Undefined variable $totalRecordsPage in D:\XAMPP\htdocs\eimbox-dashboard\eimbox-materio\core\package_checker.php on line 105
[13-Jan-2026 19:55:23 Asia/Dhaka] PHP ERROR [2]: Undefined variable $monitorPanel in D:\XAMPP\htdocs\eimbox-dashboard\eimbox-materio\footer.php on line 157
[13-Jan-2026 19:55:39 Asia/Dhaka] PHP ERROR [2]: Undefined variable $totalDurationPage in D:\XAMPP\htdocs\eimbox-dashboard\eimbox-materio\core\package_checker.php on line 103
[13-Jan-2026 19:55:39 Asia/Dhaka] PHP ERROR [2]: Undefined variable $totalDurationAll in D:\XAMPP\htdocs\eimbox-dashboard\eimbox-materio\core\package_checker.php on line 104
[13-Jan-2026 19:55:39 Asia/Dhaka] PHP ERROR [2]: Undefined variable $totalRecordsPage in D:\XAMPP\htdocs\eimbox-dashboard\eimbox-materio\core\package_checker.php on line 105
[13-Jan-2026 19:55:39 Asia/Dhaka] PHP ERROR [2]: Undefined variable $monitorPanel in D:\XAMPP\htdocs\eimbox-dashboard\eimbox-materio\footer.php on line 157
[13-Jan-2026 19:55:52 Asia/Dhaka] PHP ERROR [2]: Undefined variable $totalDurationPage in D:\XAMPP\htdocs\eimbox-dashboard\eimbox-materio\core\package_checker.php on line 103
[13-Jan-2026 19:55:52 Asia/Dhaka] PHP ERROR [2]: Undefined variable $totalDurationAll in D:\XAMPP\htdocs\eimbox-dashboard\eimbox-materio\core\package_checker.php on line 104
[13-Jan-2026 19:55:52 Asia/Dhaka] PHP ERROR [2]: Undefined variable $totalRecordsPage in D:\XAMPP\htdocs\eimbox-dashboard\eimbox-materio\core\package_checker.php on line 105
[13-Jan-2026 19:55:52 Asia/Dhaka] PHP ERROR [2]: Undefined variable $monitorPanel in D:\XAMPP\htdocs\eimbox-dashboard\eimbox-materio\footer.php on line 157
[13-Jan-2026 19:56:04 Asia/Dhaka] PHP ERROR [2]: Undefined variable $totalDurationPage in D:\XAMPP\htdocs\eimbox-dashboard\eimbox-materio\core\package_checker.php on line 103
[13-Jan-2026 19:56:04 Asia/Dhaka] PHP ERROR [2]: Undefined variable $totalDurationAll in D:\XAMPP\htdocs\eimbox-dashboard\eimbox-materio\core\package_checker.php on line 104
[13-Jan-2026 19:56:04 Asia/Dhaka] PHP ERROR [2]: Undefined variable $totalRecordsPage in D:\XAMPP\htdocs\eimbox-dashboard\eimbox-materio\core\package_checker.php on line 105
[13-Jan-2026 19:56:04 Asia/Dhaka] PHP ERROR [2]: Undefined variable $monitorPanel in D:\XAMPP\htdocs\eimbox-dashboard\eimbox-materio\footer.php on line 157
[13-Jan-2026 19:56:45 Asia/Dhaka] PHP ERROR [2]: Undefined variable $totalDurationPage in D:\XAMPP\htdocs\eimbox-dashboard\eimbox-materio\core\package_checker.php on line 103
[13-Jan-2026 19:56:45 Asia/Dhaka] PHP ERROR [2]: Undefined variable $totalDurationAll in D:\XAMPP\htdocs\eimbox-dashboard\eimbox-materio\core\package_checker.php on line 104
[13-Jan-2026 19:56:45 Asia/Dhaka] PHP ERROR [2]: Undefined variable $totalRecordsPage in D:\XAMPP\htdocs\eimbox-dashboard\eimbox-materio\core\package_checker.php on line 105
[13-Jan-2026 19:56:45 Asia/Dhaka] PHP ERROR [2]: Undefined variable $monitorPanel in D:\XAMPP\htdocs\eimbox-dashboard\eimbox-materio\footer.php on line 157
[13-Jan-2026 19:59:20 Asia/Dhaka] PHP ERROR [2]: Undefined variable $totalDurationPage in D:\XAMPP\htdocs\eimbox-dashboard\eimbox-materio\core\package_checker.php on line 103
[13-Jan-2026 19:59:20 Asia/Dhaka] PHP ERROR [2]: Undefined variable $totalDurationAll in D:\XAMPP\htdocs\eimbox-dashboard\eimbox-materio\core\package_checker.php on line 104
[13-Jan-2026 19:59:20 Asia/Dhaka] PHP ERROR [2]: Undefined variable $totalRecordsPage in D:\XAMPP\htdocs\eimbox-dashboard\eimbox-materio\core\package_checker.php on line 105
[13-Jan-2026 19:59:20 Asia/Dhaka] PHP ERROR [2]: Undefined variable $monitorPanel in D:\XAMPP\htdocs\eimbox-dashboard\eimbox-materio\footer.php on line 157
[13-Jan-2026 20:05:33 Asia/Dhaka] PHP ERROR [2]: Undefined variable $totalDurationPage in D:\XAMPP\htdocs\eimbox-dashboard\eimbox-materio\core\package_checker.php on line 103
[13-Jan-2026 20:05:33 Asia/Dhaka] PHP ERROR [2]: Undefined variable $totalDurationAll in D:\XAMPP\htdocs\eimbox-dashboard\eimbox-materio\core\package_checker.php on line 104
[13-Jan-2026 20:05:33 Asia/Dhaka] PHP ERROR [2]: Undefined variable $totalRecordsPage in D:\XAMPP\htdocs\eimbox-dashboard\eimbox-materio\core\package_checker.php on line 105
[13-Jan-2026 20:05:33 Asia/Dhaka] PHP ERROR [2]: Undefined variable $monitorPanel in D:\XAMPP\htdocs\eimbox-dashboard\eimbox-materio\footer.php on line 157
[13-Jan-2026 20:08:42 Asia/Dhaka] PHP ERROR [2]: Undefined variable $totalDurationPage in D:\XAMPP\htdocs\eimbox-dashboard\eimbox-materio\core\package_checker.php on line 103
[13-Jan-2026 20:08:42 Asia/Dhaka] PHP ERROR [2]: Undefined variable $totalDurationAll in D:\XAMPP\htdocs\eimbox-dashboard\eimbox-materio\core\package_checker.php on line 104
[13-Jan-2026 20:08:42 Asia/Dhaka] PHP ERROR [2]: Undefined variable $totalRecordsPage in D:\XAMPP\htdocs\eimbox-dashboard\eimbox-materio\core\package_checker.php on line 105
[13-Jan-2026 20:08:42 Asia/Dhaka] PHP ERROR [2]: Undefined variable $monitorPanel in D:\XAMPP\htdocs\eimbox-dashboard\eimbox-materio\footer.php on line 157
[13-Jan-2026 20:09:13 Asia/Dhaka] PHP ERROR [2]: Undefined variable $totalDurationPage in D:\XAMPP\htdocs\eimbox-dashboard\eimbox-materio\core\package_checker.php on line 103
[13-Jan-2026 20:09:13 Asia/Dhaka] PHP ERROR [2]: Undefined variable $totalDurationAll in D:\XAMPP\htdocs\eimbox-dashboard\eimbox-materio\core\package_checker.php on line 104
[13-Jan-2026 20:09:13 Asia/Dhaka] PHP ERROR [2]: Undefined variable $totalRecordsPage in D:\XAMPP\htdocs\eimbox-dashboard\eimbox-materio\core\package_checker.php on line 105
[13-Jan-2026 20:09:13 Asia/Dhaka] PHP ERROR [2]: Undefined variable $monitorPanel in D:\XAMPP\htdocs\eimbox-dashboard\eimbox-materio\footer.php on line 157
[13-Jan-2026 22:32:42 Asia/Dhaka] PHP ERROR [2]: Undefined variable $totalDurationPage in D:\XAMPP\htdocs\eimbox-dashboard\eimbox-materio\core\package_checker.php on line 103
[13-Jan-2026 22:32:42 Asia/Dhaka] PHP ERROR [2]: Undefined variable $totalDurationAll in D:\XAMPP\htdocs\eimbox-dashboard\eimbox-materio\core\package_checker.php on line 104
[13-Jan-2026 22:32:42 Asia/Dhaka] PHP ERROR [2]: Undefined variable $totalRecordsPage in D:\XAMPP\htdocs\eimbox-dashboard\eimbox-materio\core\package_checker.php on line 105
[13-Jan-2026 22:32:42 Asia/Dhaka] PHP ERROR [2]: Undefined variable $totalDurationPage in D:\XAMPP\htdocs\eimbox-dashboard\eimbox-materio\core\package_checker.php on line 69
[13-Jan-2026 22:32:42 Asia/Dhaka] PHP ERROR [2]: Undefined variable $totalDurationAll in D:\XAMPP\htdocs\eimbox-dashboard\eimbox-materio\core\package_checker.php on line 69
[13-Jan-2026 22:32:42 Asia/Dhaka] PHP ERROR [2]: Undefined variable $totalRecordsPage in D:\XAMPP\htdocs\eimbox-dashboard\eimbox-materio\core\package_checker.php on line 69
[13-Jan-2026 22:32:42 Asia/Dhaka] PHP ERROR [2]: Undefined variable $totalDurationPage in D:\XAMPP\htdocs\eimbox-dashboard\eimbox-materio\core\package_checker.php on line 103
[13-Jan-2026 22:32:42 Asia/Dhaka] PHP ERROR [2]: Undefined variable $totalDurationAll in D:\XAMPP\htdocs\eimbox-dashboard\eimbox-materio\core\package_checker.php on line 104
[13-Jan-2026 22:32:42 Asia/Dhaka] PHP ERROR [2]: Undefined variable $totalRecordsPage in D:\XAMPP\htdocs\eimbox-dashboard\eimbox-materio\core\package_checker.php on line 105
[13-Jan-2026 22:32:42 Asia/Dhaka] PHP ERROR [2]: Undefined variable $totalDurationPage in D:\XAMPP\htdocs\eimbox-dashboard\eimbox-materio\core\package_checker.php on line 103
[13-Jan-2026 22:32:42 Asia/Dhaka] PHP ERROR [2]: Undefined variable $totalDurationAll in D:\XAMPP\htdocs\eimbox-dashboard\eimbox-materio\core\package_checker.php on line 104
[13-Jan-2026 22:32:42 Asia/Dhaka] PHP ERROR [2]: Undefined variable $totalRecordsPage in D:\XAMPP\htdocs\eimbox-dashboard\eimbox-materio\core\package_checker.php on line 105
[13-Jan-2026 22:32:42 Asia/Dhaka] PHP ERROR [8192]: htmlspecialchars(): Passing null to parameter #1 ($string) of type string is deprecated in D:\XAMPP\htdocs\eimbox-dashboard\eimbox-materio\header.php on line 267
[13-Jan-2026 22:32:42 Asia/Dhaka] PHP ERROR [8192]: htmlspecialchars(): Passing null to parameter #1 ($string) of type string is deprecated in D:\XAMPP\htdocs\eimbox-dashboard\eimbox-materio\header.php on line 268
[13-Jan-2026 22:32:42 Asia/Dhaka] PHP ERROR [8192]: htmlspecialchars(): Passing null to parameter #1 ($string) of type string is deprecated in D:\XAMPP\htdocs\eimbox-dashboard\eimbox-materio\header.php on line 267
[13-Jan-2026 22:32:42 Asia/Dhaka] PHP ERROR [2]: Undefined variable $monitorPanel in D:\XAMPP\htdocs\eimbox-dashboard\eimbox-materio\footer.php on line 157
[13-Jan-2026 22:32:43 Asia/Dhaka] PHP ERROR [2]: Undefined variable $monitorPanel in D:\XAMPP\htdocs\eimbox-dashboard\eimbox-materio\footer.php on line 157
[13-Jan-2026 22:32:45 Asia/Dhaka] PHP ERROR [2]: Undefined variable $monitorPanel in D:\XAMPP\htdocs\eimbox-dashboard\eimbox-materio\footer.php on line 157
[13-Jan-2026 22:33:42 Asia/Dhaka] PHP ERROR [2]: Undefined variable $totalDurationPage in D:\XAMPP\htdocs\eimbox-dashboard\eimbox-materio\core\package_checker.php on line 103
[13-Jan-2026 22:33:42 Asia/Dhaka] PHP ERROR [2]: Undefined variable $totalDurationAll in D:\XAMPP\htdocs\eimbox-dashboard\eimbox-materio\core\package_checker.php on line 104
[13-Jan-2026 22:33:42 Asia/Dhaka] PHP ERROR [2]: Undefined variable $totalRecordsPage in D:\XAMPP\htdocs\eimbox-dashboard\eimbox-materio\core\package_checker.php on line 105
[13-Jan-2026 22:33:42 Asia/Dhaka] PHP ERROR [8192]: htmlspecialchars(): Passing null to parameter #1 ($string) of type string is deprecated in D:\XAMPP\htdocs\eimbox-dashboard\eimbox-materio\header.php on line 267
[13-Jan-2026 22:33:42 Asia/Dhaka] PHP ERROR [8192]: htmlspecialchars(): Passing null to parameter #1 ($string) of type string is deprecated in D:\XAMPP\htdocs\eimbox-dashboard\eimbox-materio\header.php on line 268
[13-Jan-2026 22:33:42 Asia/Dhaka] PHP ERROR [8192]: htmlspecialchars(): Passing null to parameter #1 ($string) of type string is deprecated in D:\XAMPP\htdocs\eimbox-dashboard\eimbox-materio\header.php on line 267
[13-Jan-2026 22:34:09 Asia/Dhaka] PHP ERROR [2]: Undefined variable $monitorPanel in D:\XAMPP\htdocs\eimbox-dashboard\eimbox-materio\footer.php on line 157
[13-Jan-2026 22:35:18 Asia/Dhaka] PHP ERROR [2]: Undefined variable $totalDurationPage in D:\XAMPP\htdocs\eimbox-dashboard\eimbox-materio\core\package_checker.php on line 103
[13-Jan-2026 22:35:18 Asia/Dhaka] PHP ERROR [2]: Undefined variable $totalDurationAll in D:\XAMPP\htdocs\eimbox-dashboard\eimbox-materio\core\package_checker.php on line 104
[13-Jan-2026 22:35:18 Asia/Dhaka] PHP ERROR [2]: Undefined variable $totalRecordsPage in D:\XAMPP\htdocs\eimbox-dashboard\eimbox-materio\core\package_checker.php on line 105
[13-Jan-2026 22:35:20 Asia/Dhaka] PHP ERROR [2]: Undefined variable $monitorPanel in D:\XAMPP\htdocs\eimbox-dashboard\eimbox-materio\footer.php on line 157
[13-Jan-2026 22:35:35 Asia/Dhaka] PHP ERROR [2]: Undefined variable $totalDurationPage in D:\XAMPP\htdocs\eimbox-dashboard\eimbox-materio\core\package_checker.php on line 103
[13-Jan-2026 22:35:35 Asia/Dhaka] PHP ERROR [2]: Undefined variable $totalDurationAll in D:\XAMPP\htdocs\eimbox-dashboard\eimbox-materio\core\package_checker.php on line 104
[13-Jan-2026 22:35:35 Asia/Dhaka] PHP ERROR [2]: Undefined variable $totalRecordsPage in D:\XAMPP\htdocs\eimbox-dashboard\eimbox-materio\core\package_checker.php on line 105
[13-Jan-2026 22:35:36 Asia/Dhaka] PHP ERROR [2]: Undefined variable $monitorPanel in D:\XAMPP\htdocs\eimbox-dashboard\eimbox-materio\footer.php on line 157
[13-Jan-2026 22:35:52 Asia/Dhaka] PHP ERROR [2]: Undefined variable $totalDurationPage in D:\XAMPP\htdocs\eimbox-dashboard\eimbox-materio\core\package_checker.php on line 103
[13-Jan-2026 22:35:52 Asia/Dhaka] PHP ERROR [2]: Undefined variable $totalDurationAll in D:\XAMPP\htdocs\eimbox-dashboard\eimbox-materio\core\package_checker.php on line 104
[13-Jan-2026 22:35:52 Asia/Dhaka] PHP ERROR [2]: Undefined variable $totalRecordsPage in D:\XAMPP\htdocs\eimbox-dashboard\eimbox-materio\core\package_checker.php on line 105
[13-Jan-2026 22:35:53 Asia/Dhaka] PHP ERROR [2]: Undefined variable $monitorPanel in D:\XAMPP\htdocs\eimbox-dashboard\eimbox-materio\footer.php on line 157
[13-Jan-2026 22:36:02 Asia/Dhaka] PHP ERROR [2]: Undefined variable $totalDurationPage in D:\XAMPP\htdocs\eimbox-dashboard\eimbox-materio\core\package_checker.php on line 103
[13-Jan-2026 22:36:02 Asia/Dhaka] PHP ERROR [2]: Undefined variable $totalDurationAll in D:\XAMPP\htdocs\eimbox-dashboard\eimbox-materio\core\package_checker.php on line 104
[13-Jan-2026 22:36:02 Asia/Dhaka] PHP ERROR [2]: Undefined variable $totalRecordsPage in D:\XAMPP\htdocs\eimbox-dashboard\eimbox-materio\core\package_checker.php on line 105
[13-Jan-2026 22:36:02 Asia/Dhaka] PHP ERROR [2]: Undefined variable $monitorPanel in D:\XAMPP\htdocs\eimbox-dashboard\eimbox-materio\footer.php on line 157
[13-Jan-2026 22:36:50 Asia/Dhaka] PHP ERROR [2]: Undefined variable $totalDurationPage in D:\XAMPP\htdocs\eimbox-dashboard\eimbox-materio\core\package_checker.php on line 103
[13-Jan-2026 22:36:50 Asia/Dhaka] PHP ERROR [2]: Undefined variable $totalDurationAll in D:\XAMPP\htdocs\eimbox-dashboard\eimbox-materio\core\package_checker.php on line 104
[13-Jan-2026 22:36:50 Asia/Dhaka] PHP ERROR [2]: Undefined variable $totalRecordsPage in D:\XAMPP\htdocs\eimbox-dashboard\eimbox-materio\core\package_checker.php on line 105
[13-Jan-2026 22:36:50 Asia/Dhaka] PHP ERROR [2]: Undefined variable $monitorPanel in D:\XAMPP\htdocs\eimbox-dashboard\eimbox-materio\footer.php on line 157
[13-Jan-2026 22:37:35 Asia/Dhaka] PHP ERROR [2]: Undefined variable $totalDurationPage in D:\XAMPP\htdocs\eimbox-dashboard\eimbox-materio\core\package_checker.php on line 103
[13-Jan-2026 22:37:35 Asia/Dhaka] PHP ERROR [2]: Undefined variable $totalDurationAll in D:\XAMPP\htdocs\eimbox-dashboard\eimbox-materio\core\package_checker.php on line 104
[13-Jan-2026 22:37:35 Asia/Dhaka] PHP ERROR [2]: Undefined variable $totalRecordsPage in D:\XAMPP\htdocs\eimbox-dashboard\eimbox-materio\core\package_checker.php on line 105
[13-Jan-2026 22:37:40 Asia/Dhaka] PHP ERROR [8192]: htmlspecialchars(): Passing null to parameter #1 ($string) of type string is deprecated in D:\XAMPP\htdocs\eimbox-dashboard\eimbox-materio\header.php on line 267
[13-Jan-2026 22:37:40 Asia/Dhaka] PHP ERROR [8192]: htmlspecialchars(): Passing null to parameter #1 ($string) of type string is deprecated in D:\XAMPP\htdocs\eimbox-dashboard\eimbox-materio\header.php on line 268
[13-Jan-2026 22:37:40 Asia/Dhaka] PHP ERROR [8192]: htmlspecialchars(): Passing null to parameter #1 ($string) of type string is deprecated in D:\XAMPP\htdocs\eimbox-dashboard\eimbox-materio\header.php on line 267
[13-Jan-2026 22:37:42 Asia/Dhaka] PHP ERROR [2]: Undefined variable $monitorPanel in D:\XAMPP\htdocs\eimbox-dashboard\eimbox-materio\footer.php on line 157
[13-Jan-2026 22:38:56 Asia/Dhaka] PHP ERROR [2]: Undefined variable $totalDurationPage in D:\XAMPP\htdocs\eimbox-dashboard\eimbox-materio\core\package_checker.php on line 103
[13-Jan-2026 22:38:56 Asia/Dhaka] PHP ERROR [2]: Undefined variable $totalDurationAll in D:\XAMPP\htdocs\eimbox-dashboard\eimbox-materio\core\package_checker.php on line 104
[13-Jan-2026 22:38:56 Asia/Dhaka] PHP ERROR [2]: Undefined variable $totalRecordsPage in D:\XAMPP\htdocs\eimbox-dashboard\eimbox-materio\core\package_checker.php on line 105
[13-Jan-2026 22:38:56 Asia/Dhaka] PHP ERROR [8192]: htmlspecialchars(): Passing null to parameter #1 ($string) of type string is deprecated in D:\XAMPP\htdocs\eimbox-dashboard\eimbox-materio\header.php on line 267
[13-Jan-2026 22:38:56 Asia/Dhaka] PHP ERROR [8192]: htmlspecialchars(): Passing null to parameter #1 ($string) of type string is deprecated in D:\XAMPP\htdocs\eimbox-dashboard\eimbox-materio\header.php on line 268
[13-Jan-2026 22:38:56 Asia/Dhaka] PHP ERROR [8192]: htmlspecialchars(): Passing null to parameter #1 ($string) of type string is deprecated in D:\XAMPP\htdocs\eimbox-dashboard\eimbox-materio\header.php on line 267
[13-Jan-2026 22:38:59 Asia/Dhaka] PHP ERROR [2]: Undefined variable $monitorPanel in D:\XAMPP\htdocs\eimbox-dashboard\eimbox-materio\footer.php on line 157
[13-Jan-2026 22:39:10 Asia/Dhaka] PHP ERROR [2]: Undefined variable $totalDurationPage in D:\XAMPP\htdocs\eimbox-dashboard\eimbox-materio\core\package_checker.php on line 103
[13-Jan-2026 22:39:10 Asia/Dhaka] PHP ERROR [2]: Undefined variable $totalDurationAll in D:\XAMPP\htdocs\eimbox-dashboard\eimbox-materio\core\package_checker.php on line 104
[13-Jan-2026 22:39:10 Asia/Dhaka] PHP ERROR [2]: Undefined variable $totalRecordsPage in D:\XAMPP\htdocs\eimbox-dashboard\eimbox-materio\core\package_checker.php on line 105
[13-Jan-2026 22:39:10 Asia/Dhaka] PHP ERROR [8192]: htmlspecialchars(): Passing null to parameter #1 ($string) of type string is deprecated in D:\XAMPP\htdocs\eimbox-dashboard\eimbox-materio\header.php on line 267
[13-Jan-2026 22:39:10 Asia/Dhaka] PHP ERROR [8192]: htmlspecialchars(): Passing null to parameter #1 ($string) of type string is deprecated in D:\XAMPP\htdocs\eimbox-dashboard\eimbox-materio\header.php on line 268
[13-Jan-2026 22:39:10 Asia/Dhaka] PHP ERROR [8192]: htmlspecialchars(): Passing null to parameter #1 ($string) of type string is deprecated in D:\XAMPP\htdocs\eimbox-dashboard\eimbox-materio\header.php on line 267
[13-Jan-2026 22:39:10 Asia/Dhaka] PHP ERROR [2]: Undefined variable $monitorPanel in D:\XAMPP\htdocs\eimbox-dashboard\eimbox-materio\footer.php on line 157
[13-Jan-2026 22:48:40 Asia/Dhaka] PHP ERROR [2]: Undefined variable $totalDurationPage in D:\XAMPP\htdocs\eimbox-dashboard\eimbox-materio\core\package_checker.php on line 103
[13-Jan-2026 22:48:40 Asia/Dhaka] PHP ERROR [2]: Undefined variable $totalDurationAll in D:\XAMPP\htdocs\eimbox-dashboard\eimbox-materio\core\package_checker.php on line 104
[13-Jan-2026 22:48:40 Asia/Dhaka] PHP ERROR [2]: Undefined variable $totalRecordsPage in D:\XAMPP\htdocs\eimbox-dashboard\eimbox-materio\core\package_checker.php on line 105
[13-Jan-2026 22:48:41 Asia/Dhaka] PHP ERROR [8192]: htmlspecialchars(): Passing null to parameter #1 ($string) of type string is deprecated in D:\XAMPP\htdocs\eimbox-dashboard\eimbox-materio\header.php on line 267
[13-Jan-2026 22:48:41 Asia/Dhaka] PHP ERROR [8192]: htmlspecialchars(): Passing null to parameter #1 ($string) of type string is deprecated in D:\XAMPP\htdocs\eimbox-dashboard\eimbox-materio\header.php on line 268
[13-Jan-2026 22:48:41 Asia/Dhaka] PHP ERROR [8192]: htmlspecialchars(): Passing null to parameter #1 ($string) of type string is deprecated in D:\XAMPP\htdocs\eimbox-dashboard\eimbox-materio\header.php on line 267
[13-Jan-2026 22:48:42 Asia/Dhaka] PHP ERROR [2]: Undefined variable $monitorPanel in D:\XAMPP\htdocs\eimbox-dashboard\eimbox-materio\footer.php on line 157
[13-Jan-2026 22:48:46 Asia/Dhaka] PHP ERROR [2]: Undefined variable $totalDurationPage in D:\XAMPP\htdocs\eimbox-dashboard\eimbox-materio\core\package_checker.php on line 103
[13-Jan-2026 22:48:46 Asia/Dhaka] PHP ERROR [2]: Undefined variable $totalDurationAll in D:\XAMPP\htdocs\eimbox-dashboard\eimbox-materio\core\package_checker.php on line 104
[13-Jan-2026 22:48:46 Asia/Dhaka] PHP ERROR [2]: Undefined variable $totalRecordsPage in D:\XAMPP\htdocs\eimbox-dashboard\eimbox-materio\core\package_checker.php on line 105
[13-Jan-2026 22:48:46 Asia/Dhaka] PHP ERROR [8192]: htmlspecialchars(): Passing null to parameter #1 ($string) of type string is deprecated in D:\XAMPP\htdocs\eimbox-dashboard\eimbox-materio\header.php on line 267
[13-Jan-2026 22:48:46 Asia/Dhaka] PHP ERROR [8192]: htmlspecialchars(): Passing null to parameter #1 ($string) of type string is deprecated in D:\XAMPP\htdocs\eimbox-dashboard\eimbox-materio\header.php on line 268
[13-Jan-2026 22:48:46 Asia/Dhaka] PHP ERROR [8192]: htmlspecialchars(): Passing null to parameter #1 ($string) of type string is deprecated in D:\XAMPP\htdocs\eimbox-dashboard\eimbox-materio\header.php on line 267
[13-Jan-2026 22:48:46 Asia/Dhaka] PHP ERROR [2]: Undefined variable $monitorPanel in D:\XAMPP\htdocs\eimbox-dashboard\eimbox-materio\footer.php on line 157
[13-Jan-2026 22:52:43 Asia/Dhaka] PHP ERROR [2]: Undefined variable $totalDurationPage in D:\XAMPP\htdocs\eimbox-dashboard\eimbox-materio\core\package_checker.php on line 103
[13-Jan-2026 22:52:43 Asia/Dhaka] PHP ERROR [2]: Undefined variable $totalDurationAll in D:\XAMPP\htdocs\eimbox-dashboard\eimbox-materio\core\package_checker.php on line 104
[13-Jan-2026 22:52:43 Asia/Dhaka] PHP ERROR [2]: Undefined variable $totalRecordsPage in D:\XAMPP\htdocs\eimbox-dashboard\eimbox-materio\core\package_checker.php on line 105
[13-Jan-2026 22:52:43 Asia/Dhaka] PHP ERROR [8192]: htmlspecialchars(): Passing null to parameter #1 ($string) of type string is deprecated in D:\XAMPP\htdocs\eimbox-dashboard\eimbox-materio\header.php on line 267
[13-Jan-2026 22:52:43 Asia/Dhaka] PHP ERROR [8192]: htmlspecialchars(): Passing null to parameter #1 ($string) of type string is deprecated in D:\XAMPP\htdocs\eimbox-dashboard\eimbox-materio\header.php on line 268
[13-Jan-2026 22:52:43 Asia/Dhaka] PHP ERROR [8192]: htmlspecialchars(): Passing null to parameter #1 ($string) of type string is deprecated in D:\XAMPP\htdocs\eimbox-dashboard\eimbox-materio\header.php on line 267
[13-Jan-2026 22:52:45 Asia/Dhaka] PHP ERROR [2]: Undefined variable $monitorPanel in D:\XAMPP\htdocs\eimbox-dashboard\eimbox-materio\footer.php on line 157
[13-Jan-2026 22:53:24 Asia/Dhaka] PHP ERROR [2]: Undefined variable $totalDurationPage in D:\XAMPP\htdocs\eimbox-dashboard\eimbox-materio\core\package_checker.php on line 103
[13-Jan-2026 22:53:24 Asia/Dhaka] PHP ERROR [2]: Undefined variable $totalDurationAll in D:\XAMPP\htdocs\eimbox-dashboard\eimbox-materio\core\package_checker.php on line 104
[13-Jan-2026 22:53:24 Asia/Dhaka] PHP ERROR [2]: Undefined variable $totalRecordsPage in D:\XAMPP\htdocs\eimbox-dashboard\eimbox-materio\core\package_checker.php on line 105
[13-Jan-2026 22:53:24 Asia/Dhaka] PHP ERROR [8192]: htmlspecialchars(): Passing null to parameter #1 ($string) of type string is deprecated in D:\XAMPP\htdocs\eimbox-dashboard\eimbox-materio\header.php on line 267
[13-Jan-2026 22:53:24 Asia/Dhaka] PHP ERROR [8192]: htmlspecialchars(): Passing null to parameter #1 ($string) of type string is deprecated in D:\XAMPP\htdocs\eimbox-dashboard\eimbox-materio\header.php on line 268
[13-Jan-2026 22:53:24 Asia/Dhaka] PHP ERROR [8192]: htmlspecialchars(): Passing null to parameter #1 ($string) of type string is deprecated in D:\XAMPP\htdocs\eimbox-dashboard\eimbox-materio\header.php on line 267
[13-Jan-2026 22:53:24 Asia/Dhaka] PHP ERROR [2]: Undefined variable $monitorPanel in D:\XAMPP\htdocs\eimbox-dashboard\eimbox-materio\footer.php on line 157
[13-Jan-2026 23:10:09 Asia/Dhaka] PHP ERROR [2]: Undefined variable $totalDurationPage in D:\XAMPP\htdocs\eimbox-dashboard\eimbox-materio\core\package_checker.php on line 103
[13-Jan-2026 23:10:09 Asia/Dhaka] PHP ERROR [2]: Undefined variable $totalDurationAll in D:\XAMPP\htdocs\eimbox-dashboard\eimbox-materio\core\package_checker.php on line 104
[13-Jan-2026 23:10:09 Asia/Dhaka] PHP ERROR [2]: Undefined variable $totalRecordsPage in D:\XAMPP\htdocs\eimbox-dashboard\eimbox-materio\core\package_checker.php on line 105
[13-Jan-2026 23:10:09 Asia/Dhaka] PHP ERROR [2]: Undefined variable $monitorPanel in D:\XAMPP\htdocs\eimbox-dashboard\eimbox-materio\footer.php on line 157
[13-Jan-2026 23:10:16 Asia/Dhaka] PHP ERROR [2]: Undefined variable $totalDurationPage in D:\XAMPP\htdocs\eimbox-dashboard\eimbox-materio\core\package_checker.php on line 103
[13-Jan-2026 23:10:16 Asia/Dhaka] PHP ERROR [2]: Undefined variable $totalDurationAll in D:\XAMPP\htdocs\eimbox-dashboard\eimbox-materio\core\package_checker.php on line 104
[13-Jan-2026 23:10:16 Asia/Dhaka] PHP ERROR [2]: Undefined variable $totalRecordsPage in D:\XAMPP\htdocs\eimbox-dashboard\eimbox-materio\core\package_checker.php on line 105
[13-Jan-2026 23:10:17 Asia/Dhaka] PHP ERROR [2]: Undefined variable $monitorPanel in D:\XAMPP\htdocs\eimbox-dashboard\eimbox-materio\footer.php on line 157
[13-Jan-2026 23:10:25 Asia/Dhaka] PHP ERROR [2]: Undefined variable $totalDurationPage in D:\XAMPP\htdocs\eimbox-dashboard\eimbox-materio\core\package_checker.php on line 103
[13-Jan-2026 23:10:25 Asia/Dhaka] PHP ERROR [2]: Undefined variable $totalDurationAll in D:\XAMPP\htdocs\eimbox-dashboard\eimbox-materio\core\package_checker.php on line 104
[13-Jan-2026 23:10:25 Asia/Dhaka] PHP ERROR [2]: Undefined variable $totalRecordsPage in D:\XAMPP\htdocs\eimbox-dashboard\eimbox-materio\core\package_checker.php on line 105
[13-Jan-2026 23:10:25 Asia/Dhaka] PHP ERROR [2]: Undefined variable $monitorPanel in D:\XAMPP\htdocs\eimbox-dashboard\eimbox-materio\footer.php on line 157
[13-Jan-2026 23:10:45 Asia/Dhaka] PHP ERROR [2]: Undefined variable $totalDurationPage in D:\XAMPP\htdocs\eimbox-dashboard\eimbox-materio\core\package_checker.php on line 103
[13-Jan-2026 23:10:45 Asia/Dhaka] PHP ERROR [2]: Undefined variable $totalDurationAll in D:\XAMPP\htdocs\eimbox-dashboard\eimbox-materio\core\package_checker.php on line 104
[13-Jan-2026 23:10:45 Asia/Dhaka] PHP ERROR [2]: Undefined variable $totalRecordsPage in D:\XAMPP\htdocs\eimbox-dashboard\eimbox-materio\core\package_checker.php on line 105
[13-Jan-2026 23:10:45 Asia/Dhaka] PHP ERROR [2]: Undefined variable $monitorPanel in D:\XAMPP\htdocs\eimbox-dashboard\eimbox-materio\footer.php on line 157
[13-Jan-2026 23:12:39 Asia/Dhaka] PHP ERROR [2]: Undefined variable $totalDurationPage in D:\XAMPP\htdocs\eimbox-dashboard\eimbox-materio\core\package_checker.php on line 103
[13-Jan-2026 23:12:39 Asia/Dhaka] PHP ERROR [2]: Undefined variable $totalDurationAll in D:\XAMPP\htdocs\eimbox-dashboard\eimbox-materio\core\package_checker.php on line 104
[13-Jan-2026 23:12:39 Asia/Dhaka] PHP ERROR [2]: Undefined variable $totalRecordsPage in D:\XAMPP\htdocs\eimbox-dashboard\eimbox-materio\core\package_checker.php on line 105
[13-Jan-2026 23:12:39 Asia/Dhaka] PHP ERROR [2]: Undefined variable $monitorPanel in D:\XAMPP\htdocs\eimbox-dashboard\eimbox-materio\footer.php on line 157
[13-Jan-2026 23:12:55 Asia/Dhaka] PHP ERROR [2]: Undefined variable $totalDurationPage in D:\XAMPP\htdocs\eimbox-dashboard\eimbox-materio\core\package_checker.php on line 103
[13-Jan-2026 23:12:55 Asia/Dhaka] PHP ERROR [2]: Undefined variable $totalDurationAll in D:\XAMPP\htdocs\eimbox-dashboard\eimbox-materio\core\package_checker.php on line 104
[13-Jan-2026 23:12:55 Asia/Dhaka] PHP ERROR [2]: Undefined variable $totalRecordsPage in D:\XAMPP\htdocs\eimbox-dashboard\eimbox-materio\core\package_checker.php on line 105
[13-Jan-2026 23:12:56 Asia/Dhaka] PHP ERROR [2]: Undefined variable $monitorPanel in D:\XAMPP\htdocs\eimbox-dashboard\eimbox-materio\footer.php on line 157
[13-Jan-2026 23:13:00 Asia/Dhaka] PHP ERROR [2]: Undefined variable $totalDurationPage in D:\XAMPP\htdocs\eimbox-dashboard\eimbox-materio\core\package_checker.php on line 69
[13-Jan-2026 23:13:00 Asia/Dhaka] PHP ERROR [2]: Undefined variable $totalDurationAll in D:\XAMPP\htdocs\eimbox-dashboard\eimbox-materio\core\package_checker.php on line 69
[13-Jan-2026 23:13:00 Asia/Dhaka] PHP ERROR [2]: Undefined variable $totalRecordsPage in D:\XAMPP\htdocs\eimbox-dashboard\eimbox-materio\core\package_checker.php on line 69
[13-Jan-2026 23:13:00 Asia/Dhaka] PHP ERROR [2]: Undefined variable $totalDurationPage in D:\XAMPP\htdocs\eimbox-dashboard\eimbox-materio\core\package_checker.php on line 103
[13-Jan-2026 23:13:00 Asia/Dhaka] PHP ERROR [2]: Undefined variable $totalDurationAll in D:\XAMPP\htdocs\eimbox-dashboard\eimbox-materio\core\package_checker.php on line 104
[13-Jan-2026 23:13:00 Asia/Dhaka] PHP ERROR [2]: Undefined variable $totalRecordsPage in D:\XAMPP\htdocs\eimbox-dashboard\eimbox-materio\core\package_checker.php on line 105
[13-Jan-2026 23:13:00 Asia/Dhaka] PHP ERROR [2]: Undefined variable $monitorPanel in D:\XAMPP\htdocs\eimbox-dashboard\eimbox-materio\footer.php on line 157
[13-Jan-2026 23:13:07 Asia/Dhaka] PHP ERROR [2]: Undefined variable $totalDurationPage in D:\XAMPP\htdocs\eimbox-dashboard\eimbox-materio\core\package_checker.php on line 103
[13-Jan-2026 23:13:07 Asia/Dhaka] PHP ERROR [2]: Undefined variable $totalDurationAll in D:\XAMPP\htdocs\eimbox-dashboard\eimbox-materio\core\package_checker.php on line 104
[13-Jan-2026 23:13:07 Asia/Dhaka] PHP ERROR [2]: Undefined variable $totalRecordsPage in D:\XAMPP\htdocs\eimbox-dashboard\eimbox-materio\core\package_checker.php on line 105
[13-Jan-2026 23:13:07 Asia/Dhaka] PHP ERROR [2]: Undefined variable $monitorPanel in D:\XAMPP\htdocs\eimbox-dashboard\eimbox-materio\footer.php on line 157
[13-Jan-2026 23:13:09 Asia/Dhaka] PHP ERROR [2]: Undefined variable $totalDurationPage in D:\XAMPP\htdocs\eimbox-dashboard\eimbox-materio\core\package_checker.php on line 103
[13-Jan-2026 23:13:09 Asia/Dhaka] PHP ERROR [2]: Undefined variable $totalDurationAll in D:\XAMPP\htdocs\eimbox-dashboard\eimbox-materio\core\package_checker.php on line 104
[13-Jan-2026 23:13:09 Asia/Dhaka] PHP ERROR [2]: Undefined variable $totalRecordsPage in D:\XAMPP\htdocs\eimbox-dashboard\eimbox-materio\core\package_checker.php on line 105
[13-Jan-2026 23:13:10 Asia/Dhaka] PHP ERROR [2]: Undefined variable $monitorPanel in D:\XAMPP\htdocs\eimbox-dashboard\eimbox-materio\footer.php on line 157
[13-Jan-2026 23:13:11 Asia/Dhaka] PHP ERROR [2]: Undefined variable $totalDurationPage in D:\XAMPP\htdocs\eimbox-dashboard\eimbox-materio\core\package_checker.php on line 103
[13-Jan-2026 23:13:11 Asia/Dhaka] PHP ERROR [2]: Undefined variable $totalDurationAll in D:\XAMPP\htdocs\eimbox-dashboard\eimbox-materio\core\package_checker.php on line 104
[13-Jan-2026 23:13:11 Asia/Dhaka] PHP ERROR [2]: Undefined variable $totalRecordsPage in D:\XAMPP\htdocs\eimbox-dashboard\eimbox-materio\core\package_checker.php on line 105
[13-Jan-2026 23:13:12 Asia/Dhaka] PHP ERROR [2]: Undefined variable $monitorPanel in D:\XAMPP\htdocs\eimbox-dashboard\eimbox-materio\footer.php on line 157
[13-Jan-2026 23:13:28 Asia/Dhaka] PHP ERROR [2]: Undefined variable $totalDurationPage in D:\XAMPP\htdocs\eimbox-dashboard\eimbox-materio\core\package_checker.php on line 69
[13-Jan-2026 23:13:28 Asia/Dhaka] PHP ERROR [2]: Undefined variable $totalDurationAll in D:\XAMPP\htdocs\eimbox-dashboard\eimbox-materio\core\package_checker.php on line 69
[13-Jan-2026 23:13:28 Asia/Dhaka] PHP ERROR [2]: Undefined variable $totalRecordsPage in D:\XAMPP\htdocs\eimbox-dashboard\eimbox-materio\core\package_checker.php on line 69
[13-Jan-2026 23:13:28 Asia/Dhaka] PHP ERROR [2]: Undefined variable $totalDurationPage in D:\XAMPP\htdocs\eimbox-dashboard\eimbox-materio\core\package_checker.php on line 103
[13-Jan-2026 23:13:28 Asia/Dhaka] PHP ERROR [2]: Undefined variable $totalDurationAll in D:\XAMPP\htdocs\eimbox-dashboard\eimbox-materio\core\package_checker.php on line 104
[13-Jan-2026 23:13:28 Asia/Dhaka] PHP ERROR [2]: Undefined variable $totalRecordsPage in D:\XAMPP\htdocs\eimbox-dashboard\eimbox-materio\core\package_checker.php on line 105
[13-Jan-2026 23:13:28 Asia/Dhaka] PHP ERROR [2]: Undefined variable $monitorPanel in D:\XAMPP\htdocs\eimbox-dashboard\eimbox-materio\footer.php on line 157
[13-Jan-2026 23:13:51 Asia/Dhaka] PHP ERROR [2]: Undefined variable $totalDurationPage in D:\XAMPP\htdocs\eimbox-dashboard\eimbox-materio\core\package_checker.php on line 103
[13-Jan-2026 23:13:51 Asia/Dhaka] PHP ERROR [2]: Undefined variable $totalDurationAll in D:\XAMPP\htdocs\eimbox-dashboard\eimbox-materio\core\package_checker.php on line 104
[13-Jan-2026 23:13:51 Asia/Dhaka] PHP ERROR [2]: Undefined variable $totalRecordsPage in D:\XAMPP\htdocs\eimbox-dashboard\eimbox-materio\core\package_checker.php on line 105
[13-Jan-2026 23:13:52 Asia/Dhaka] PHP ERROR [2]: Undefined variable $monitorPanel in D:\XAMPP\htdocs\eimbox-dashboard\eimbox-materio\footer.php on line 157
[13-Jan-2026 23:14:02 Asia/Dhaka] PHP ERROR [2]: Undefined variable $totalDurationPage in D:\XAMPP\htdocs\eimbox-dashboard\eimbox-materio\core\package_checker.php on line 103
[13-Jan-2026 23:14:02 Asia/Dhaka] PHP ERROR [2]: Undefined variable $totalDurationAll in D:\XAMPP\htdocs\eimbox-dashboard\eimbox-materio\core\package_checker.php on line 104
[13-Jan-2026 23:14:02 Asia/Dhaka] PHP ERROR [2]: Undefined variable $totalRecordsPage in D:\XAMPP\htdocs\eimbox-dashboard\eimbox-materio\core\package_checker.php on line 105
[13-Jan-2026 23:14:02 Asia/Dhaka] PHP ERROR [2]: Undefined variable $monitorPanel in D:\XAMPP\htdocs\eimbox-dashboard\eimbox-materio\footer.php on line 157
[13-Jan-2026 23:24:59 Asia/Dhaka] PHP ERROR [2]: Undefined variable $totalDurationPage in D:\XAMPP\htdocs\eimbox-dashboard\eimbox-materio\core\package_checker.php on line 103
[13-Jan-2026 23:24:59 Asia/Dhaka] PHP ERROR [2]: Undefined variable $totalDurationAll in D:\XAMPP\htdocs\eimbox-dashboard\eimbox-materio\core\package_checker.php on line 104
[13-Jan-2026 23:24:59 Asia/Dhaka] PHP ERROR [2]: Undefined variable $totalRecordsPage in D:\XAMPP\htdocs\eimbox-dashboard\eimbox-materio\core\package_checker.php on line 105
[13-Jan-2026 23:24:59 Asia/Dhaka] PHP ERROR [2]: Undefined variable $monitorPanel in D:\XAMPP\htdocs\eimbox-dashboard\eimbox-materio\footer.php on line 157
[13-Jan-2026 23:26:30 Asia/Dhaka] PHP ERROR [2]: Undefined variable $totalDurationPage in D:\XAMPP\htdocs\eimbox-dashboard\eimbox-materio\core\package_checker.php on line 103
[13-Jan-2026 23:26:30 Asia/Dhaka] PHP ERROR [2]: Undefined variable $totalDurationAll in D:\XAMPP\htdocs\eimbox-dashboard\eimbox-materio\core\package_checker.php on line 104
[13-Jan-2026 23:26:30 Asia/Dhaka] PHP ERROR [2]: Undefined variable $totalRecordsPage in D:\XAMPP\htdocs\eimbox-dashboard\eimbox-materio\core\package_checker.php on line 105
[13-Jan-2026 23:26:31 Asia/Dhaka] PHP ERROR [2]: Undefined variable $monitorPanel in D:\XAMPP\htdocs\eimbox-dashboard\eimbox-materio\footer.php on line 157
[13-Jan-2026 23:26:35 Asia/Dhaka] PHP ERROR [2]: Undefined variable $totalDurationPage in D:\XAMPP\htdocs\eimbox-dashboard\eimbox-materio\core\package_checker.php on line 103
[13-Jan-2026 23:26:35 Asia/Dhaka] PHP ERROR [2]: Undefined variable $totalDurationAll in D:\XAMPP\htdocs\eimbox-dashboard\eimbox-materio\core\package_checker.php on line 104
[13-Jan-2026 23:26:35 Asia/Dhaka] PHP ERROR [2]: Undefined variable $totalRecordsPage in D:\XAMPP\htdocs\eimbox-dashboard\eimbox-materio\core\package_checker.php on line 105
[13-Jan-2026 23:26:36 Asia/Dhaka] PHP ERROR [2]: Undefined variable $monitorPanel in D:\XAMPP\htdocs\eimbox-dashboard\eimbox-materio\footer.php on line 157
[13-Jan-2026 23:31:36 Asia/Dhaka] PHP ERROR [2]: Undefined variable $totalDurationPage in D:\XAMPP\htdocs\eimbox-dashboard\eimbox-materio\core\package_checker.php on line 103
[13-Jan-2026 23:31:36 Asia/Dhaka] PHP ERROR [2]: Undefined variable $totalDurationAll in D:\XAMPP\htdocs\eimbox-dashboard\eimbox-materio\core\package_checker.php on line 104
[13-Jan-2026 23:31:36 Asia/Dhaka] PHP ERROR [2]: Undefined variable $totalRecordsPage in D:\XAMPP\htdocs\eimbox-dashboard\eimbox-materio\core\package_checker.php on line 105
[13-Jan-2026 23:31:36 Asia/Dhaka] PHP ERROR [2]: Undefined variable $monitorPanel in D:\XAMPP\htdocs\eimbox-dashboard\eimbox-materio\footer.php on line 157
[13-Jan-2026 23:31:42 Asia/Dhaka] PHP ERROR [2]: Undefined variable $totalDurationPage in D:\XAMPP\htdocs\eimbox-dashboard\eimbox-materio\core\package_checker.php on line 103
[13-Jan-2026 23:31:42 Asia/Dhaka] PHP ERROR [2]: Undefined variable $totalDurationAll in D:\XAMPP\htdocs\eimbox-dashboard\eimbox-materio\core\package_checker.php on line 104
[13-Jan-2026 23:31:42 Asia/Dhaka] PHP ERROR [2]: Undefined variable $totalRecordsPage in D:\XAMPP\htdocs\eimbox-dashboard\eimbox-materio\core\package_checker.php on line 105
[13-Jan-2026 23:31:42 Asia/Dhaka] PHP ERROR [2]: Undefined variable $monitorPanel in D:\XAMPP\htdocs\eimbox-dashboard\eimbox-materio\footer.php on line 157
[13-Jan-2026 23:33:07 Asia/Dhaka] PHP ERROR [2]: Undefined variable $totalDurationPage in D:\XAMPP\htdocs\eimbox-dashboard\eimbox-materio\core\package_checker.php on line 103
[13-Jan-2026 23:33:07 Asia/Dhaka] PHP ERROR [2]: Undefined variable $totalDurationAll in D:\XAMPP\htdocs\eimbox-dashboard\eimbox-materio\core\package_checker.php on line 104
[13-Jan-2026 23:33:07 Asia/Dhaka] PHP ERROR [2]: Undefined variable $totalRecordsPage in D:\XAMPP\htdocs\eimbox-dashboard\eimbox-materio\core\package_checker.php on line 105
[13-Jan-2026 23:33:07 Asia/Dhaka] PHP ERROR [2]: Undefined variable $monitorPanel in D:\XAMPP\htdocs\eimbox-dashboard\eimbox-materio\footer.php on line 157
[13-Jan-2026 23:33:58 Asia/Dhaka] PHP ERROR [2]: Undefined variable $totalDurationPage in D:\XAMPP\htdocs\eimbox-dashboard\eimbox-materio\core\package_checker.php on line 103
[13-Jan-2026 23:33:58 Asia/Dhaka] PHP ERROR [2]: Undefined variable $totalDurationAll in D:\XAMPP\htdocs\eimbox-dashboard\eimbox-materio\core\package_checker.php on line 104
[13-Jan-2026 23:33:58 Asia/Dhaka] PHP ERROR [2]: Undefined variable $totalRecordsPage in D:\XAMPP\htdocs\eimbox-dashboard\eimbox-materio\core\package_checker.php on line 105
[13-Jan-2026 23:33:58 Asia/Dhaka] PHP ERROR [2]: Undefined variable $monitorPanel in D:\XAMPP\htdocs\eimbox-dashboard\eimbox-materio\footer.php on line 157
[13-Jan-2026 23:34:02 Asia/Dhaka] PHP ERROR [2]: Undefined variable $totalDurationPage in D:\XAMPP\htdocs\eimbox-dashboard\eimbox-materio\core\package_checker.php on line 103
[13-Jan-2026 23:34:02 Asia/Dhaka] PHP ERROR [2]: Undefined variable $totalDurationAll in D:\XAMPP\htdocs\eimbox-dashboard\eimbox-materio\core\package_checker.php on line 104
[13-Jan-2026 23:34:02 Asia/Dhaka] PHP ERROR [2]: Undefined variable $totalRecordsPage in D:\XAMPP\htdocs\eimbox-dashboard\eimbox-materio\core\package_checker.php on line 105
[13-Jan-2026 23:34:02 Asia/Dhaka] PHP ERROR [2]: Undefined variable $monitorPanel in D:\XAMPP\htdocs\eimbox-dashboard\eimbox-materio\footer.php on line 157
[13-Jan-2026 23:34:07 Asia/Dhaka] PHP ERROR [2]: Undefined variable $totalDurationPage in D:\XAMPP\htdocs\eimbox-dashboard\eimbox-materio\core\package_checker.php on line 103
[13-Jan-2026 23:34:07 Asia/Dhaka] PHP ERROR [2]: Undefined variable $totalDurationAll in D:\XAMPP\htdocs\eimbox-dashboard\eimbox-materio\core\package_checker.php on line 104
[13-Jan-2026 23:34:07 Asia/Dhaka] PHP ERROR [2]: Undefined variable $totalRecordsPage in D:\XAMPP\htdocs\eimbox-dashboard\eimbox-materio\core\package_checker.php on line 105
[13-Jan-2026 23:34:07 Asia/Dhaka] PHP ERROR [2]: Undefined variable $monitorPanel in D:\XAMPP\htdocs\eimbox-dashboard\eimbox-materio\footer.php on line 157
[13-Jan-2026 23:37:16 Asia/Dhaka] PHP ERROR [2]: Undefined variable $totalDurationPage in D:\XAMPP\htdocs\eimbox-dashboard\eimbox-materio\core\package_checker.php on line 103
[13-Jan-2026 23:37:16 Asia/Dhaka] PHP ERROR [2]: Undefined variable $totalDurationAll in D:\XAMPP\htdocs\eimbox-dashboard\eimbox-materio\core\package_checker.php on line 104
[13-Jan-2026 23:37:16 Asia/Dhaka] PHP ERROR [2]: Undefined variable $totalRecordsPage in D:\XAMPP\htdocs\eimbox-dashboard\eimbox-materio\core\package_checker.php on line 105
[13-Jan-2026 23:37:17 Asia/Dhaka] PHP ERROR [2]: Undefined variable $monitorPanel in D:\XAMPP\htdocs\eimbox-dashboard\eimbox-materio\footer.php on line 157
[13-Jan-2026 23:37:43 Asia/Dhaka] PHP ERROR [2]: Undefined variable $totalDurationPage in D:\XAMPP\htdocs\eimbox-dashboard\eimbox-materio\core\package_checker.php on line 103
[13-Jan-2026 23:37:43 Asia/Dhaka] PHP ERROR [2]: Undefined variable $totalDurationAll in D:\XAMPP\htdocs\eimbox-dashboard\eimbox-materio\core\package_checker.php on line 104
[13-Jan-2026 23:37:43 Asia/Dhaka] PHP ERROR [2]: Undefined variable $totalRecordsPage in D:\XAMPP\htdocs\eimbox-dashboard\eimbox-materio\core\package_checker.php on line 105
[13-Jan-2026 23:37:43 Asia/Dhaka] PHP ERROR [2]: Undefined variable $monitorPanel in D:\XAMPP\htdocs\eimbox-dashboard\eimbox-materio\footer.php on line 157
[13-Jan-2026 23:37:47 Asia/Dhaka] PHP ERROR [2]: Undefined variable $totalDurationPage in D:\XAMPP\htdocs\eimbox-dashboard\eimbox-materio\core\package_checker.php on line 103
[13-Jan-2026 23:37:47 Asia/Dhaka] PHP ERROR [2]: Undefined variable $totalDurationAll in D:\XAMPP\htdocs\eimbox-dashboard\eimbox-materio\core\package_checker.php on line 104
[13-Jan-2026 23:37:47 Asia/Dhaka] PHP ERROR [2]: Undefined variable $totalRecordsPage in D:\XAMPP\htdocs\eimbox-dashboard\eimbox-materio\core\package_checker.php on line 105
[13-Jan-2026 23:37:47 Asia/Dhaka] PHP ERROR [2]: Undefined variable $monitorPanel in D:\XAMPP\htdocs\eimbox-dashboard\eimbox-materio\footer.php on line 157
[13-Jan-2026 23:40:33 Asia/Dhaka] PHP ERROR [2]: Undefined variable $totalDurationPage in D:\XAMPP\htdocs\eimbox-dashboard\eimbox-materio\core\package_checker.php on line 103
[13-Jan-2026 23:40:33 Asia/Dhaka] PHP ERROR [2]: Undefined variable $totalDurationAll in D:\XAMPP\htdocs\eimbox-dashboard\eimbox-materio\core\package_checker.php on line 104
[13-Jan-2026 23:40:33 Asia/Dhaka] PHP ERROR [2]: Undefined variable $totalRecordsPage in D:\XAMPP\htdocs\eimbox-dashboard\eimbox-materio\core\package_checker.php on line 105
[13-Jan-2026 23:40:33 Asia/Dhaka] PHP ERROR [2]: Undefined variable $monitorPanel in D:\XAMPP\htdocs\eimbox-dashboard\eimbox-materio\footer.php on line 157
[13-Jan-2026 23:43:51 Asia/Dhaka] PHP ERROR [2]: Undefined variable $totalDurationPage in D:\XAMPP\htdocs\eimbox-dashboard\eimbox-materio\core\package_checker.php on line 103
[13-Jan-2026 23:43:51 Asia/Dhaka] PHP ERROR [2]: Undefined variable $totalDurationAll in D:\XAMPP\htdocs\eimbox-dashboard\eimbox-materio\core\package_checker.php on line 104
[13-Jan-2026 23:43:51 Asia/Dhaka] PHP ERROR [2]: Undefined variable $totalRecordsPage in D:\XAMPP\htdocs\eimbox-dashboard\eimbox-materio\core\package_checker.php on line 105
[13-Jan-2026 23:43:51 Asia/Dhaka] PHP ERROR [2]: Undefined variable $monitorPanel in D:\XAMPP\htdocs\eimbox-dashboard\eimbox-materio\footer.php on line 157
[13-Jan-2026 23:43:56 Asia/Dhaka] PHP ERROR [2]: Undefined variable $totalDurationPage in D:\XAMPP\htdocs\eimbox-dashboard\eimbox-materio\core\package_checker.php on line 103
[13-Jan-2026 23:43:56 Asia/Dhaka] PHP ERROR [2]: Undefined variable $totalDurationAll in D:\XAMPP\htdocs\eimbox-dashboard\eimbox-materio\core\package_checker.php on line 104
[13-Jan-2026 23:43:56 Asia/Dhaka] PHP ERROR [2]: Undefined variable $totalRecordsPage in D:\XAMPP\htdocs\eimbox-dashboard\eimbox-materio\core\package_checker.php on line 105
[13-Jan-2026 23:43:56 Asia/Dhaka] PHP ERROR [2]: Undefined variable $monitorPanel in D:\XAMPP\htdocs\eimbox-dashboard\eimbox-materio\footer.php on line 157
[13-Jan-2026 23:44:19 Asia/Dhaka] PHP ERROR [2]: Undefined variable $totalDurationPage in D:\XAMPP\htdocs\eimbox-dashboard\eimbox-materio\core\package_checker.php on line 103
[13-Jan-2026 23:44:19 Asia/Dhaka] PHP ERROR [2]: Undefined variable $totalDurationAll in D:\XAMPP\htdocs\eimbox-dashboard\eimbox-materio\core\package_checker.php on line 104
[13-Jan-2026 23:44:19 Asia/Dhaka] PHP ERROR [2]: Undefined variable $totalRecordsPage in D:\XAMPP\htdocs\eimbox-dashboard\eimbox-materio\core\package_checker.php on line 105
[13-Jan-2026 23:44:19 Asia/Dhaka] PHP ERROR [2]: Undefined variable $monitorPanel in D:\XAMPP\htdocs\eimbox-dashboard\eimbox-materio\footer.php on line 157
[13-Jan-2026 23:44:21 Asia/Dhaka] PHP ERROR [2]: Undefined variable $totalDurationPage in D:\XAMPP\htdocs\eimbox-dashboard\eimbox-materio\core\package_checker.php on line 103
[13-Jan-2026 23:44:21 Asia/Dhaka] PHP ERROR [2]: Undefined variable $totalDurationAll in D:\XAMPP\htdocs\eimbox-dashboard\eimbox-materio\core\package_checker.php on line 104
[13-Jan-2026 23:44:21 Asia/Dhaka] PHP ERROR [2]: Undefined variable $totalRecordsPage in D:\XAMPP\htdocs\eimbox-dashboard\eimbox-materio\core\package_checker.php on line 105
[13-Jan-2026 23:44:21 Asia/Dhaka] PHP ERROR [2]: Undefined variable $monitorPanel in D:\XAMPP\htdocs\eimbox-dashboard\eimbox-materio\footer.php on line 157
[13-Jan-2026 23:44:30 Asia/Dhaka] PHP ERROR [2]: Undefined variable $totalDurationPage in D:\XAMPP\htdocs\eimbox-dashboard\eimbox-materio\core\package_checker.php on line 103
[13-Jan-2026 23:44:30 Asia/Dhaka] PHP ERROR [2]: Undefined variable $totalDurationAll in D:\XAMPP\htdocs\eimbox-dashboard\eimbox-materio\core\package_checker.php on line 104
[13-Jan-2026 23:44:30 Asia/Dhaka] PHP ERROR [2]: Undefined variable $totalRecordsPage in D:\XAMPP\htdocs\eimbox-dashboard\eimbox-materio\core\package_checker.php on line 105
[13-Jan-2026 23:44:30 Asia/Dhaka] PHP ERROR [2]: Undefined variable $monitorPanel in D:\XAMPP\htdocs\eimbox-dashboard\eimbox-materio\footer.php on line 157
[13-Jan-2026 23:45:15 Asia/Dhaka] PHP ERROR [2]: Undefined variable $totalDurationPage in D:\XAMPP\htdocs\eimbox-dashboard\eimbox-materio\core\package_checker.php on line 103
[13-Jan-2026 23:45:15 Asia/Dhaka] PHP ERROR [2]: Undefined variable $totalDurationAll in D:\XAMPP\htdocs\eimbox-dashboard\eimbox-materio\core\package_checker.php on line 104
[13-Jan-2026 23:45:15 Asia/Dhaka] PHP ERROR [2]: Undefined variable $totalRecordsPage in D:\XAMPP\htdocs\eimbox-dashboard\eimbox-materio\core\package_checker.php on line 105
[13-Jan-2026 23:45:15 Asia/Dhaka] PHP ERROR [2]: Undefined variable $monitorPanel in D:\XAMPP\htdocs\eimbox-dashboard\eimbox-materio\footer.php on line 157
[13-Jan-2026 23:46:46 Asia/Dhaka] PHP ERROR [2]: Undefined variable $totalDurationPage in D:\XAMPP\htdocs\eimbox-dashboard\eimbox-materio\core\package_checker.php on line 103
[13-Jan-2026 23:46:46 Asia/Dhaka] PHP ERROR [2]: Undefined variable $totalDurationAll in D:\XAMPP\htdocs\eimbox-dashboard\eimbox-materio\core\package_checker.php on line 104
[13-Jan-2026 23:46:46 Asia/Dhaka] PHP ERROR [2]: Undefined variable $totalRecordsPage in D:\XAMPP\htdocs\eimbox-dashboard\eimbox-materio\core\package_checker.php on line 105
[13-Jan-2026 23:46:47 Asia/Dhaka] PHP ERROR [2]: Undefined variable $monitorPanel in D:\XAMPP\htdocs\eimbox-dashboard\eimbox-materio\footer.php on line 157
[13-Jan-2026 23:51:10 Asia/Dhaka] PHP ERROR [2]: Undefined variable $totalDurationPage in D:\XAMPP\htdocs\eimbox-dashboard\eimbox-materio\core\package_checker.php on line 103
[13-Jan-2026 23:51:10 Asia/Dhaka] PHP ERROR [2]: Undefined variable $totalDurationAll in D:\XAMPP\htdocs\eimbox-dashboard\eimbox-materio\core\package_checker.php on line 104
[13-Jan-2026 23:51:10 Asia/Dhaka] PHP ERROR [2]: Undefined variable $totalRecordsPage in D:\XAMPP\htdocs\eimbox-dashboard\eimbox-materio\core\package_checker.php on line 105
[13-Jan-2026 23:51:10 Asia/Dhaka] PHP ERROR [2]: Undefined variable $monitorPanel in D:\XAMPP\htdocs\eimbox-dashboard\eimbox-materio\footer.php on line 157
[13-Jan-2026 23:51:48 Asia/Dhaka] PHP ERROR [2]: Undefined variable $totalDurationPage in D:\XAMPP\htdocs\eimbox-dashboard\eimbox-materio\core\package_checker.php on line 103
[13-Jan-2026 23:51:48 Asia/Dhaka] PHP ERROR [2]: Undefined variable $totalDurationAll in D:\XAMPP\htdocs\eimbox-dashboard\eimbox-materio\core\package_checker.php on line 104
[13-Jan-2026 23:51:48 Asia/Dhaka] PHP ERROR [2]: Undefined variable $totalRecordsPage in D:\XAMPP\htdocs\eimbox-dashboard\eimbox-materio\core\package_checker.php on line 105
[13-Jan-2026 23:51:48 Asia/Dhaka] PHP ERROR [2]: Undefined variable $monitorPanel in D:\XAMPP\htdocs\eimbox-dashboard\eimbox-materio\footer.php on line 157
[13-Jan-2026 23:55:26 Asia/Dhaka] PHP ERROR [2]: Undefined variable $totalDurationPage in D:\XAMPP\htdocs\eimbox-dashboard\eimbox-materio\core\package_checker.php on line 103
[13-Jan-2026 23:55:26 Asia/Dhaka] PHP ERROR [2]: Undefined variable $totalDurationAll in D:\XAMPP\htdocs\eimbox-dashboard\eimbox-materio\core\package_checker.php on line 104
[13-Jan-2026 23:55:26 Asia/Dhaka] PHP ERROR [2]: Undefined variable $totalRecordsPage in D:\XAMPP\htdocs\eimbox-dashboard\eimbox-materio\core\package_checker.php on line 105
[13-Jan-2026 23:55:26 Asia/Dhaka] PHP ERROR [2]: Undefined variable $monitorPanel in D:\XAMPP\htdocs\eimbox-dashboard\eimbox-materio\footer.php on line 157
[13-Jan-2026 23:57:20 Asia/Dhaka] PHP ERROR [2]: Undefined variable $totalDurationPage in D:\XAMPP\htdocs\eimbox-dashboard\eimbox-materio\core\package_checker.php on line 103
[13-Jan-2026 23:57:20 Asia/Dhaka] PHP ERROR [2]: Undefined variable $totalDurationAll in D:\XAMPP\htdocs\eimbox-dashboard\eimbox-materio\core\package_checker.php on line 104
[13-Jan-2026 23:57:20 Asia/Dhaka] PHP ERROR [2]: Undefined variable $totalRecordsPage in D:\XAMPP\htdocs\eimbox-dashboard\eimbox-materio\core\package_checker.php on line 105
[13-Jan-2026 23:57:20 Asia/Dhaka] PHP ERROR [2]: Undefined variable $monitorPanel in D:\XAMPP\htdocs\eimbox-dashboard\eimbox-materio\footer.php on line 157
[13-Jan-2026 23:58:30 Asia/Dhaka] PHP ERROR [2]: Undefined variable $totalDurationPage in D:\XAMPP\htdocs\eimbox-dashboard\eimbox-materio\core\package_checker.php on line 103
[13-Jan-2026 23:58:30 Asia/Dhaka] PHP ERROR [2]: Undefined variable $totalDurationAll in D:\XAMPP\htdocs\eimbox-dashboard\eimbox-materio\core\package_checker.php on line 104
[13-Jan-2026 23:58:30 Asia/Dhaka] PHP ERROR [2]: Undefined variable $totalRecordsPage in D:\XAMPP\htdocs\eimbox-dashboard\eimbox-materio\core\package_checker.php on line 105
[13-Jan-2026 23:58:31 Asia/Dhaka] PHP ERROR [2]: Undefined variable $monitorPanel in D:\XAMPP\htdocs\eimbox-dashboard\eimbox-materio\footer.php on line 157
[14-Jan-2026 00:00:23 Asia/Dhaka] PHP ERROR [2]: Undefined variable $totalDurationPage in D:\XAMPP\htdocs\eimbox-dashboard\eimbox-materio\core\package_checker.php on line 103
[14-Jan-2026 00:00:23 Asia/Dhaka] PHP ERROR [2]: Undefined variable $totalDurationAll in D:\XAMPP\htdocs\eimbox-dashboard\eimbox-materio\core\package_checker.php on line 104
[14-Jan-2026 00:00:23 Asia/Dhaka] PHP ERROR [2]: Undefined variable $totalRecordsPage in D:\XAMPP\htdocs\eimbox-dashboard\eimbox-materio\core\package_checker.php on line 105
[14-Jan-2026 00:00:23 Asia/Dhaka] PHP ERROR [2]: Undefined variable $monitorPanel in D:\XAMPP\htdocs\eimbox-dashboard\eimbox-materio\footer.php on line 157
[14-Jan-2026 00:00:48 Asia/Dhaka] PHP ERROR [2]: Undefined variable $totalDurationPage in D:\XAMPP\htdocs\eimbox-dashboard\eimbox-materio\core\package_checker.php on line 103
[14-Jan-2026 00:00:48 Asia/Dhaka] PHP ERROR [2]: Undefined variable $totalDurationAll in D:\XAMPP\htdocs\eimbox-dashboard\eimbox-materio\core\package_checker.php on line 104
[14-Jan-2026 00:00:48 Asia/Dhaka] PHP ERROR [2]: Undefined variable $totalRecordsPage in D:\XAMPP\htdocs\eimbox-dashboard\eimbox-materio\core\package_checker.php on line 105
[14-Jan-2026 00:00:48 Asia/Dhaka] PHP ERROR [2]: Undefined variable $monitorPanel in D:\XAMPP\htdocs\eimbox-dashboard\eimbox-materio\footer.php on line 157
[14-Jan-2026 00:01:19 Asia/Dhaka] PHP ERROR [2]: Undefined variable $totalDurationPage in D:\XAMPP\htdocs\eimbox-dashboard\eimbox-materio\core\package_checker.php on line 103
[14-Jan-2026 00:01:19 Asia/Dhaka] PHP ERROR [2]: Undefined variable $totalDurationAll in D:\XAMPP\htdocs\eimbox-dashboard\eimbox-materio\core\package_checker.php on line 104
[14-Jan-2026 00:01:19 Asia/Dhaka] PHP ERROR [2]: Undefined variable $totalRecordsPage in D:\XAMPP\htdocs\eimbox-dashboard\eimbox-materio\core\package_checker.php on line 105
[14-Jan-2026 00:01:19 Asia/Dhaka] PHP ERROR [2]: Undefined variable $monitorPanel in D:\XAMPP\htdocs\eimbox-dashboard\eimbox-materio\footer.php on line 157
[14-Jan-2026 00:04:30 Asia/Dhaka] PHP ERROR [2]: Undefined variable $totalDurationPage in D:\XAMPP\htdocs\eimbox-dashboard\eimbox-materio\core\package_checker.php on line 103
[14-Jan-2026 00:04:30 Asia/Dhaka] PHP ERROR [2]: Undefined variable $totalDurationAll in D:\XAMPP\htdocs\eimbox-dashboard\eimbox-materio\core\package_checker.php on line 104
[14-Jan-2026 00:04:30 Asia/Dhaka] PHP ERROR [2]: Undefined variable $totalRecordsPage in D:\XAMPP\htdocs\eimbox-dashboard\eimbox-materio\core\package_checker.php on line 105
[14-Jan-2026 00:04:30 Asia/Dhaka] PHP ERROR [2]: Undefined variable $monitorPanel in D:\XAMPP\htdocs\eimbox-dashboard\eimbox-materio\footer.php on line 157
[14-Jan-2026 00:04:55 Asia/Dhaka] PHP ERROR [2]: Undefined variable $totalDurationPage in D:\XAMPP\htdocs\eimbox-dashboard\eimbox-materio\core\package_checker.php on line 103
[14-Jan-2026 00:04:55 Asia/Dhaka] PHP ERROR [2]: Undefined variable $totalDurationAll in D:\XAMPP\htdocs\eimbox-dashboard\eimbox-materio\core\package_checker.php on line 104
[14-Jan-2026 00:04:55 Asia/Dhaka] PHP ERROR [2]: Undefined variable $totalRecordsPage in D:\XAMPP\htdocs\eimbox-dashboard\eimbox-materio\core\package_checker.php on line 105
[14-Jan-2026 00:04:55 Asia/Dhaka] PHP ERROR [2]: Undefined variable $monitorPanel in D:\XAMPP\htdocs\eimbox-dashboard\eimbox-materio\footer.php on line 157
[14-Jan-2026 00:05:17 Asia/Dhaka] PHP ERROR [2]: Undefined variable $totalDurationPage in D:\XAMPP\htdocs\eimbox-dashboard\eimbox-materio\core\package_checker.php on line 103
[14-Jan-2026 00:05:17 Asia/Dhaka] PHP ERROR [2]: Undefined variable $totalDurationAll in D:\XAMPP\htdocs\eimbox-dashboard\eimbox-materio\core\package_checker.php on line 104
[14-Jan-2026 00:05:17 Asia/Dhaka] PHP ERROR [2]: Undefined variable $totalRecordsPage in D:\XAMPP\htdocs\eimbox-dashboard\eimbox-materio\core\package_checker.php on line 105
[14-Jan-2026 00:05:17 Asia/Dhaka] PHP ERROR [2]: Undefined variable $monitorPanel in D:\XAMPP\htdocs\eimbox-dashboard\eimbox-materio\footer.php on line 157
[14-Jan-2026 00:18:31 Asia/Dhaka] PHP ERROR [2]: Undefined variable $totalDurationPage in D:\XAMPP\htdocs\eimbox-dashboard\eimbox-materio\core\package_checker.php on line 103
[14-Jan-2026 00:18:31 Asia/Dhaka] PHP ERROR [2]: Undefined variable $totalDurationAll in D:\XAMPP\htdocs\eimbox-dashboard\eimbox-materio\core\package_checker.php on line 104
[14-Jan-2026 00:18:31 Asia/Dhaka] PHP ERROR [2]: Undefined variable $totalRecordsPage in D:\XAMPP\htdocs\eimbox-dashboard\eimbox-materio\core\package_checker.php on line 105
[14-Jan-2026 00:18:32 Asia/Dhaka] PHP ERROR [2]: Undefined variable $monitorPanel in D:\XAMPP\htdocs\eimbox-dashboard\eimbox-materio\footer.php on line 157
[14-Jan-2026 00:25:16 Asia/Dhaka] PHP ERROR [2]: Undefined variable $totalDurationPage in D:\XAMPP\htdocs\eimbox-dashboard\eimbox-materio\core\package_checker.php on line 103
[14-Jan-2026 00:25:16 Asia/Dhaka] PHP ERROR [2]: Undefined variable $totalDurationAll in D:\XAMPP\htdocs\eimbox-dashboard\eimbox-materio\core\package_checker.php on line 104
[14-Jan-2026 00:25:16 Asia/Dhaka] PHP ERROR [2]: Undefined variable $totalRecordsPage in D:\XAMPP\htdocs\eimbox-dashboard\eimbox-materio\core\package_checker.php on line 105
[14-Jan-2026 00:25:16 Asia/Dhaka] PHP ERROR [2]: Undefined variable $monitorPanel in D:\XAMPP\htdocs\eimbox-dashboard\eimbox-materio\footer.php on line 157
[14-Jan-2026 00:30:36 Asia/Dhaka] PHP ERROR [2]: Undefined variable $totalDurationPage in D:\XAMPP\htdocs\eimbox-dashboard\eimbox-materio\core\package_checker.php on line 103
[14-Jan-2026 00:30:36 Asia/Dhaka] PHP ERROR [2]: Undefined variable $totalDurationAll in D:\XAMPP\htdocs\eimbox-dashboard\eimbox-materio\core\package_checker.php on line 104
[14-Jan-2026 00:30:36 Asia/Dhaka] PHP ERROR [2]: Undefined variable $totalRecordsPage in D:\XAMPP\htdocs\eimbox-dashboard\eimbox-materio\core\package_checker.php on line 105
[14-Jan-2026 00:30:36 Asia/Dhaka] PHP ERROR [2]: Undefined variable $monitorPanel in D:\XAMPP\htdocs\eimbox-dashboard\eimbox-materio\footer.php on line 157
[14-Jan-2026 00:31:36 Asia/Dhaka] PHP ERROR [2]: Undefined variable $totalDurationPage in D:\XAMPP\htdocs\eimbox-dashboard\eimbox-materio\core\package_checker.php on line 103
[14-Jan-2026 00:31:36 Asia/Dhaka] PHP ERROR [2]: Undefined variable $totalDurationAll in D:\XAMPP\htdocs\eimbox-dashboard\eimbox-materio\core\package_checker.php on line 104
[14-Jan-2026 00:31:36 Asia/Dhaka] PHP ERROR [2]: Undefined variable $totalRecordsPage in D:\XAMPP\htdocs\eimbox-dashboard\eimbox-materio\core\package_checker.php on line 105
[14-Jan-2026 00:31:36 Asia/Dhaka] PHP ERROR [2]: Undefined variable $monitorPanel in D:\XAMPP\htdocs\eimbox-dashboard\eimbox-materio\footer.php on line 157
[14-Jan-2026 00:37:06 Asia/Dhaka] PHP ERROR [2]: Undefined variable $totalDurationPage in D:\XAMPP\htdocs\eimbox-dashboard\eimbox-materio\core\package_checker.php on line 103
[14-Jan-2026 00:37:06 Asia/Dhaka] PHP ERROR [2]: Undefined variable $totalDurationAll in D:\XAMPP\htdocs\eimbox-dashboard\eimbox-materio\core\package_checker.php on line 104
[14-Jan-2026 00:37:06 Asia/Dhaka] PHP ERROR [2]: Undefined variable $totalRecordsPage in D:\XAMPP\htdocs\eimbox-dashboard\eimbox-materio\core\package_checker.php on line 105
[14-Jan-2026 00:37:06 Asia/Dhaka] PHP ERROR [2]: Undefined variable $monitorPanel in D:\XAMPP\htdocs\eimbox-dashboard\eimbox-materio\footer.php on line 157
[14-Jan-2026 00:37:10 Asia/Dhaka] PHP ERROR [2]: Undefined variable $totalDurationPage in D:\XAMPP\htdocs\eimbox-dashboard\eimbox-materio\core\package_checker.php on line 103
[14-Jan-2026 00:37:10 Asia/Dhaka] PHP ERROR [2]: Undefined variable $totalDurationAll in D:\XAMPP\htdocs\eimbox-dashboard\eimbox-materio\core\package_checker.php on line 104
[14-Jan-2026 00:37:10 Asia/Dhaka] PHP ERROR [2]: Undefined variable $totalRecordsPage in D:\XAMPP\htdocs\eimbox-dashboard\eimbox-materio\core\package_checker.php on line 105
[14-Jan-2026 00:37:10 Asia/Dhaka] PHP ERROR [2]: Undefined variable $monitorPanel in D:\XAMPP\htdocs\eimbox-dashboard\eimbox-materio\footer.php on line 157
[14-Jan-2026 00:40:39 Asia/Dhaka] PHP ERROR [2]: Undefined variable $totalDurationPage in D:\XAMPP\htdocs\eimbox-dashboard\eimbox-materio\core\package_checker.php on line 69
[14-Jan-2026 00:40:39 Asia/Dhaka] PHP ERROR [2]: Undefined variable $totalDurationAll in D:\XAMPP\htdocs\eimbox-dashboard\eimbox-materio\core\package_checker.php on line 69
[14-Jan-2026 00:40:39 Asia/Dhaka] PHP ERROR [2]: Undefined variable $totalRecordsPage in D:\XAMPP\htdocs\eimbox-dashboard\eimbox-materio\core\package_checker.php on line 69
[14-Jan-2026 00:40:39 Asia/Dhaka] PHP ERROR [2]: Undefined variable $totalDurationPage in D:\XAMPP\htdocs\eimbox-dashboard\eimbox-materio\core\package_checker.php on line 103
[14-Jan-2026 00:40:39 Asia/Dhaka] PHP ERROR [2]: Undefined variable $totalDurationAll in D:\XAMPP\htdocs\eimbox-dashboard\eimbox-materio\core\package_checker.php on line 104
[14-Jan-2026 00:40:39 Asia/Dhaka] PHP ERROR [2]: Undefined variable $totalRecordsPage in D:\XAMPP\htdocs\eimbox-dashboard\eimbox-materio\core\package_checker.php on line 105
[14-Jan-2026 00:40:39 Asia/Dhaka] PHP ERROR [2]: Undefined variable $monitorPanel in D:\XAMPP\htdocs\eimbox-dashboard\eimbox-materio\footer.php on line 157
[14-Jan-2026 00:44:24 Asia/Dhaka] PHP ERROR [2]: Undefined variable $totalDurationPage in D:\XAMPP\htdocs\eimbox-dashboard\eimbox-materio\core\package_checker.php on line 103
[14-Jan-2026 00:44:24 Asia/Dhaka] PHP ERROR [2]: Undefined variable $totalDurationAll in D:\XAMPP\htdocs\eimbox-dashboard\eimbox-materio\core\package_checker.php on line 104
[14-Jan-2026 00:44:24 Asia/Dhaka] PHP ERROR [2]: Undefined variable $totalRecordsPage in D:\XAMPP\htdocs\eimbox-dashboard\eimbox-materio\core\package_checker.php on line 105
[14-Jan-2026 00:44:24 Asia/Dhaka] PHP ERROR [2]: Undefined variable $monitorPanel in D:\XAMPP\htdocs\eimbox-dashboard\eimbox-materio\footer.php on line 157
[14-Jan-2026 00:46:21 Asia/Dhaka] PHP ERROR [2]: Undefined variable $totalDurationPage in D:\XAMPP\htdocs\eimbox-dashboard\eimbox-materio\core\package_checker.php on line 103
[14-Jan-2026 00:46:21 Asia/Dhaka] PHP ERROR [2]: Undefined variable $totalDurationAll in D:\XAMPP\htdocs\eimbox-dashboard\eimbox-materio\core\package_checker.php on line 104
[14-Jan-2026 00:46:21 Asia/Dhaka] PHP ERROR [2]: Undefined variable $totalRecordsPage in D:\XAMPP\htdocs\eimbox-dashboard\eimbox-materio\core\package_checker.php on line 105
[14-Jan-2026 00:46:21 Asia/Dhaka] PHP ERROR [2]: Undefined variable $monitorPanel in D:\XAMPP\htdocs\eimbox-dashboard\eimbox-materio\footer.php on line 157
[14-Jan-2026 00:47:36 Asia/Dhaka] PHP ERROR [2]: Undefined variable $totalDurationPage in D:\XAMPP\htdocs\eimbox-dashboard\eimbox-materio\core\package_checker.php on line 103
[14-Jan-2026 00:47:36 Asia/Dhaka] PHP ERROR [2]: Undefined variable $totalDurationAll in D:\XAMPP\htdocs\eimbox-dashboard\eimbox-materio\core\package_checker.php on line 104
[14-Jan-2026 00:47:36 Asia/Dhaka] PHP ERROR [2]: Undefined variable $totalRecordsPage in D:\XAMPP\htdocs\eimbox-dashboard\eimbox-materio\core\package_checker.php on line 105
[14-Jan-2026 00:47:36 Asia/Dhaka] PHP ERROR [2]: Undefined variable $monitorPanel in D:\XAMPP\htdocs\eimbox-dashboard\eimbox-materio\footer.php on line 157
[14-Jan-2026 00:55:37 Asia/Dhaka] PHP ERROR [2]: Undefined variable $totalDurationPage in D:\XAMPP\htdocs\eimbox-dashboard\eimbox-materio\core\package_checker.php on line 103
[14-Jan-2026 00:55:37 Asia/Dhaka] PHP ERROR [2]: Undefined variable $totalDurationAll in D:\XAMPP\htdocs\eimbox-dashboard\eimbox-materio\core\package_checker.php on line 104
[14-Jan-2026 00:55:37 Asia/Dhaka] PHP ERROR [2]: Undefined variable $totalRecordsPage in D:\XAMPP\htdocs\eimbox-dashboard\eimbox-materio\core\package_checker.php on line 105
[14-Jan-2026 00:55:37 Asia/Dhaka] PHP ERROR [2]: Undefined variable $monitorPanel in D:\XAMPP\htdocs\eimbox-dashboard\eimbox-materio\footer.php on line 157
[14-Jan-2026 00:56:46 Asia/Dhaka] PHP ERROR [2]: Undefined variable $totalDurationPage in D:\XAMPP\htdocs\eimbox-dashboard\eimbox-materio\core\package_checker.php on line 103
[14-Jan-2026 00:56:46 Asia/Dhaka] PHP ERROR [2]: Undefined variable $totalDurationAll in D:\XAMPP\htdocs\eimbox-dashboard\eimbox-materio\core\package_checker.php on line 104
[14-Jan-2026 00:56:46 Asia/Dhaka] PHP ERROR [2]: Undefined variable $totalRecordsPage in D:\XAMPP\htdocs\eimbox-dashboard\eimbox-materio\core\package_checker.php on line 105
[14-Jan-2026 00:56:46 Asia/Dhaka] PHP ERROR [2]: Undefined variable $monitorPanel in D:\XAMPP\htdocs\eimbox-dashboard\eimbox-materio\footer.php on line 157
[14-Jan-2026 00:57:06 Asia/Dhaka] PHP ERROR [2]: Undefined variable $totalDurationPage in D:\XAMPP\htdocs\eimbox-dashboard\eimbox-materio\core\package_checker.php on line 103
[14-Jan-2026 00:57:06 Asia/Dhaka] PHP ERROR [2]: Undefined variable $totalDurationAll in D:\XAMPP\htdocs\eimbox-dashboard\eimbox-materio\core\package_checker.php on line 104
[14-Jan-2026 00:57:06 Asia/Dhaka] PHP ERROR [2]: Undefined variable $totalRecordsPage in D:\XAMPP\htdocs\eimbox-dashboard\eimbox-materio\core\package_checker.php on line 105
[14-Jan-2026 00:57:06 Asia/Dhaka] PHP ERROR [2]: Undefined variable $monitorPanel in D:\XAMPP\htdocs\eimbox-dashboard\eimbox-materio\footer.php on line 157
[14-Jan-2026 00:57:42 Asia/Dhaka] PHP ERROR [2]: Undefined variable $totalDurationPage in D:\XAMPP\htdocs\eimbox-dashboard\eimbox-materio\core\package_checker.php on line 103
[14-Jan-2026 00:57:42 Asia/Dhaka] PHP ERROR [2]: Undefined variable $totalDurationAll in D:\XAMPP\htdocs\eimbox-dashboard\eimbox-materio\core\package_checker.php on line 104
[14-Jan-2026 00:57:42 Asia/Dhaka] PHP ERROR [2]: Undefined variable $totalRecordsPage in D:\XAMPP\htdocs\eimbox-dashboard\eimbox-materio\core\package_checker.php on line 105
[14-Jan-2026 00:57:42 Asia/Dhaka] PHP ERROR [2]: Undefined variable $monitorPanel in D:\XAMPP\htdocs\eimbox-dashboard\eimbox-materio\footer.php on line 157
[14-Jan-2026 00:58:07 Asia/Dhaka] PHP ERROR [2]: Undefined variable $totalDurationPage in D:\XAMPP\htdocs\eimbox-dashboard\eimbox-materio\core\package_checker.php on line 103
[14-Jan-2026 00:58:07 Asia/Dhaka] PHP ERROR [2]: Undefined variable $totalDurationAll in D:\XAMPP\htdocs\eimbox-dashboard\eimbox-materio\core\package_checker.php on line 104
[14-Jan-2026 00:58:07 Asia/Dhaka] PHP ERROR [2]: Undefined variable $totalRecordsPage in D:\XAMPP\htdocs\eimbox-dashboard\eimbox-materio\core\package_checker.php on line 105
[14-Jan-2026 00:58:07 Asia/Dhaka] PHP ERROR [2]: Undefined variable $monitorPanel in D:\XAMPP\htdocs\eimbox-dashboard\eimbox-materio\footer.php on line 157
[14-Jan-2026 00:58:09 Asia/Dhaka] Uncaught Exception: Table 'secure_auth.calendar' doesn't exist in D:\XAMPP\htdocs\eimbox-dashboard\eimbox-materio\attendance\fetch-attnd-register.php on line 46
[14-Jan-2026 00:59:20 Asia/Dhaka] PHP ERROR [2]: Undefined variable $totalDurationPage in D:\XAMPP\htdocs\eimbox-dashboard\eimbox-materio\core\package_checker.php on line 103
[14-Jan-2026 00:59:20 Asia/Dhaka] PHP ERROR [2]: Undefined variable $totalDurationAll in D:\XAMPP\htdocs\eimbox-dashboard\eimbox-materio\core\package_checker.php on line 104
[14-Jan-2026 00:59:20 Asia/Dhaka] PHP ERROR [2]: Undefined variable $totalRecordsPage in D:\XAMPP\htdocs\eimbox-dashboard\eimbox-materio\core\package_checker.php on line 105
[14-Jan-2026 00:59:20 Asia/Dhaka] PHP ERROR [2]: Undefined variable $monitorPanel in D:\XAMPP\htdocs\eimbox-dashboard\eimbox-materio\footer.php on line 157
[14-Jan-2026 00:59:54 Asia/Dhaka] PHP ERROR [2]: Undefined variable $totalDurationPage in D:\XAMPP\htdocs\eimbox-dashboard\eimbox-materio\core\package_checker.php on line 103
[14-Jan-2026 00:59:54 Asia/Dhaka] PHP ERROR [2]: Undefined variable $totalDurationAll in D:\XAMPP\htdocs\eimbox-dashboard\eimbox-materio\core\package_checker.php on line 104
[14-Jan-2026 00:59:54 Asia/Dhaka] PHP ERROR [2]: Undefined variable $totalRecordsPage in D:\XAMPP\htdocs\eimbox-dashboard\eimbox-materio\core\package_checker.php on line 105
[14-Jan-2026 00:59:54 Asia/Dhaka] PHP ERROR [2]: Undefined variable $monitorPanel in D:\XAMPP\htdocs\eimbox-dashboard\eimbox-materio\footer.php on line 157
[14-Jan-2026 01:32:56 Asia/Dhaka] PHP ERROR [2]: Undefined variable $totalDurationPage in D:\XAMPP\htdocs\eimbox-dashboard\eimbox-materio\core\package_checker.php on line 103
[14-Jan-2026 01:32:56 Asia/Dhaka] PHP ERROR [2]: Undefined variable $totalDurationAll in D:\XAMPP\htdocs\eimbox-dashboard\eimbox-materio\core\package_checker.php on line 104
[14-Jan-2026 01:32:56 Asia/Dhaka] PHP ERROR [2]: Undefined variable $totalRecordsPage in D:\XAMPP\htdocs\eimbox-dashboard\eimbox-materio\core\package_checker.php on line 105
[14-Jan-2026 01:32:56 Asia/Dhaka] PHP ERROR [2]: Undefined variable $monitorPanel in D:\XAMPP\htdocs\eimbox-dashboard\eimbox-materio\footer.php on line 157
[14-Jan-2026 01:34:40 Asia/Dhaka] PHP ERROR [2]: Undefined variable $totalDurationPage in D:\XAMPP\htdocs\eimbox-dashboard\eimbox-materio\core\package_checker.php on line 103
[14-Jan-2026 01:34:40 Asia/Dhaka] PHP ERROR [2]: Undefined variable $totalDurationAll in D:\XAMPP\htdocs\eimbox-dashboard\eimbox-materio\core\package_checker.php on line 104
[14-Jan-2026 01:34:40 Asia/Dhaka] PHP ERROR [2]: Undefined variable $totalRecordsPage in D:\XAMPP\htdocs\eimbox-dashboard\eimbox-materio\core\package_checker.php on line 105
[14-Jan-2026 01:34:40 Asia/Dhaka] PHP ERROR [2]: Undefined variable $monitorPanel in D:\XAMPP\htdocs\eimbox-dashboard\eimbox-materio\footer.php on line 157
[14-Jan-2026 01:35:12 Asia/Dhaka] PHP ERROR [2]: Undefined variable $totalDurationPage in D:\XAMPP\htdocs\eimbox-dashboard\eimbox-materio\core\package_checker.php on line 103
[14-Jan-2026 01:35:12 Asia/Dhaka] PHP ERROR [2]: Undefined variable $totalDurationAll in D:\XAMPP\htdocs\eimbox-dashboard\eimbox-materio\core\package_checker.php on line 104
[14-Jan-2026 01:35:12 Asia/Dhaka] PHP ERROR [2]: Undefined variable $totalRecordsPage in D:\XAMPP\htdocs\eimbox-dashboard\eimbox-materio\core\package_checker.php on line 105
[14-Jan-2026 01:35:12 Asia/Dhaka] PHP ERROR [2]: Undefined variable $monitorPanel in D:\XAMPP\htdocs\eimbox-dashboard\eimbox-materio\footer.php on line 157
[14-Jan-2026 01:36:15 Asia/Dhaka] PHP ERROR [2]: Undefined variable $totalDurationPage in D:\XAMPP\htdocs\eimbox-dashboard\eimbox-materio\core\package_checker.php on line 103
[14-Jan-2026 01:36:15 Asia/Dhaka] PHP ERROR [2]: Undefined variable $totalDurationAll in D:\XAMPP\htdocs\eimbox-dashboard\eimbox-materio\core\package_checker.php on line 104
[14-Jan-2026 01:36:15 Asia/Dhaka] PHP ERROR [2]: Undefined variable $totalRecordsPage in D:\XAMPP\htdocs\eimbox-dashboard\eimbox-materio\core\package_checker.php on line 105
[14-Jan-2026 01:36:15 Asia/Dhaka] PHP ERROR [2]: Undefined variable $monitorPanel in D:\XAMPP\htdocs\eimbox-dashboard\eimbox-materio\footer.php on line 157
[14-Jan-2026 01:39:12 Asia/Dhaka] PHP ERROR [2]: Undefined variable $totalDurationPage in D:\XAMPP\htdocs\eimbox-dashboard\eimbox-materio\core\package_checker.php on line 69
[14-Jan-2026 01:39:12 Asia/Dhaka] PHP ERROR [2]: Undefined variable $totalDurationAll in D:\XAMPP\htdocs\eimbox-dashboard\eimbox-materio\core\package_checker.php on line 69
[14-Jan-2026 01:39:12 Asia/Dhaka] PHP ERROR [2]: Undefined variable $totalRecordsPage in D:\XAMPP\htdocs\eimbox-dashboard\eimbox-materio\core\package_checker.php on line 69
[14-Jan-2026 01:39:12 Asia/Dhaka] PHP ERROR [2]: Undefined variable $totalDurationPage in D:\XAMPP\htdocs\eimbox-dashboard\eimbox-materio\core\package_checker.php on line 103
[14-Jan-2026 01:39:12 Asia/Dhaka] PHP ERROR [2]: Undefined variable $totalDurationAll in D:\XAMPP\htdocs\eimbox-dashboard\eimbox-materio\core\package_checker.php on line 104
[14-Jan-2026 01:39:12 Asia/Dhaka] PHP ERROR [2]: Undefined variable $totalRecordsPage in D:\XAMPP\htdocs\eimbox-dashboard\eimbox-materio\core\package_checker.php on line 105
[14-Jan-2026 01:39:13 Asia/Dhaka] PHP ERROR [2]: Undefined variable $monitorPanel in D:\XAMPP\htdocs\eimbox-dashboard\eimbox-materio\footer.php on line 157
[14-Jan-2026 01:39:15 Asia/Dhaka] PHP ERROR [2]: Undefined variable $totalDurationPage in D:\XAMPP\htdocs\eimbox-dashboard\eimbox-materio\core\package_checker.php on line 103
[14-Jan-2026 01:39:15 Asia/Dhaka] PHP ERROR [2]: Undefined variable $totalDurationAll in D:\XAMPP\htdocs\eimbox-dashboard\eimbox-materio\core\package_checker.php on line 104
[14-Jan-2026 01:39:15 Asia/Dhaka] PHP ERROR [2]: Undefined variable $totalRecordsPage in D:\XAMPP\htdocs\eimbox-dashboard\eimbox-materio\core\package_checker.php on line 105
[14-Jan-2026 01:39:15 Asia/Dhaka] PHP ERROR [2]: Undefined variable $monitorPanel in D:\XAMPP\htdocs\eimbox-dashboard\eimbox-materio\footer.php on line 157
[14-Jan-2026 01:40:37 Asia/Dhaka] PHP ERROR [2]: Undefined variable $totalDurationPage in D:\XAMPP\htdocs\eimbox-dashboard\eimbox-materio\core\package_checker.php on line 103
[14-Jan-2026 01:40:37 Asia/Dhaka] PHP ERROR [2]: Undefined variable $totalDurationAll in D:\XAMPP\htdocs\eimbox-dashboard\eimbox-materio\core\package_checker.php on line 104
[14-Jan-2026 01:40:37 Asia/Dhaka] PHP ERROR [2]: Undefined variable $totalRecordsPage in D:\XAMPP\htdocs\eimbox-dashboard\eimbox-materio\core\package_checker.php on line 105
[14-Jan-2026 01:40:37 Asia/Dhaka] PHP ERROR [2]: Undefined variable $monitorPanel in D:\XAMPP\htdocs\eimbox-dashboard\eimbox-materio\footer.php on line 157
[14-Jan-2026 01:49:54 Asia/Dhaka] PHP ERROR [2]: Undefined variable $totalDurationPage in D:\XAMPP\htdocs\eimbox-dashboard\eimbox-materio\core\package_checker.php on line 103
[14-Jan-2026 01:49:54 Asia/Dhaka] PHP ERROR [2]: Undefined variable $totalDurationAll in D:\XAMPP\htdocs\eimbox-dashboard\eimbox-materio\core\package_checker.php on line 104
[14-Jan-2026 01:49:54 Asia/Dhaka] PHP ERROR [2]: Undefined variable $totalRecordsPage in D:\XAMPP\htdocs\eimbox-dashboard\eimbox-materio\core\package_checker.php on line 105
[14-Jan-2026 01:49:54 Asia/Dhaka] PHP ERROR [2]: Undefined variable $monitorPanel in D:\XAMPP\htdocs\eimbox-dashboard\eimbox-materio\footer.php on line 157
[14-Jan-2026 01:52:53 Asia/Dhaka] PHP ERROR [2]: Undefined variable $totalDurationPage in D:\XAMPP\htdocs\eimbox-dashboard\eimbox-materio\core\package_checker.php on line 103
[14-Jan-2026 01:52:53 Asia/Dhaka] PHP ERROR [2]: Undefined variable $totalDurationAll in D:\XAMPP\htdocs\eimbox-dashboard\eimbox-materio\core\package_checker.php on line 104
[14-Jan-2026 01:52:53 Asia/Dhaka] PHP ERROR [2]: Undefined variable $totalRecordsPage in D:\XAMPP\htdocs\eimbox-dashboard\eimbox-materio\core\package_checker.php on line 105
[14-Jan-2026 01:52:53 Asia/Dhaka] PHP ERROR [2]: Undefined variable $monitorPanel in D:\XAMPP\htdocs\eimbox-dashboard\eimbox-materio\footer.php on line 157
[14-Jan-2026 01:55:08 Asia/Dhaka] PHP ERROR [2]: Undefined variable $totalDurationPage in D:\XAMPP\htdocs\eimbox-dashboard\eimbox-materio\core\package_checker.php on line 103
[14-Jan-2026 01:55:08 Asia/Dhaka] PHP ERROR [2]: Undefined variable $totalDurationAll in D:\XAMPP\htdocs\eimbox-dashboard\eimbox-materio\core\package_checker.php on line 104
[14-Jan-2026 01:55:08 Asia/Dhaka] PHP ERROR [2]: Undefined variable $totalRecordsPage in D:\XAMPP\htdocs\eimbox-dashboard\eimbox-materio\core\package_checker.php on line 105
[14-Jan-2026 01:55:09 Asia/Dhaka] PHP ERROR [2]: Undefined variable $monitorPanel in D:\XAMPP\htdocs\eimbox-dashboard\eimbox-materio\footer.php on line 157
[14-Jan-2026 02:45:42 Asia/Dhaka] PHP ERROR [2]: Undefined variable $totalDurationPage in D:\XAMPP\htdocs\eimbox-dashboard\eimbox-materio\core\package_checker.php on line 103
[14-Jan-2026 02:45:42 Asia/Dhaka] PHP ERROR [2]: Undefined variable $totalDurationAll in D:\XAMPP\htdocs\eimbox-dashboard\eimbox-materio\core\package_checker.php on line 104
[14-Jan-2026 02:45:42 Asia/Dhaka] PHP ERROR [2]: Undefined variable $totalRecordsPage in D:\XAMPP\htdocs\eimbox-dashboard\eimbox-materio\core\package_checker.php on line 105
[14-Jan-2026 02:45:43 Asia/Dhaka] PHP ERROR [2]: Undefined variable $monitorPanel in D:\XAMPP\htdocs\eimbox-dashboard\eimbox-materio\footer.php on line 157
[15-Jan-2026 01:52:13 Asia/Dhaka] PHP ERROR [2]: Undefined variable $totalDurationPage in D:\XAMPP\htdocs\eimbox-dashboard\eimbox-materio\core\package_checker.php on line 69
[15-Jan-2026 01:52:13 Asia/Dhaka] PHP ERROR [2]: Undefined variable $totalDurationAll in D:\XAMPP\htdocs\eimbox-dashboard\eimbox-materio\core\package_checker.php on line 69
[15-Jan-2026 01:52:13 Asia/Dhaka] PHP ERROR [2]: Undefined variable $totalRecordsPage in D:\XAMPP\htdocs\eimbox-dashboard\eimbox-materio\core\package_checker.php on line 69
[15-Jan-2026 01:52:13 Asia/Dhaka] PHP ERROR [2]: Undefined variable $totalDurationPage in D:\XAMPP\htdocs\eimbox-dashboard\eimbox-materio\core\package_checker.php on line 103
[15-Jan-2026 01:52:13 Asia/Dhaka] PHP ERROR [2]: Undefined variable $totalDurationAll in D:\XAMPP\htdocs\eimbox-dashboard\eimbox-materio\core\package_checker.php on line 104
[15-Jan-2026 01:52:13 Asia/Dhaka] PHP ERROR [2]: Undefined variable $totalRecordsPage in D:\XAMPP\htdocs\eimbox-dashboard\eimbox-materio\core\package_checker.php on line 105
[15-Jan-2026 01:52:13 Asia/Dhaka] PHP ERROR [2]: Undefined variable $monitorPanel in D:\XAMPP\htdocs\eimbox-dashboard\eimbox-materio\footer.php on line 157
[15-Jan-2026 01:52:15 Asia/Dhaka] PHP ERROR [2]: Undefined variable $totalDurationPage in D:\XAMPP\htdocs\eimbox-dashboard\eimbox-materio\core\package_checker.php on line 103
[15-Jan-2026 01:52:15 Asia/Dhaka] PHP ERROR [2]: Undefined variable $totalDurationAll in D:\XAMPP\htdocs\eimbox-dashboard\eimbox-materio\core\package_checker.php on line 104
[15-Jan-2026 01:52:15 Asia/Dhaka] PHP ERROR [2]: Undefined variable $totalRecordsPage in D:\XAMPP\htdocs\eimbox-dashboard\eimbox-materio\core\package_checker.php on line 105
[15-Jan-2026 01:52:15 Asia/Dhaka] PHP ERROR [2]: Undefined variable $monitorPanel in D:\XAMPP\htdocs\eimbox-dashboard\eimbox-materio\footer.php on line 157
[16-Jan-2026 00:50:27 Asia/Dhaka] PHP ERROR [2]: Undefined variable $totalDurationPage in D:\XAMPP\htdocs\eimbox-dashboard\eimbox-materio\core\package_checker.php on line 103
[16-Jan-2026 00:50:27 Asia/Dhaka] PHP ERROR [2]: Undefined variable $totalDurationAll in D:\XAMPP\htdocs\eimbox-dashboard\eimbox-materio\core\package_checker.php on line 104
[16-Jan-2026 00:50:27 Asia/Dhaka] PHP ERROR [2]: Undefined variable $totalRecordsPage in D:\XAMPP\htdocs\eimbox-dashboard\eimbox-materio\core\package_checker.php on line 105
[16-Jan-2026 00:50:27 Asia/Dhaka] PHP ERROR [2]: Undefined variable $monitorPanel in D:\XAMPP\htdocs\eimbox-dashboard\eimbox-materio\footer.php on line 157
[16-Jan-2026 01:48:45 Asia/Dhaka] PHP ERROR [2]: Undefined variable $totalDurationPage in D:\XAMPP\htdocs\eimbox-dashboard\eimbox-materio\core\package_checker.php on line 69
[16-Jan-2026 01:48:45 Asia/Dhaka] PHP ERROR [2]: Undefined variable $totalDurationAll in D:\XAMPP\htdocs\eimbox-dashboard\eimbox-materio\core\package_checker.php on line 69
[16-Jan-2026 01:48:45 Asia/Dhaka] PHP ERROR [2]: Undefined variable $totalRecordsPage in D:\XAMPP\htdocs\eimbox-dashboard\eimbox-materio\core\package_checker.php on line 69
[16-Jan-2026 01:48:45 Asia/Dhaka] PHP ERROR [2]: Undefined variable $totalDurationPage in D:\XAMPP\htdocs\eimbox-dashboard\eimbox-materio\core\package_checker.php on line 103
[16-Jan-2026 01:48:45 Asia/Dhaka] PHP ERROR [2]: Undefined variable $totalDurationAll in D:\XAMPP\htdocs\eimbox-dashboard\eimbox-materio\core\package_checker.php on line 104
[16-Jan-2026 01:48:45 Asia/Dhaka] PHP ERROR [2]: Undefined variable $totalRecordsPage in D:\XAMPP\htdocs\eimbox-dashboard\eimbox-materio\core\package_checker.php on line 105
[16-Jan-2026 01:48:46 Asia/Dhaka] PHP ERROR [2]: Undefined variable $monitorPanel in D:\XAMPP\htdocs\eimbox-dashboard\eimbox-materio\footer.php on line 157
[16-Jan-2026 02:52:23 Asia/Dhaka] PHP ERROR [2]: Undefined variable $totalDurationPage in D:\XAMPP\htdocs\eimbox-dashboard\eimbox-materio\core\package_checker.php on line 103
[16-Jan-2026 02:52:23 Asia/Dhaka] PHP ERROR [2]: Undefined variable $totalDurationAll in D:\XAMPP\htdocs\eimbox-dashboard\eimbox-materio\core\package_checker.php on line 104
[16-Jan-2026 02:52:23 Asia/Dhaka] PHP ERROR [2]: Undefined variable $totalRecordsPage in D:\XAMPP\htdocs\eimbox-dashboard\eimbox-materio\core\package_checker.php on line 105
[16-Jan-2026 02:52:23 Asia/Dhaka] PHP ERROR [2]: Undefined variable $monitorPanel in D:\XAMPP\htdocs\eimbox-dashboard\eimbox-materio\footer.php on line 157
[16-Jan-2026 16:19:57 Asia/Dhaka] PHP ERROR [2]: Undefined variable $totalDurationPage in D:\XAMPP\htdocs\eimbox-dashboard\eimbox-materio\core\package_checker.php on line 103
[16-Jan-2026 16:19:57 Asia/Dhaka] PHP ERROR [2]: Undefined variable $totalDurationAll in D:\XAMPP\htdocs\eimbox-dashboard\eimbox-materio\core\package_checker.php on line 104
[16-Jan-2026 16:19:57 Asia/Dhaka] PHP ERROR [2]: Undefined variable $totalRecordsPage in D:\XAMPP\htdocs\eimbox-dashboard\eimbox-materio\core\package_checker.php on line 105
[16-Jan-2026 16:19:58 Asia/Dhaka] PHP ERROR [2]: Undefined variable $monitorPanel in D:\XAMPP\htdocs\eimbox-dashboard\eimbox-materio\footer.php on line 157
[16-Jan-2026 16:21:14 Asia/Dhaka] PHP ERROR [2]: Undefined variable $totalDurationPage in D:\XAMPP\htdocs\eimbox-dashboard\eimbox-materio\core\package_checker.php on line 103
[16-Jan-2026 16:21:14 Asia/Dhaka] PHP ERROR [2]: Undefined variable $totalDurationAll in D:\XAMPP\htdocs\eimbox-dashboard\eimbox-materio\core\package_checker.php on line 104
[16-Jan-2026 16:21:14 Asia/Dhaka] PHP ERROR [2]: Undefined variable $totalRecordsPage in D:\XAMPP\htdocs\eimbox-dashboard\eimbox-materio\core\package_checker.php on line 105
[16-Jan-2026 16:21:14 Asia/Dhaka] PHP ERROR [8192]: htmlspecialchars(): Passing null to parameter #1 ($string) of type string is deprecated in D:\XAMPP\htdocs\eimbox-dashboard\eimbox-materio\header.php on line 267
[16-Jan-2026 16:21:14 Asia/Dhaka] PHP ERROR [8192]: htmlspecialchars(): Passing null to parameter #1 ($string) of type string is deprecated in D:\XAMPP\htdocs\eimbox-dashboard\eimbox-materio\header.php on line 268
[16-Jan-2026 16:21:14 Asia/Dhaka] PHP ERROR [8192]: htmlspecialchars(): Passing null to parameter #1 ($string) of type string is deprecated in D:\XAMPP\htdocs\eimbox-dashboard\eimbox-materio\header.php on line 267
[16-Jan-2026 16:21:14 Asia/Dhaka] PHP ERROR [2]: Undefined variable $monitorPanel in D:\XAMPP\htdocs\eimbox-dashboard\eimbox-materio\footer.php on line 157
[16-Jan-2026 16:35:24 Asia/Dhaka] PHP ERROR [2]: Undefined variable $totalDurationPage in D:\XAMPP\htdocs\eimbox-dashboard\eimbox-materio\core\package_checker.php on line 103
[16-Jan-2026 16:35:24 Asia/Dhaka] PHP ERROR [2]: Undefined variable $totalDurationAll in D:\XAMPP\htdocs\eimbox-dashboard\eimbox-materio\core\package_checker.php on line 104
[16-Jan-2026 16:35:24 Asia/Dhaka] PHP ERROR [2]: Undefined variable $totalRecordsPage in D:\XAMPP\htdocs\eimbox-dashboard\eimbox-materio\core\package_checker.php on line 105
[16-Jan-2026 16:35:24 Asia/Dhaka] PHP ERROR [2]: Undefined variable $monitorPanel in D:\XAMPP\htdocs\eimbox-dashboard\eimbox-materio\footer.php on line 157
[16-Jan-2026 16:35:27 Asia/Dhaka] PHP ERROR [2]: Undefined variable $totalDurationPage in D:\XAMPP\htdocs\eimbox-dashboard\eimbox-materio\core\package_checker.php on line 103
[16-Jan-2026 16:35:27 Asia/Dhaka] PHP ERROR [2]: Undefined variable $totalDurationAll in D:\XAMPP\htdocs\eimbox-dashboard\eimbox-materio\core\package_checker.php on line 104
[16-Jan-2026 16:35:27 Asia/Dhaka] PHP ERROR [2]: Undefined variable $totalRecordsPage in D:\XAMPP\htdocs\eimbox-dashboard\eimbox-materio\core\package_checker.php on line 105
[16-Jan-2026 16:35:27 Asia/Dhaka] PHP ERROR [2]: Undefined variable $monitorPanel in D:\XAMPP\htdocs\eimbox-dashboard\eimbox-materio\footer.php on line 157
[16-Jan-2026 17:29:00 Asia/Dhaka] PHP ERROR [2]: Undefined variable $totalDurationPage in D:\XAMPP\htdocs\eimbox-dashboard\eimbox-materio\core\package_checker.php on line 103
[16-Jan-2026 17:29:00 Asia/Dhaka] PHP ERROR [2]: Undefined variable $totalDurationAll in D:\XAMPP\htdocs\eimbox-dashboard\eimbox-materio\core\package_checker.php on line 104
[16-Jan-2026 17:29:00 Asia/Dhaka] PHP ERROR [2]: Undefined variable $totalRecordsPage in D:\XAMPP\htdocs\eimbox-dashboard\eimbox-materio\core\package_checker.php on line 105
[16-Jan-2026 17:29:00 Asia/Dhaka] PHP ERROR [2]: Undefined variable $monitorPanel in D:\XAMPP\htdocs\eimbox-dashboard\eimbox-materio\footer.php on line 157
[17-Jan-2026 18:57:30 Asia/Dhaka] PHP ERROR [2]: Undefined variable $totalDurationPage in D:\XAMPP\htdocs\eimbox-dashboard\eimbox-materio\core\package_checker.php on line 103
[17-Jan-2026 18:57:30 Asia/Dhaka] PHP ERROR [2]: Undefined variable $totalDurationAll in D:\XAMPP\htdocs\eimbox-dashboard\eimbox-materio\core\package_checker.php on line 104
[17-Jan-2026 18:57:30 Asia/Dhaka] PHP ERROR [2]: Undefined variable $totalRecordsPage in D:\XAMPP\htdocs\eimbox-dashboard\eimbox-materio\core\package_checker.php on line 105
[17-Jan-2026 18:57:31 Asia/Dhaka] PHP ERROR [8192]: htmlspecialchars(): Passing null to parameter #1 ($string) of type string is deprecated in D:\XAMPP\htdocs\eimbox-dashboard\eimbox-materio\header.php on line 267
[17-Jan-2026 18:57:31 Asia/Dhaka] PHP ERROR [8192]: htmlspecialchars(): Passing null to parameter #1 ($string) of type string is deprecated in D:\XAMPP\htdocs\eimbox-dashboard\eimbox-materio\header.php on line 268
[17-Jan-2026 18:57:31 Asia/Dhaka] PHP ERROR [8192]: htmlspecialchars(): Passing null to parameter #1 ($string) of type string is deprecated in D:\XAMPP\htdocs\eimbox-dashboard\eimbox-materio\header.php on line 267
[17-Jan-2026 18:57:31 Asia/Dhaka] PHP ERROR [2]: Undefined variable $monitorPanel in D:\XAMPP\htdocs\eimbox-dashboard\eimbox-materio\footer.php on line 157
[17-Jan-2026 19:08:49 Asia/Dhaka] PHP ERROR [2]: Undefined variable $totalDurationPage in D:\XAMPP\htdocs\eimbox-dashboard\eimbox-materio\core\package_checker.php on line 103
[17-Jan-2026 19:08:49 Asia/Dhaka] PHP ERROR [2]: Undefined variable $totalDurationAll in D:\XAMPP\htdocs\eimbox-dashboard\eimbox-materio\core\package_checker.php on line 104
[17-Jan-2026 19:08:49 Asia/Dhaka] PHP ERROR [2]: Undefined variable $totalRecordsPage in D:\XAMPP\htdocs\eimbox-dashboard\eimbox-materio\core\package_checker.php on line 105
[17-Jan-2026 19:08:49 Asia/Dhaka] PHP ERROR [2]: Undefined variable $monitorPanel in D:\XAMPP\htdocs\eimbox-dashboard\eimbox-materio\footer.php on line 157
[17-Jan-2026 19:39:27 Asia/Dhaka] PHP ERROR [2]: Undefined variable $totalDurationPage in D:\XAMPP\htdocs\eimbox-dashboard\eimbox-materio\core\package_checker.php on line 103
[17-Jan-2026 19:39:27 Asia/Dhaka] PHP ERROR [2]: Undefined variable $totalDurationAll in D:\XAMPP\htdocs\eimbox-dashboard\eimbox-materio\core\package_checker.php on line 104
[17-Jan-2026 19:39:27 Asia/Dhaka] PHP ERROR [2]: Undefined variable $totalRecordsPage in D:\XAMPP\htdocs\eimbox-dashboard\eimbox-materio\core\package_checker.php on line 105
[17-Jan-2026 19:39:28 Asia/Dhaka] PHP ERROR [2]: Undefined variable $monitorPanel in D:\XAMPP\htdocs\eimbox-dashboard\eimbox-materio\footer.php on line 157
[17-Jan-2026 20:00:45 Asia/Dhaka] PHP ERROR [2]: Undefined variable $totalDurationPage in D:\XAMPP\htdocs\eimbox-dashboard\eimbox-materio\core\package_checker.php on line 103
[17-Jan-2026 20:00:45 Asia/Dhaka] PHP ERROR [2]: Undefined variable $totalDurationAll in D:\XAMPP\htdocs\eimbox-dashboard\eimbox-materio\core\package_checker.php on line 104
[17-Jan-2026 20:00:45 Asia/Dhaka] PHP ERROR [2]: Undefined variable $totalRecordsPage in D:\XAMPP\htdocs\eimbox-dashboard\eimbox-materio\core\package_checker.php on line 105
[17-Jan-2026 20:00:45 Asia/Dhaka] PHP ERROR [8192]: htmlspecialchars(): Passing null to parameter #1 ($string) of type string is deprecated in D:\XAMPP\htdocs\eimbox-dashboard\eimbox-materio\header.php on line 267
[17-Jan-2026 20:00:45 Asia/Dhaka] PHP ERROR [8192]: htmlspecialchars(): Passing null to parameter #1 ($string) of type string is deprecated in D:\XAMPP\htdocs\eimbox-dashboard\eimbox-materio\header.php on line 268
[17-Jan-2026 20:00:45 Asia/Dhaka] PHP ERROR [8192]: htmlspecialchars(): Passing null to parameter #1 ($string) of type string is deprecated in D:\XAMPP\htdocs\eimbox-dashboard\eimbox-materio\header.php on line 267
[17-Jan-2026 20:00:46 Asia/Dhaka] PHP ERROR [2]: Undefined variable $monitorPanel in D:\XAMPP\htdocs\eimbox-dashboard\eimbox-materio\footer.php on line 157
[17-Jan-2026 20:24:28 Asia/Dhaka] PHP ERROR [2]: Undefined variable $totalDurationPage in D:\XAMPP\htdocs\eimbox-dashboard\eimbox-materio\core\package_checker.php on line 103
[17-Jan-2026 20:24:28 Asia/Dhaka] PHP ERROR [2]: Undefined variable $totalDurationAll in D:\XAMPP\htdocs\eimbox-dashboard\eimbox-materio\core\package_checker.php on line 104
[17-Jan-2026 20:24:28 Asia/Dhaka] PHP ERROR [2]: Undefined variable $totalRecordsPage in D:\XAMPP\htdocs\eimbox-dashboard\eimbox-materio\core\package_checker.php on line 105
[17-Jan-2026 20:24:28 Asia/Dhaka] PHP ERROR [2]: Undefined variable $monitorPanel in D:\XAMPP\htdocs\eimbox-dashboard\eimbox-materio\footer.php on line 157
[17-Jan-2026 23:32:29 Asia/Dhaka] PHP ERROR [2]: Undefined variable $totalDurationPage in D:\XAMPP\htdocs\eimbox-dashboard\eimbox-materio\core\package_checker.php on line 103
[17-Jan-2026 23:32:29 Asia/Dhaka] PHP ERROR [2]: Undefined variable $totalDurationAll in D:\XAMPP\htdocs\eimbox-dashboard\eimbox-materio\core\package_checker.php on line 104
[17-Jan-2026 23:32:29 Asia/Dhaka] PHP ERROR [2]: Undefined variable $totalRecordsPage in D:\XAMPP\htdocs\eimbox-dashboard\eimbox-materio\core\package_checker.php on line 105
[17-Jan-2026 23:32:29 Asia/Dhaka] PHP ERROR [2]: Undefined variable $monitorPanel in D:\XAMPP\htdocs\eimbox-dashboard\eimbox-materio\footer.php on line 157
[17-Jan-2026 23:33:41 Asia/Dhaka] PHP ERROR [2]: Undefined variable $totalDurationPage in D:\XAMPP\htdocs\eimbox-dashboard\eimbox-materio\core\package_checker.php on line 103
[17-Jan-2026 23:33:41 Asia/Dhaka] PHP ERROR [2]: Undefined variable $totalDurationAll in D:\XAMPP\htdocs\eimbox-dashboard\eimbox-materio\core\package_checker.php on line 104
[17-Jan-2026 23:33:41 Asia/Dhaka] PHP ERROR [2]: Undefined variable $totalRecordsPage in D:\XAMPP\htdocs\eimbox-dashboard\eimbox-materio\core\package_checker.php on line 105
[17-Jan-2026 23:33:41 Asia/Dhaka] PHP ERROR [8192]: htmlspecialchars(): Passing null to parameter #1 ($string) of type string is deprecated in D:\XAMPP\htdocs\eimbox-dashboard\eimbox-materio\header.php on line 267
[17-Jan-2026 23:33:41 Asia/Dhaka] PHP ERROR [8192]: htmlspecialchars(): Passing null to parameter #1 ($string) of type string is deprecated in D:\XAMPP\htdocs\eimbox-dashboard\eimbox-materio\header.php on line 268
[17-Jan-2026 23:33:41 Asia/Dhaka] PHP ERROR [8192]: htmlspecialchars(): Passing null to parameter #1 ($string) of type string is deprecated in D:\XAMPP\htdocs\eimbox-dashboard\eimbox-materio\header.php on line 267
[17-Jan-2026 23:33:42 Asia/Dhaka] PHP ERROR [2]: Undefined variable $monitorPanel in D:\XAMPP\htdocs\eimbox-dashboard\eimbox-materio\footer.php on line 157
[18-Jan-2026 01:39:39 Asia/Dhaka] PHP ERROR [2]: Undefined variable $totalDurationPage in D:\XAMPP\htdocs\eimbox-dashboard\eimbox-materio\core\package_checker.php on line 103
[18-Jan-2026 01:39:39 Asia/Dhaka] PHP ERROR [2]: Undefined variable $totalDurationAll in D:\XAMPP\htdocs\eimbox-dashboard\eimbox-materio\core\package_checker.php on line 104
[18-Jan-2026 01:39:39 Asia/Dhaka] PHP ERROR [2]: Undefined variable $totalRecordsPage in D:\XAMPP\htdocs\eimbox-dashboard\eimbox-materio\core\package_checker.php on line 105
[18-Jan-2026 01:39:39 Asia/Dhaka] PHP ERROR [8192]: htmlspecialchars(): Passing null to parameter #1 ($string) of type string is deprecated in D:\XAMPP\htdocs\eimbox-dashboard\eimbox-materio\header.php on line 267
[18-Jan-2026 01:39:39 Asia/Dhaka] PHP ERROR [8192]: htmlspecialchars(): Passing null to parameter #1 ($string) of type string is deprecated in D:\XAMPP\htdocs\eimbox-dashboard\eimbox-materio\header.php on line 268
[18-Jan-2026 01:39:39 Asia/Dhaka] PHP ERROR [8192]: htmlspecialchars(): Passing null to parameter #1 ($string) of type string is deprecated in D:\XAMPP\htdocs\eimbox-dashboard\eimbox-materio\header.php on line 267
[18-Jan-2026 01:39:43 Asia/Dhaka] PHP ERROR [2]: Undefined variable $monitorPanel in D:\XAMPP\htdocs\eimbox-dashboard\eimbox-materio\footer.php on line 157
[18-Jan-2026 02:26:48 Asia/Dhaka] PHP ERROR [2]: Undefined variable $totalDurationPage in D:\XAMPP\htdocs\eimbox-dashboard\eimbox-materio\core\package_checker.php on line 69
[18-Jan-2026 02:26:48 Asia/Dhaka] PHP ERROR [2]: Undefined variable $totalDurationAll in D:\XAMPP\htdocs\eimbox-dashboard\eimbox-materio\core\package_checker.php on line 69
[18-Jan-2026 02:26:48 Asia/Dhaka] PHP ERROR [2]: Undefined variable $totalRecordsPage in D:\XAMPP\htdocs\eimbox-dashboard\eimbox-materio\core\package_checker.php on line 69
[18-Jan-2026 02:26:48 Asia/Dhaka] PHP ERROR [2]: Undefined variable $totalDurationPage in D:\XAMPP\htdocs\eimbox-dashboard\eimbox-materio\core\package_checker.php on line 103
[18-Jan-2026 02:26:48 Asia/Dhaka] PHP ERROR [2]: Undefined variable $totalDurationAll in D:\XAMPP\htdocs\eimbox-dashboard\eimbox-materio\core\package_checker.php on line 104
[18-Jan-2026 02:26:48 Asia/Dhaka] PHP ERROR [2]: Undefined variable $totalRecordsPage in D:\XAMPP\htdocs\eimbox-dashboard\eimbox-materio\core\package_checker.php on line 105
[18-Jan-2026 02:26:48 Asia/Dhaka] PHP ERROR [2]: Undefined variable $monitorPanel in D:\XAMPP\htdocs\eimbox-dashboard\eimbox-materio\footer.php on line 157
[18-Jan-2026 02:45:31 Asia/Dhaka] PHP ERROR [2]: Undefined variable $totalDurationPage in D:\XAMPP\htdocs\eimbox-dashboard\eimbox-materio\core\package_checker.php on line 103
[18-Jan-2026 02:45:31 Asia/Dhaka] PHP ERROR [2]: Undefined variable $totalDurationAll in D:\XAMPP\htdocs\eimbox-dashboard\eimbox-materio\core\package_checker.php on line 104
[18-Jan-2026 02:45:31 Asia/Dhaka] PHP ERROR [2]: Undefined variable $totalRecordsPage in D:\XAMPP\htdocs\eimbox-dashboard\eimbox-materio\core\package_checker.php on line 105
[18-Jan-2026 02:45:32 Asia/Dhaka] PHP ERROR [8192]: htmlspecialchars(): Passing null to parameter #1 ($string) of type string is deprecated in D:\XAMPP\htdocs\eimbox-dashboard\eimbox-materio\header.php on line 267
[18-Jan-2026 02:45:32 Asia/Dhaka] PHP ERROR [8192]: htmlspecialchars(): Passing null to parameter #1 ($string) of type string is deprecated in D:\XAMPP\htdocs\eimbox-dashboard\eimbox-materio\header.php on line 268
[18-Jan-2026 02:45:32 Asia/Dhaka] PHP ERROR [8192]: htmlspecialchars(): Passing null to parameter #1 ($string) of type string is deprecated in D:\XAMPP\htdocs\eimbox-dashboard\eimbox-materio\header.php on line 267
[18-Jan-2026 02:45:33 Asia/Dhaka] PHP ERROR [2]: Undefined variable $monitorPanel in D:\XAMPP\htdocs\eimbox-dashboard\eimbox-materio\footer.php on line 157
[18-Jan-2026 02:53:20 Asia/Dhaka] PHP ERROR [2]: Undefined variable $totalDurationPage in D:\XAMPP\htdocs\eimbox-dashboard\eimbox-materio\core\package_checker.php on line 103
[18-Jan-2026 02:53:20 Asia/Dhaka] PHP ERROR [2]: Undefined variable $totalDurationAll in D:\XAMPP\htdocs\eimbox-dashboard\eimbox-materio\core\package_checker.php on line 104
[18-Jan-2026 02:53:20 Asia/Dhaka] PHP ERROR [2]: Undefined variable $totalRecordsPage in D:\XAMPP\htdocs\eimbox-dashboard\eimbox-materio\core\package_checker.php on line 105
[18-Jan-2026 02:53:20 Asia/Dhaka] PHP ERROR [2]: Undefined variable $monitorPanel in D:\XAMPP\htdocs\eimbox-dashboard\eimbox-materio\footer.php on line 157
[18-Jan-2026 18:07:17 Asia/Dhaka] PHP ERROR [2]: Undefined variable $totalDurationPage in D:\XAMPP\htdocs\eimbox-dashboard\eimbox-materio\core\package_checker.php on line 103
[18-Jan-2026 18:07:17 Asia/Dhaka] PHP ERROR [2]: Undefined variable $totalDurationAll in D:\XAMPP\htdocs\eimbox-dashboard\eimbox-materio\core\package_checker.php on line 104
[18-Jan-2026 18:07:17 Asia/Dhaka] PHP ERROR [2]: Undefined variable $totalRecordsPage in D:\XAMPP\htdocs\eimbox-dashboard\eimbox-materio\core\package_checker.php on line 105
[18-Jan-2026 18:07:17 Asia/Dhaka] PHP ERROR [2]: Undefined variable $monitorPanel in D:\XAMPP\htdocs\eimbox-dashboard\eimbox-materio\footer.php on line 157
[18-Jan-2026 18:07:47 Asia/Dhaka] PHP ERROR [2]: Undefined variable $totalDurationPage in D:\XAMPP\htdocs\eimbox-dashboard\eimbox-materio\core\package_checker.php on line 103
[18-Jan-2026 18:07:47 Asia/Dhaka] PHP ERROR [2]: Undefined variable $totalDurationAll in D:\XAMPP\htdocs\eimbox-dashboard\eimbox-materio\core\package_checker.php on line 104
[18-Jan-2026 18:07:47 Asia/Dhaka] PHP ERROR [2]: Undefined variable $totalRecordsPage in D:\XAMPP\htdocs\eimbox-dashboard\eimbox-materio\core\package_checker.php on line 105
[18-Jan-2026 18:07:48 Asia/Dhaka] PHP ERROR [2]: Undefined variable $monitorPanel in D:\XAMPP\htdocs\eimbox-dashboard\eimbox-materio\footer.php on line 157
[19-Jan-2026 00:54:36 Asia/Dhaka] PHP ERROR [2]: Undefined variable $totalDurationPage in D:\XAMPP\htdocs\eimbox-dashboard\eimbox-materio\core\package_checker.php on line 69
[19-Jan-2026 00:54:36 Asia/Dhaka] PHP ERROR [2]: Undefined variable $totalDurationAll in D:\XAMPP\htdocs\eimbox-dashboard\eimbox-materio\core\package_checker.php on line 69
[19-Jan-2026 00:54:36 Asia/Dhaka] PHP ERROR [2]: Undefined variable $totalRecordsPage in D:\XAMPP\htdocs\eimbox-dashboard\eimbox-materio\core\package_checker.php on line 69
[19-Jan-2026 00:54:36 Asia/Dhaka] PHP ERROR [2]: Undefined variable $totalDurationPage in D:\XAMPP\htdocs\eimbox-dashboard\eimbox-materio\core\package_checker.php on line 103
[19-Jan-2026 00:54:36 Asia/Dhaka] PHP ERROR [2]: Undefined variable $totalDurationAll in D:\XAMPP\htdocs\eimbox-dashboard\eimbox-materio\core\package_checker.php on line 104
[19-Jan-2026 00:54:36 Asia/Dhaka] PHP ERROR [2]: Undefined variable $totalRecordsPage in D:\XAMPP\htdocs\eimbox-dashboard\eimbox-materio\core\package_checker.php on line 105
[19-Jan-2026 00:54:36 Asia/Dhaka] PHP ERROR [2]: Undefined variable $monitorPanel in D:\XAMPP\htdocs\eimbox-dashboard\eimbox-materio\footer.php on line 157
[19-Jan-2026 17:09:58 Asia/Dhaka] PHP ERROR [2]: Undefined variable $totalDurationPage in D:\XAMPP\htdocs\eimbox-dashboard\eimbox-materio\core\package_checker.php on line 103
[19-Jan-2026 17:09:58 Asia/Dhaka] PHP ERROR [2]: Undefined variable $totalDurationAll in D:\XAMPP\htdocs\eimbox-dashboard\eimbox-materio\core\package_checker.php on line 104
[19-Jan-2026 17:09:58 Asia/Dhaka] PHP ERROR [2]: Undefined variable $totalRecordsPage in D:\XAMPP\htdocs\eimbox-dashboard\eimbox-materio\core\package_checker.php on line 105
[19-Jan-2026 17:09:59 Asia/Dhaka] PHP ERROR [2]: Undefined variable $monitorPanel in D:\XAMPP\htdocs\eimbox-dashboard\eimbox-materio\footer.php on line 157
[20-Jan-2026 03:42:54 Asia/Dhaka] PHP ERROR [2]: Undefined variable $totalDurationPage in D:\XAMPP\htdocs\eimbox-dashboard\eimbox-materio\core\package_checker.php on line 103
[20-Jan-2026 03:42:54 Asia/Dhaka] PHP ERROR [2]: Undefined variable $totalDurationAll in D:\XAMPP\htdocs\eimbox-dashboard\eimbox-materio\core\package_checker.php on line 104
[20-Jan-2026 03:42:54 Asia/Dhaka] PHP ERROR [2]: Undefined variable $totalRecordsPage in D:\XAMPP\htdocs\eimbox-dashboard\eimbox-materio\core\package_checker.php on line 105
[20-Jan-2026 03:42:55 Asia/Dhaka] PHP ERROR [2]: Undefined variable $monitorPanel in D:\XAMPP\htdocs\eimbox-dashboard\eimbox-materio\footer.php on line 157
[20-Jan-2026 19:35:12 Asia/Dhaka] PHP ERROR [2]: Undefined variable $totalDurationPage in D:\XAMPP\htdocs\eimbox-dashboard\eimbox-materio\core\package_checker.php on line 103
[20-Jan-2026 19:35:12 Asia/Dhaka] PHP ERROR [2]: Undefined variable $totalDurationAll in D:\XAMPP\htdocs\eimbox-dashboard\eimbox-materio\core\package_checker.php on line 104
[20-Jan-2026 19:35:12 Asia/Dhaka] PHP ERROR [2]: Undefined variable $totalRecordsPage in D:\XAMPP\htdocs\eimbox-dashboard\eimbox-materio\core\package_checker.php on line 105
[20-Jan-2026 19:35:12 Asia/Dhaka] PHP ERROR [2]: Undefined variable $monitorPanel in D:\XAMPP\htdocs\eimbox-dashboard\eimbox-materio\footer.php on line 157
[20-Jan-2026 22:59:23 Asia/Dhaka] PHP ERROR [2]: Undefined variable $totalDurationPage in D:\XAMPP\htdocs\eimbox-dashboard\eimbox-materio\core\package_checker.php on line 103
[20-Jan-2026 22:59:23 Asia/Dhaka] PHP ERROR [2]: Undefined variable $totalDurationAll in D:\XAMPP\htdocs\eimbox-dashboard\eimbox-materio\core\package_checker.php on line 104
[20-Jan-2026 22:59:23 Asia/Dhaka] PHP ERROR [2]: Undefined variable $totalRecordsPage in D:\XAMPP\htdocs\eimbox-dashboard\eimbox-materio\core\package_checker.php on line 105
[20-Jan-2026 22:59:23 Asia/Dhaka] PHP ERROR [2]: Undefined variable $monitorPanel in D:\XAMPP\htdocs\eimbox-dashboard\eimbox-materio\footer.php on line 157
[22-Jan-2026 00:06:41 Asia/Dhaka] PHP ERROR [2]: Undefined variable $totalDurationPage in D:\XAMPP\htdocs\eimbox-dashboard\eimbox-materio\core\package_checker.php on line 103
[22-Jan-2026 00:06:41 Asia/Dhaka] PHP ERROR [2]: Undefined variable $totalDurationAll in D:\XAMPP\htdocs\eimbox-dashboard\eimbox-materio\core\package_checker.php on line 104
[22-Jan-2026 00:06:41 Asia/Dhaka] PHP ERROR [2]: Undefined variable $totalRecordsPage in D:\XAMPP\htdocs\eimbox-dashboard\eimbox-materio\core\package_checker.php on line 105
[22-Jan-2026 00:06:55 Asia/Dhaka] PHP ERROR [2]: Undefined variable $monitorPanel in D:\XAMPP\htdocs\eimbox-dashboard\eimbox-materio\footer.php on line 157
[22-Jan-2026 00:07:56 Asia/Dhaka] PHP ERROR [2]: Undefined variable $totalDurationPage in D:\XAMPP\htdocs\eimbox-dashboard\eimbox-materio\core\package_checker.php on line 103
[22-Jan-2026 00:07:56 Asia/Dhaka] PHP ERROR [2]: Undefined variable $totalDurationAll in D:\XAMPP\htdocs\eimbox-dashboard\eimbox-materio\core\package_checker.php on line 104
[22-Jan-2026 00:07:56 Asia/Dhaka] PHP ERROR [2]: Undefined variable $totalRecordsPage in D:\XAMPP\htdocs\eimbox-dashboard\eimbox-materio\core\package_checker.php on line 105
[22-Jan-2026 00:11:00 Asia/Dhaka] PHP ERROR [2]: Undefined variable $totalDurationPage in D:\XAMPP\htdocs\eimbox-dashboard\eimbox-materio\core\package_checker.php on line 103
[22-Jan-2026 00:11:00 Asia/Dhaka] PHP ERROR [2]: Undefined variable $totalDurationAll in D:\XAMPP\htdocs\eimbox-dashboard\eimbox-materio\core\package_checker.php on line 104
[22-Jan-2026 00:11:00 Asia/Dhaka] PHP ERROR [2]: Undefined variable $totalRecordsPage in D:\XAMPP\htdocs\eimbox-dashboard\eimbox-materio\core\package_checker.php on line 105
[22-Jan-2026 00:11:07 Asia/Dhaka] PHP ERROR [2]: Undefined variable $totalDurationPage in D:\XAMPP\htdocs\eimbox-dashboard\eimbox-materio\core\package_checker.php on line 103
[22-Jan-2026 00:11:07 Asia/Dhaka] PHP ERROR [2]: Undefined variable $totalDurationAll in D:\XAMPP\htdocs\eimbox-dashboard\eimbox-materio\core\package_checker.php on line 104
[22-Jan-2026 00:11:07 Asia/Dhaka] PHP ERROR [2]: Undefined variable $totalRecordsPage in D:\XAMPP\htdocs\eimbox-dashboard\eimbox-materio\core\package_checker.php on line 105
[22-Jan-2026 00:13:08 Asia/Dhaka] PHP ERROR [2]: Undefined variable $totalDurationPage in D:\XAMPP\htdocs\eimbox-dashboard\eimbox-materio\core\package_checker.php on line 103
[22-Jan-2026 00:13:08 Asia/Dhaka] PHP ERROR [2]: Undefined variable $totalDurationAll in D:\XAMPP\htdocs\eimbox-dashboard\eimbox-materio\core\package_checker.php on line 104
[22-Jan-2026 00:13:08 Asia/Dhaka] PHP ERROR [2]: Undefined variable $totalRecordsPage in D:\XAMPP\htdocs\eimbox-dashboard\eimbox-materio\core\package_checker.php on line 105
[22-Jan-2026 00:13:18 Asia/Dhaka] Uncaught Exception: Can't find record in 'general_log' in D:\XAMPP\htdocs\eimbox-dashboard\eimbox-materio\core\db.php on line 19
[22-Jan-2026 01:55:04 Asia/Dhaka] PHP ERROR [2]: Undefined variable $totalDurationPage in D:\XAMPP\htdocs\eimbox-dashboard\eimbox-materio\core\package_checker.php on line 103
[22-Jan-2026 01:55:04 Asia/Dhaka] PHP ERROR [2]: Undefined variable $totalDurationAll in D:\XAMPP\htdocs\eimbox-dashboard\eimbox-materio\core\package_checker.php on line 104
[22-Jan-2026 01:55:04 Asia/Dhaka] PHP ERROR [2]: Undefined variable $totalRecordsPage in D:\XAMPP\htdocs\eimbox-dashboard\eimbox-materio\core\package_checker.php on line 105
[22-Jan-2026 01:55:05 Asia/Dhaka] PHP ERROR [2]: Undefined variable $monitorPanel in D:\XAMPP\htdocs\eimbox-dashboard\eimbox-materio\footer.php on line 157
[22-Jan-2026 02:40:59 Asia/Dhaka] PHP ERROR [2]: Undefined variable $totalDurationPage in D:\XAMPP\htdocs\eimbox-dashboard\eimbox-materio\core\package_checker.php on line 103
[22-Jan-2026 02:40:59 Asia/Dhaka] PHP ERROR [2]: Undefined variable $totalDurationAll in D:\XAMPP\htdocs\eimbox-dashboard\eimbox-materio\core\package_checker.php on line 104
[22-Jan-2026 02:40:59 Asia/Dhaka] PHP ERROR [2]: Undefined variable $totalRecordsPage in D:\XAMPP\htdocs\eimbox-dashboard\eimbox-materio\core\package_checker.php on line 105
[22-Jan-2026 02:40:59 Asia/Dhaka] PHP ERROR [8192]: htmlspecialchars(): Passing null to parameter #1 ($string) of type string is deprecated in D:\XAMPP\htdocs\eimbox-dashboard\eimbox-materio\header.php on line 267
[22-Jan-2026 02:40:59 Asia/Dhaka] PHP ERROR [8192]: htmlspecialchars(): Passing null to parameter #1 ($string) of type string is deprecated in D:\XAMPP\htdocs\eimbox-dashboard\eimbox-materio\header.php on line 268
[22-Jan-2026 02:41:00 Asia/Dhaka] PHP ERROR [8192]: htmlspecialchars(): Passing null to parameter #1 ($string) of type string is deprecated in D:\XAMPP\htdocs\eimbox-dashboard\eimbox-materio\header.php on line 267
[22-Jan-2026 02:41:02 Asia/Dhaka] PHP ERROR [2]: Undefined variable $monitorPanel in D:\XAMPP\htdocs\eimbox-dashboard\eimbox-materio\footer.php on line 157
[22-Jan-2026 18:33:22 Asia/Dhaka] PHP ERROR [2]: Undefined variable $totalDurationPage in D:\XAMPP\htdocs\eimbox-dashboard\eimbox-materio\core\package_checker.php on line 103
[22-Jan-2026 18:33:22 Asia/Dhaka] PHP ERROR [2]: Undefined variable $totalDurationAll in D:\XAMPP\htdocs\eimbox-dashboard\eimbox-materio\core\package_checker.php on line 104
[22-Jan-2026 18:33:22 Asia/Dhaka] PHP ERROR [2]: Undefined variable $totalRecordsPage in D:\XAMPP\htdocs\eimbox-dashboard\eimbox-materio\core\package_checker.php on line 105
[22-Jan-2026 18:33:23 Asia/Dhaka] PHP ERROR [2]: Undefined variable $monitorPanel in D:\XAMPP\htdocs\eimbox-dashboard\eimbox-materio\footer.php on line 157
[22-Jan-2026 18:33:23 Asia/Dhaka] PHP ERROR [2]: Undefined variable $totalDurationPage in D:\XAMPP\htdocs\eimbox-dashboard\eimbox-materio\core\package_checker.php on line 103
[22-Jan-2026 18:33:23 Asia/Dhaka] PHP ERROR [2]: Undefined variable $totalDurationAll in D:\XAMPP\htdocs\eimbox-dashboard\eimbox-materio\core\package_checker.php on line 104
[22-Jan-2026 18:33:23 Asia/Dhaka] PHP ERROR [2]: Undefined variable $totalRecordsPage in D:\XAMPP\htdocs\eimbox-dashboard\eimbox-materio\core\package_checker.php on line 105
[22-Jan-2026 18:33:23 Asia/Dhaka] Uncaught Exception: Can't find record in 'general_log' in D:\XAMPP\htdocs\eimbox-dashboard\eimbox-materio\core\db.php on line 19
[22-Jan-2026 19:19:41 Asia/Dhaka] PHP ERROR [2]: Undefined variable $totalDurationPage in D:\XAMPP\htdocs\eimbox-dashboard\eimbox-materio\core\package_checker.php on line 103
[22-Jan-2026 19:19:41 Asia/Dhaka] PHP ERROR [2]: Undefined variable $totalDurationAll in D:\XAMPP\htdocs\eimbox-dashboard\eimbox-materio\core\package_checker.php on line 104
[22-Jan-2026 19:19:41 Asia/Dhaka] PHP ERROR [2]: Undefined variable $totalRecordsPage in D:\XAMPP\htdocs\eimbox-dashboard\eimbox-materio\core\package_checker.php on line 105
[22-Jan-2026 19:19:41 Asia/Dhaka] PHP ERROR [8192]: htmlspecialchars(): Passing null to parameter #1 ($string) of type string is deprecated in D:\XAMPP\htdocs\eimbox-dashboard\eimbox-materio\header.php on line 267
[22-Jan-2026 19:19:41 Asia/Dhaka] PHP ERROR [8192]: htmlspecialchars(): Passing null to parameter #1 ($string) of type string is deprecated in D:\XAMPP\htdocs\eimbox-dashboard\eimbox-materio\header.php on line 268
[22-Jan-2026 19:19:41 Asia/Dhaka] PHP ERROR [8192]: htmlspecialchars(): Passing null to parameter #1 ($string) of type string is deprecated in D:\XAMPP\htdocs\eimbox-dashboard\eimbox-materio\header.php on line 267
[22-Jan-2026 19:19:42 Asia/Dhaka] PHP ERROR [2]: Undefined variable $monitorPanel in D:\XAMPP\htdocs\eimbox-dashboard\eimbox-materio\footer.php on line 157
[23-Jan-2026 22:24:48 Asia/Dhaka] PHP ERROR [2]: Undefined variable $totalDurationPage in D:\XAMPP\htdocs\eimbox-dashboard\eimbox-materio\core\package_checker.php on line 103
[23-Jan-2026 22:24:48 Asia/Dhaka] PHP ERROR [2]: Undefined variable $totalDurationAll in D:\XAMPP\htdocs\eimbox-dashboard\eimbox-materio\core\package_checker.php on line 104
[23-Jan-2026 22:24:48 Asia/Dhaka] PHP ERROR [2]: Undefined variable $totalRecordsPage in D:\XAMPP\htdocs\eimbox-dashboard\eimbox-materio\core\package_checker.php on line 105
[23-Jan-2026 22:24:49 Asia/Dhaka] Uncaught Exception: Can't find record in 'general_log' in D:\XAMPP\htdocs\eimbox-dashboard\eimbox-materio\core\db.php on line 19
[23-Jan-2026 23:05:53 Asia/Dhaka] PHP ERROR [2]: Undefined variable $totalDurationPage in D:\XAMPP\htdocs\eimbox-dashboard\eimbox-materio\core\package_checker.php on line 103
[23-Jan-2026 23:05:53 Asia/Dhaka] PHP ERROR [2]: Undefined variable $totalDurationAll in D:\XAMPP\htdocs\eimbox-dashboard\eimbox-materio\core\package_checker.php on line 104
[23-Jan-2026 23:05:53 Asia/Dhaka] PHP ERROR [2]: Undefined variable $totalRecordsPage in D:\XAMPP\htdocs\eimbox-dashboard\eimbox-materio\core\package_checker.php on line 105
[23-Jan-2026 23:05:53 Asia/Dhaka] PHP ERROR [8192]: htmlspecialchars(): Passing null to parameter #1 ($string) of type string is deprecated in D:\XAMPP\htdocs\eimbox-dashboard\eimbox-materio\header.php on line 267
[23-Jan-2026 23:05:53 Asia/Dhaka] PHP ERROR [8192]: htmlspecialchars(): Passing null to parameter #1 ($string) of type string is deprecated in D:\XAMPP\htdocs\eimbox-dashboard\eimbox-materio\header.php on line 268
[23-Jan-2026 23:05:53 Asia/Dhaka] PHP ERROR [8192]: htmlspecialchars(): Passing null to parameter #1 ($string) of type string is deprecated in D:\XAMPP\htdocs\eimbox-dashboard\eimbox-materio\header.php on line 267
[23-Jan-2026 23:05:55 Asia/Dhaka] PHP ERROR [2]: Undefined variable $monitorPanel in D:\XAMPP\htdocs\eimbox-dashboard\eimbox-materio\footer.php on line 157
[24-Jan-2026 00:24:12 Asia/Dhaka] PHP ERROR [2]: Undefined variable $totalDurationPage in D:\XAMPP\htdocs\eimbox-dashboard\eimbox-materio\core\package_checker.php on line 103
[24-Jan-2026 00:24:12 Asia/Dhaka] PHP ERROR [2]: Undefined variable $totalDurationAll in D:\XAMPP\htdocs\eimbox-dashboard\eimbox-materio\core\package_checker.php on line 104
[24-Jan-2026 00:24:12 Asia/Dhaka] PHP ERROR [2]: Undefined variable $totalRecordsPage in D:\XAMPP\htdocs\eimbox-dashboard\eimbox-materio\core\package_checker.php on line 105
[24-Jan-2026 00:24:13 Asia/Dhaka] Uncaught Exception: Can't find record in 'general_log' in D:\XAMPP\htdocs\eimbox-dashboard\eimbox-materio\core\db.php on line 19
[26-Jan-2026 09:39:13 Asia/Dhaka] PHP ERROR [2]: Undefined variable $totalDurationPage in D:\XAMPP\htdocs\eimbox-dashboard\eimbox-materio\core\package_checker.php on line 103
[26-Jan-2026 09:39:13 Asia/Dhaka] PHP ERROR [2]: Undefined variable $totalDurationAll in D:\XAMPP\htdocs\eimbox-dashboard\eimbox-materio\core\package_checker.php on line 104
[26-Jan-2026 09:39:13 Asia/Dhaka] PHP ERROR [2]: Undefined variable $totalRecordsPage in D:\XAMPP\htdocs\eimbox-dashboard\eimbox-materio\core\package_checker.php on line 105
[26-Jan-2026 09:39:13 Asia/Dhaka] PHP ERROR [2]: Undefined variable $monitorPanel in D:\XAMPP\htdocs\eimbox-dashboard\eimbox-materio\footer.php on line 157
[30-Jan-2026 23:06:55 Asia/Dhaka] PHP ERROR [2]: Undefined variable $totalDurationPage in D:\XAMPP\htdocs\eimbox-dashboard\eimbox-materio\core\package_checker.php on line 103
[30-Jan-2026 23:06:55 Asia/Dhaka] PHP ERROR [2]: Undefined variable $totalDurationAll in D:\XAMPP\htdocs\eimbox-dashboard\eimbox-materio\core\package_checker.php on line 104
[30-Jan-2026 23:06:55 Asia/Dhaka] PHP ERROR [2]: Undefined variable $totalRecordsPage in D:\XAMPP\htdocs\eimbox-dashboard\eimbox-materio\core\package_checker.php on line 105
[30-Jan-2026 23:06:55 Asia/Dhaka] PHP ERROR [2]: Undefined variable $monitorPanel in D:\XAMPP\htdocs\eimbox-dashboard\eimbox-materio\footer.php on line 157
[30-Jan-2026 23:07:18 Asia/Dhaka] PHP ERROR [2]: Undefined variable $totalDurationPage in D:\XAMPP\htdocs\eimbox-dashboard\eimbox-materio\core\package_checker.php on line 103
[30-Jan-2026 23:07:18 Asia/Dhaka] PHP ERROR [2]: Undefined variable $totalDurationAll in D:\XAMPP\htdocs\eimbox-dashboard\eimbox-materio\core\package_checker.php on line 104
[30-Jan-2026 23:07:18 Asia/Dhaka] PHP ERROR [2]: Undefined variable $totalRecordsPage in D:\XAMPP\htdocs\eimbox-dashboard\eimbox-materio\core\package_checker.php on line 105
[30-Jan-2026 23:07:20 Asia/Dhaka] PHP ERROR [2]: Undefined variable $monitorPanel in D:\XAMPP\htdocs\eimbox-dashboard\eimbox-materio\footer.php on line 157
[30-Jan-2026 23:08:18 Asia/Dhaka] PHP ERROR [2]: Undefined variable $totalDurationPage in D:\XAMPP\htdocs\eimbox-dashboard\eimbox-materio\core\package_checker.php on line 103
[30-Jan-2026 23:08:18 Asia/Dhaka] PHP ERROR [2]: Undefined variable $totalDurationAll in D:\XAMPP\htdocs\eimbox-dashboard\eimbox-materio\core\package_checker.php on line 104
[30-Jan-2026 23:08:18 Asia/Dhaka] PHP ERROR [2]: Undefined variable $totalRecordsPage in D:\XAMPP\htdocs\eimbox-dashboard\eimbox-materio\core\package_checker.php on line 105
[30-Jan-2026 23:08:20 Asia/Dhaka] PHP ERROR [2]: Undefined variable $monitorPanel in D:\XAMPP\htdocs\eimbox-dashboard\eimbox-materio\footer.php on line 157
[30-Jan-2026 23:10:36 Asia/Dhaka] PHP ERROR [2]: Undefined variable $totalDurationPage in D:\XAMPP\htdocs\eimbox-dashboard\eimbox-materio\core\package_checker.php on line 103
[30-Jan-2026 23:10:36 Asia/Dhaka] PHP ERROR [2]: Undefined variable $totalDurationAll in D:\XAMPP\htdocs\eimbox-dashboard\eimbox-materio\core\package_checker.php on line 104
[30-Jan-2026 23:10:36 Asia/Dhaka] PHP ERROR [2]: Undefined variable $totalRecordsPage in D:\XAMPP\htdocs\eimbox-dashboard\eimbox-materio\core\package_checker.php on line 105
[30-Jan-2026 23:10:38 Asia/Dhaka] PHP ERROR [2]: Undefined variable $monitorPanel in D:\XAMPP\htdocs\eimbox-dashboard\eimbox-materio\footer.php on line 157
[30-Jan-2026 23:10:39 Asia/Dhaka] PHP ERROR [2]: Undefined variable $totalDurationPage in D:\XAMPP\htdocs\eimbox-dashboard\eimbox-materio\core\package_checker.php on line 103
[30-Jan-2026 23:10:39 Asia/Dhaka] PHP ERROR [2]: Undefined variable $totalDurationAll in D:\XAMPP\htdocs\eimbox-dashboard\eimbox-materio\core\package_checker.php on line 104
[30-Jan-2026 23:10:39 Asia/Dhaka] PHP ERROR [2]: Undefined variable $totalRecordsPage in D:\XAMPP\htdocs\eimbox-dashboard\eimbox-materio\core\package_checker.php on line 105
[30-Jan-2026 23:10:41 Asia/Dhaka] PHP ERROR [2]: Undefined variable $monitorPanel in D:\XAMPP\htdocs\eimbox-dashboard\eimbox-materio\footer.php on line 157
[30-Jan-2026 23:10:44 Asia/Dhaka] PHP ERROR [2]: Undefined variable $totalDurationPage in D:\XAMPP\htdocs\eimbox-dashboard\eimbox-materio\core\package_checker.php on line 103
[30-Jan-2026 23:10:44 Asia/Dhaka] PHP ERROR [2]: Undefined variable $totalDurationAll in D:\XAMPP\htdocs\eimbox-dashboard\eimbox-materio\core\package_checker.php on line 104
[30-Jan-2026 23:10:44 Asia/Dhaka] PHP ERROR [2]: Undefined variable $totalRecordsPage in D:\XAMPP\htdocs\eimbox-dashboard\eimbox-materio\core\package_checker.php on line 105
[30-Jan-2026 23:10:45 Asia/Dhaka] PHP ERROR [2]: Undefined variable $monitorPanel in D:\XAMPP\htdocs\eimbox-dashboard\eimbox-materio\footer.php on line 157
[30-Jan-2026 23:40:08 Asia/Dhaka] PHP ERROR [2]: Undefined variable $totalDurationPage in D:\XAMPP\htdocs\eimbox-dashboard\eimbox-materio\core\package_checker.php on line 103
[30-Jan-2026 23:40:08 Asia/Dhaka] PHP ERROR [2]: Undefined variable $totalDurationAll in D:\XAMPP\htdocs\eimbox-dashboard\eimbox-materio\core\package_checker.php on line 104
[30-Jan-2026 23:40:08 Asia/Dhaka] PHP ERROR [2]: Undefined variable $totalRecordsPage in D:\XAMPP\htdocs\eimbox-dashboard\eimbox-materio\core\package_checker.php on line 105
[30-Jan-2026 23:40:09 Asia/Dhaka] PHP ERROR [2]: Undefined variable $monitorPanel in D:\XAMPP\htdocs\eimbox-dashboard\eimbox-materio\footer.php on line 157
[30-Jan-2026 23:40:28 Asia/Dhaka] PHP ERROR [2]: Undefined variable $totalDurationPage in D:\XAMPP\htdocs\eimbox-dashboard\eimbox-materio\core\package_checker.php on line 103
[30-Jan-2026 23:40:28 Asia/Dhaka] PHP ERROR [2]: Undefined variable $totalDurationAll in D:\XAMPP\htdocs\eimbox-dashboard\eimbox-materio\core\package_checker.php on line 104
[30-Jan-2026 23:40:28 Asia/Dhaka] PHP ERROR [2]: Undefined variable $totalRecordsPage in D:\XAMPP\htdocs\eimbox-dashboard\eimbox-materio\core\package_checker.php on line 105
[30-Jan-2026 23:40:28 Asia/Dhaka] PHP ERROR [8192]: htmlspecialchars(): Passing null to parameter #1 ($string) of type string is deprecated in D:\XAMPP\htdocs\eimbox-dashboard\eimbox-materio\header.php on line 267
[30-Jan-2026 23:40:28 Asia/Dhaka] PHP ERROR [8192]: htmlspecialchars(): Passing null to parameter #1 ($string) of type string is deprecated in D:\XAMPP\htdocs\eimbox-dashboard\eimbox-materio\header.php on line 268
[30-Jan-2026 23:40:28 Asia/Dhaka] PHP ERROR [8192]: htmlspecialchars(): Passing null to parameter #1 ($string) of type string is deprecated in D:\XAMPP\htdocs\eimbox-dashboard\eimbox-materio\header.php on line 267
[30-Jan-2026 23:40:28 Asia/Dhaka] PHP ERROR [2]: Undefined variable $monitorPanel in D:\XAMPP\htdocs\eimbox-dashboard\eimbox-materio\footer.php on line 157
[30-Jan-2026 23:41:24 Asia/Dhaka] PHP ERROR [2]: Undefined variable $totalDurationPage in D:\XAMPP\htdocs\eimbox-dashboard\eimbox-materio\core\package_checker.php on line 103
[30-Jan-2026 23:41:24 Asia/Dhaka] PHP ERROR [2]: Undefined variable $totalDurationAll in D:\XAMPP\htdocs\eimbox-dashboard\eimbox-materio\core\package_checker.php on line 104
[30-Jan-2026 23:41:24 Asia/Dhaka] PHP ERROR [2]: Undefined variable $totalRecordsPage in D:\XAMPP\htdocs\eimbox-dashboard\eimbox-materio\core\package_checker.php on line 105
[30-Jan-2026 23:41:24 Asia/Dhaka] PHP ERROR [8192]: htmlspecialchars(): Passing null to parameter #1 ($string) of type string is deprecated in D:\XAMPP\htdocs\eimbox-dashboard\eimbox-materio\header.php on line 267
[30-Jan-2026 23:41:24 Asia/Dhaka] PHP ERROR [8192]: htmlspecialchars(): Passing null to parameter #1 ($string) of type string is deprecated in D:\XAMPP\htdocs\eimbox-dashboard\eimbox-materio\header.php on line 268
[30-Jan-2026 23:41:24 Asia/Dhaka] PHP ERROR [8192]: htmlspecialchars(): Passing null to parameter #1 ($string) of type string is deprecated in D:\XAMPP\htdocs\eimbox-dashboard\eimbox-materio\header.php on line 267
[30-Jan-2026 23:41:24 Asia/Dhaka] PHP ERROR [2]: Undefined variable $monitorPanel in D:\XAMPP\htdocs\eimbox-dashboard\eimbox-materio\footer.php on line 157
[31-Jan-2026 00:30:16 Asia/Dhaka] PHP ERROR [2]: Undefined variable $totalDurationPage in D:\XAMPP\htdocs\eimbox-dashboard\eimbox-materio\core\package_checker.php on line 103
[31-Jan-2026 00:30:16 Asia/Dhaka] PHP ERROR [2]: Undefined variable $totalDurationAll in D:\XAMPP\htdocs\eimbox-dashboard\eimbox-materio\core\package_checker.php on line 104
[31-Jan-2026 00:30:16 Asia/Dhaka] PHP ERROR [2]: Undefined variable $totalRecordsPage in D:\XAMPP\htdocs\eimbox-dashboard\eimbox-materio\core\package_checker.php on line 105
[31-Jan-2026 00:30:16 Asia/Dhaka] PHP ERROR [2]: Undefined variable $monitorPanel in D:\XAMPP\htdocs\eimbox-dashboard\eimbox-materio\footer.php on line 157
[31-Jan-2026 00:30:53 Asia/Dhaka] PHP ERROR [2]: Undefined variable $totalDurationPage in D:\XAMPP\htdocs\eimbox-dashboard\eimbox-materio\core\package_checker.php on line 103
[31-Jan-2026 00:30:53 Asia/Dhaka] PHP ERROR [2]: Undefined variable $totalDurationAll in D:\XAMPP\htdocs\eimbox-dashboard\eimbox-materio\core\package_checker.php on line 104
[31-Jan-2026 00:30:53 Asia/Dhaka] PHP ERROR [2]: Undefined variable $totalRecordsPage in D:\XAMPP\htdocs\eimbox-dashboard\eimbox-materio\core\package_checker.php on line 105
[31-Jan-2026 00:30:54 Asia/Dhaka] PHP ERROR [2]: Undefined variable $monitorPanel in D:\XAMPP\htdocs\eimbox-dashboard\eimbox-materio\footer.php on line 157
[31-Jan-2026 00:31:44 Asia/Dhaka] PHP ERROR [2]: Undefined variable $totalDurationPage in D:\XAMPP\htdocs\eimbox-dashboard\eimbox-materio\core\package_checker.php on line 103
[31-Jan-2026 00:31:44 Asia/Dhaka] PHP ERROR [2]: Undefined variable $totalDurationAll in D:\XAMPP\htdocs\eimbox-dashboard\eimbox-materio\core\package_checker.php on line 104
[31-Jan-2026 00:31:44 Asia/Dhaka] PHP ERROR [2]: Undefined variable $totalRecordsPage in D:\XAMPP\htdocs\eimbox-dashboard\eimbox-materio\core\package_checker.php on line 105
[31-Jan-2026 00:31:44 Asia/Dhaka] PHP ERROR [2]: Undefined variable $monitorPanel in D:\XAMPP\htdocs\eimbox-dashboard\eimbox-materio\footer.php on line 157
[31-Jan-2026 00:32:42 Asia/Dhaka] PHP ERROR [2]: Undefined variable $totalDurationPage in D:\XAMPP\htdocs\eimbox-dashboard\eimbox-materio\core\package_checker.php on line 103
[31-Jan-2026 00:32:42 Asia/Dhaka] PHP ERROR [2]: Undefined variable $totalDurationAll in D:\XAMPP\htdocs\eimbox-dashboard\eimbox-materio\core\package_checker.php on line 104
[31-Jan-2026 00:32:42 Asia/Dhaka] PHP ERROR [2]: Undefined variable $totalRecordsPage in D:\XAMPP\htdocs\eimbox-dashboard\eimbox-materio\core\package_checker.php on line 105
[31-Jan-2026 00:32:42 Asia/Dhaka] PHP ERROR [2]: Undefined variable $monitorPanel in D:\XAMPP\htdocs\eimbox-dashboard\eimbox-materio\footer.php on line 157
[31-Jan-2026 00:32:56 Asia/Dhaka] PHP ERROR [2]: Undefined variable $totalDurationPage in D:\XAMPP\htdocs\eimbox-dashboard\eimbox-materio\core\package_checker.php on line 103
[31-Jan-2026 00:32:56 Asia/Dhaka] PHP ERROR [2]: Undefined variable $totalDurationAll in D:\XAMPP\htdocs\eimbox-dashboard\eimbox-materio\core\package_checker.php on line 104
[31-Jan-2026 00:32:56 Asia/Dhaka] PHP ERROR [2]: Undefined variable $totalRecordsPage in D:\XAMPP\htdocs\eimbox-dashboard\eimbox-materio\core\package_checker.php on line 105
[31-Jan-2026 00:32:56 Asia/Dhaka] PHP ERROR [2]: Undefined variable $monitorPanel in D:\XAMPP\htdocs\eimbox-dashboard\eimbox-materio\footer.php on line 157
[31-Jan-2026 00:49:16 Asia/Dhaka] PHP ERROR [2]: Undefined variable $totalDurationPage in D:\XAMPP\htdocs\eimbox-dashboard\eimbox-materio\core\package_checker.php on line 103
[31-Jan-2026 00:49:16 Asia/Dhaka] PHP ERROR [2]: Undefined variable $totalDurationAll in D:\XAMPP\htdocs\eimbox-dashboard\eimbox-materio\core\package_checker.php on line 104
[31-Jan-2026 00:49:16 Asia/Dhaka] PHP ERROR [2]: Undefined variable $totalRecordsPage in D:\XAMPP\htdocs\eimbox-dashboard\eimbox-materio\core\package_checker.php on line 105
[31-Jan-2026 00:49:16 Asia/Dhaka] PHP ERROR [2]: Undefined variable $monitorPanel in D:\XAMPP\htdocs\eimbox-dashboard\eimbox-materio\footer.php on line 157
[31-Jan-2026 00:49:49 Asia/Dhaka] PHP ERROR [2]: Undefined variable $totalDurationPage in D:\XAMPP\htdocs\eimbox-dashboard\eimbox-materio\core\package_checker.php on line 103
[31-Jan-2026 00:49:49 Asia/Dhaka] PHP ERROR [2]: Undefined variable $totalDurationAll in D:\XAMPP\htdocs\eimbox-dashboard\eimbox-materio\core\package_checker.php on line 104
[31-Jan-2026 00:49:49 Asia/Dhaka] PHP ERROR [2]: Undefined variable $totalRecordsPage in D:\XAMPP\htdocs\eimbox-dashboard\eimbox-materio\core\package_checker.php on line 105
[31-Jan-2026 00:52:38 Asia/Dhaka] PHP ERROR [2]: Undefined variable $totalDurationPage in D:\XAMPP\htdocs\eimbox-dashboard\eimbox-materio\core\package_checker.php on line 103
[31-Jan-2026 00:52:38 Asia/Dhaka] PHP ERROR [2]: Undefined variable $totalDurationAll in D:\XAMPP\htdocs\eimbox-dashboard\eimbox-materio\core\package_checker.php on line 104
[31-Jan-2026 00:52:38 Asia/Dhaka] PHP ERROR [2]: Undefined variable $totalRecordsPage in D:\XAMPP\htdocs\eimbox-dashboard\eimbox-materio\core\package_checker.php on line 105
[31-Jan-2026 00:52:45 Asia/Dhaka] PHP ERROR [2]: Undefined variable $totalDurationPage in D:\XAMPP\htdocs\eimbox-dashboard\eimbox-materio\core\package_checker.php on line 103
[31-Jan-2026 00:52:45 Asia/Dhaka] PHP ERROR [2]: Undefined variable $totalDurationAll in D:\XAMPP\htdocs\eimbox-dashboard\eimbox-materio\core\package_checker.php on line 104
[31-Jan-2026 00:52:45 Asia/Dhaka] PHP ERROR [2]: Undefined variable $totalRecordsPage in D:\XAMPP\htdocs\eimbox-dashboard\eimbox-materio\core\package_checker.php on line 105
[31-Jan-2026 00:53:49 Asia/Dhaka] PHP ERROR [2]: Undefined variable $totalDurationPage in D:\XAMPP\htdocs\eimbox-dashboard\eimbox-materio\core\package_checker.php on line 103
[31-Jan-2026 00:53:49 Asia/Dhaka] PHP ERROR [2]: Undefined variable $totalDurationAll in D:\XAMPP\htdocs\eimbox-dashboard\eimbox-materio\core\package_checker.php on line 104
[31-Jan-2026 00:53:49 Asia/Dhaka] PHP ERROR [2]: Undefined variable $totalRecordsPage in D:\XAMPP\htdocs\eimbox-dashboard\eimbox-materio\core\package_checker.php on line 105
[31-Jan-2026 00:53:57 Asia/Dhaka] PHP ERROR [2]: Undefined variable $totalDurationPage in D:\XAMPP\htdocs\eimbox-dashboard\eimbox-materio\core\package_checker.php on line 103
[31-Jan-2026 00:53:57 Asia/Dhaka] PHP ERROR [2]: Undefined variable $totalDurationAll in D:\XAMPP\htdocs\eimbox-dashboard\eimbox-materio\core\package_checker.php on line 104
[31-Jan-2026 00:53:57 Asia/Dhaka] PHP ERROR [2]: Undefined variable $totalRecordsPage in D:\XAMPP\htdocs\eimbox-dashboard\eimbox-materio\core\package_checker.php on line 105
[31-Jan-2026 00:54:01 Asia/Dhaka] PHP ERROR [2]: Undefined variable $totalDurationPage in D:\XAMPP\htdocs\eimbox-dashboard\eimbox-materio\core\package_checker.php on line 103
[31-Jan-2026 00:54:01 Asia/Dhaka] PHP ERROR [2]: Undefined variable $totalDurationAll in D:\XAMPP\htdocs\eimbox-dashboard\eimbox-materio\core\package_checker.php on line 104
[31-Jan-2026 00:54:01 Asia/Dhaka] PHP ERROR [2]: Undefined variable $totalRecordsPage in D:\XAMPP\htdocs\eimbox-dashboard\eimbox-materio\core\package_checker.php on line 105
[31-Jan-2026 00:54:02 Asia/Dhaka] PHP ERROR [2]: Undefined variable $monitorPanel in D:\XAMPP\htdocs\eimbox-dashboard\eimbox-materio\footer.php on line 157
[31-Jan-2026 00:54:25 Asia/Dhaka] PHP ERROR [2]: Undefined variable $totalDurationPage in D:\XAMPP\htdocs\eimbox-dashboard\eimbox-materio\core\package_checker.php on line 103
[31-Jan-2026 00:54:25 Asia/Dhaka] PHP ERROR [2]: Undefined variable $totalDurationAll in D:\XAMPP\htdocs\eimbox-dashboard\eimbox-materio\core\package_checker.php on line 104
[31-Jan-2026 00:54:25 Asia/Dhaka] PHP ERROR [2]: Undefined variable $totalRecordsPage in D:\XAMPP\htdocs\eimbox-dashboard\eimbox-materio\core\package_checker.php on line 105
[31-Jan-2026 00:59:06 Asia/Dhaka] PHP ERROR [2]: Undefined variable $totalDurationPage in D:\XAMPP\htdocs\eimbox-dashboard\eimbox-materio\core\package_checker.php on line 103
[31-Jan-2026 00:59:06 Asia/Dhaka] PHP ERROR [2]: Undefined variable $totalDurationAll in D:\XAMPP\htdocs\eimbox-dashboard\eimbox-materio\core\package_checker.php on line 104
[31-Jan-2026 00:59:06 Asia/Dhaka] PHP ERROR [2]: Undefined variable $totalRecordsPage in D:\XAMPP\htdocs\eimbox-dashboard\eimbox-materio\core\package_checker.php on line 105
[31-Jan-2026 01:03:30 Asia/Dhaka] PHP ERROR [2]: Undefined variable $totalDurationPage in D:\XAMPP\htdocs\eimbox-dashboard\eimbox-materio\core\package_checker.php on line 103
[31-Jan-2026 01:03:30 Asia/Dhaka] PHP ERROR [2]: Undefined variable $totalDurationAll in D:\XAMPP\htdocs\eimbox-dashboard\eimbox-materio\core\package_checker.php on line 104
[31-Jan-2026 01:03:30 Asia/Dhaka] PHP ERROR [2]: Undefined variable $totalRecordsPage in D:\XAMPP\htdocs\eimbox-dashboard\eimbox-materio\core\package_checker.php on line 105
[31-Jan-2026 01:03:32 Asia/Dhaka] PHP ERROR [2]: Undefined variable $monitorPanel in D:\XAMPP\htdocs\eimbox-dashboard\eimbox-materio\footer.php on line 157
[31-Jan-2026 01:03:35 Asia/Dhaka] PHP ERROR [2]: Undefined variable $totalDurationPage in D:\XAMPP\htdocs\eimbox-dashboard\eimbox-materio\core\package_checker.php on line 103
[31-Jan-2026 01:03:35 Asia/Dhaka] PHP ERROR [2]: Undefined variable $totalDurationAll in D:\XAMPP\htdocs\eimbox-dashboard\eimbox-materio\core\package_checker.php on line 104
[31-Jan-2026 01:03:35 Asia/Dhaka] PHP ERROR [2]: Undefined variable $totalRecordsPage in D:\XAMPP\htdocs\eimbox-dashboard\eimbox-materio\core\package_checker.php on line 105
[31-Jan-2026 01:03:38 Asia/Dhaka] PHP ERROR [2]: Undefined variable $totalDurationPage in D:\XAMPP\htdocs\eimbox-dashboard\eimbox-materio\core\package_checker.php on line 103
[31-Jan-2026 01:03:38 Asia/Dhaka] PHP ERROR [2]: Undefined variable $totalDurationAll in D:\XAMPP\htdocs\eimbox-dashboard\eimbox-materio\core\package_checker.php on line 104
[31-Jan-2026 01:03:38 Asia/Dhaka] PHP ERROR [2]: Undefined variable $totalRecordsPage in D:\XAMPP\htdocs\eimbox-dashboard\eimbox-materio\core\package_checker.php on line 105
[31-Jan-2026 01:03:38 Asia/Dhaka] PHP ERROR [2]: Undefined variable $monitorPanel in D:\XAMPP\htdocs\eimbox-dashboard\eimbox-materio\footer.php on line 157
[31-Jan-2026 01:03:40 Asia/Dhaka] PHP ERROR [2]: Undefined variable $totalDurationPage in D:\XAMPP\htdocs\eimbox-dashboard\eimbox-materio\core\package_checker.php on line 103
[31-Jan-2026 01:03:40 Asia/Dhaka] PHP ERROR [2]: Undefined variable $totalDurationAll in D:\XAMPP\htdocs\eimbox-dashboard\eimbox-materio\core\package_checker.php on line 104
[31-Jan-2026 01:03:40 Asia/Dhaka] PHP ERROR [2]: Undefined variable $totalRecordsPage in D:\XAMPP\htdocs\eimbox-dashboard\eimbox-materio\core\package_checker.php on line 105
[31-Jan-2026 01:03:41 Asia/Dhaka] PHP ERROR [2]: Undefined variable $monitorPanel in D:\XAMPP\htdocs\eimbox-dashboard\eimbox-materio\footer.php on line 157
[31-Jan-2026 01:19:11 Asia/Dhaka] PHP ERROR [2]: Undefined variable $totalDurationPage in D:\XAMPP\htdocs\eimbox-dashboard\eimbox-materio\core\package_checker.php on line 103
[31-Jan-2026 01:19:11 Asia/Dhaka] PHP ERROR [2]: Undefined variable $totalDurationAll in D:\XAMPP\htdocs\eimbox-dashboard\eimbox-materio\core\package_checker.php on line 104
[31-Jan-2026 01:19:11 Asia/Dhaka] PHP ERROR [2]: Undefined variable $totalRecordsPage in D:\XAMPP\htdocs\eimbox-dashboard\eimbox-materio\core\package_checker.php on line 105
[31-Jan-2026 01:21:03 Asia/Dhaka] PHP ERROR [2]: Undefined variable $totalDurationPage in D:\XAMPP\htdocs\eimbox-dashboard\eimbox-materio\core\package_checker.php on line 103
[31-Jan-2026 01:21:03 Asia/Dhaka] PHP ERROR [2]: Undefined variable $totalDurationAll in D:\XAMPP\htdocs\eimbox-dashboard\eimbox-materio\core\package_checker.php on line 104
[31-Jan-2026 01:21:03 Asia/Dhaka] PHP ERROR [2]: Undefined variable $totalRecordsPage in D:\XAMPP\htdocs\eimbox-dashboard\eimbox-materio\core\package_checker.php on line 105
[31-Jan-2026 01:21:07 Asia/Dhaka] PHP ERROR [2]: Undefined variable $totalDurationPage in D:\XAMPP\htdocs\eimbox-dashboard\eimbox-materio\core\package_checker.php on line 103
[31-Jan-2026 01:21:07 Asia/Dhaka] PHP ERROR [2]: Undefined variable $totalDurationAll in D:\XAMPP\htdocs\eimbox-dashboard\eimbox-materio\core\package_checker.php on line 104
[31-Jan-2026 01:21:07 Asia/Dhaka] PHP ERROR [2]: Undefined variable $totalRecordsPage in D:\XAMPP\htdocs\eimbox-dashboard\eimbox-materio\core\package_checker.php on line 105
[31-Jan-2026 01:21:28 Asia/Dhaka] PHP ERROR [2]: Undefined variable $totalDurationPage in D:\XAMPP\htdocs\eimbox-dashboard\eimbox-materio\core\package_checker.php on line 103
[31-Jan-2026 01:21:28 Asia/Dhaka] PHP ERROR [2]: Undefined variable $totalDurationAll in D:\XAMPP\htdocs\eimbox-dashboard\eimbox-materio\core\package_checker.php on line 104
[31-Jan-2026 01:21:28 Asia/Dhaka] PHP ERROR [2]: Undefined variable $totalRecordsPage in D:\XAMPP\htdocs\eimbox-dashboard\eimbox-materio\core\package_checker.php on line 105
[31-Jan-2026 01:21:33 Asia/Dhaka] PHP ERROR [2]: Undefined variable $totalDurationPage in D:\XAMPP\htdocs\eimbox-dashboard\eimbox-materio\core\package_checker.php on line 103
[31-Jan-2026 01:21:33 Asia/Dhaka] PHP ERROR [2]: Undefined variable $totalDurationAll in D:\XAMPP\htdocs\eimbox-dashboard\eimbox-materio\core\package_checker.php on line 104
[31-Jan-2026 01:21:33 Asia/Dhaka] PHP ERROR [2]: Undefined variable $totalRecordsPage in D:\XAMPP\htdocs\eimbox-dashboard\eimbox-materio\core\package_checker.php on line 105
[31-Jan-2026 01:21:53 Asia/Dhaka] PHP ERROR [2]: Undefined variable $totalDurationPage in D:\XAMPP\htdocs\eimbox-dashboard\eimbox-materio\core\package_checker.php on line 103
[31-Jan-2026 01:21:53 Asia/Dhaka] PHP ERROR [2]: Undefined variable $totalDurationAll in D:\XAMPP\htdocs\eimbox-dashboard\eimbox-materio\core\package_checker.php on line 104
[31-Jan-2026 01:21:53 Asia/Dhaka] PHP ERROR [2]: Undefined variable $totalRecordsPage in D:\XAMPP\htdocs\eimbox-dashboard\eimbox-materio\core\package_checker.php on line 105
[31-Jan-2026 01:22:01 Asia/Dhaka] PHP ERROR [2]: Undefined variable $totalDurationPage in D:\XAMPP\htdocs\eimbox-dashboard\eimbox-materio\core\package_checker.php on line 103
[31-Jan-2026 01:22:01 Asia/Dhaka] PHP ERROR [2]: Undefined variable $totalDurationAll in D:\XAMPP\htdocs\eimbox-dashboard\eimbox-materio\core\package_checker.php on line 104
[31-Jan-2026 01:22:01 Asia/Dhaka] PHP ERROR [2]: Undefined variable $totalRecordsPage in D:\XAMPP\htdocs\eimbox-dashboard\eimbox-materio\core\package_checker.php on line 105
[31-Jan-2026 01:22:03 Asia/Dhaka] PHP ERROR [2]: Undefined variable $monitorPanel in D:\XAMPP\htdocs\eimbox-dashboard\eimbox-materio\footer.php on line 157
[31-Jan-2026 04:25:07 Asia/Dhaka] Uncaught Exception: Table 'sldijsf87sxckf.audit_log' doesn't exist in D:\XAMPP\htdocs\eimbox-dashboard\eimbox-materio\login.php on line 94
[31-Jan-2026 04:27:06 Asia/Dhaka] PHP ERROR [2]: Undefined variable $totalDurationPage in D:\XAMPP\htdocs\eimbox-dashboard\eimbox-materio\core\package_checker.php on line 103
[31-Jan-2026 04:27:06 Asia/Dhaka] PHP ERROR [2]: Undefined variable $totalDurationAll in D:\XAMPP\htdocs\eimbox-dashboard\eimbox-materio\core\package_checker.php on line 104
[31-Jan-2026 04:27:06 Asia/Dhaka] PHP ERROR [2]: Undefined variable $totalRecordsPage in D:\XAMPP\htdocs\eimbox-dashboard\eimbox-materio\core\package_checker.php on line 105
[31-Jan-2026 04:27:06 Asia/Dhaka] PHP ERROR [2]: Undefined variable $monitorPanel in D:\XAMPP\htdocs\eimbox-dashboard\eimbox-materio\footer.php on line 157
[31-Jan-2026 04:27:20 Asia/Dhaka] PHP ERROR [2]: Undefined variable $totalDurationPage in D:\XAMPP\htdocs\eimbox-dashboard\eimbox-materio\core\package_checker.php on line 103
[31-Jan-2026 04:27:20 Asia/Dhaka] PHP ERROR [2]: Undefined variable $totalDurationAll in D:\XAMPP\htdocs\eimbox-dashboard\eimbox-materio\core\package_checker.php on line 104
[31-Jan-2026 04:27:20 Asia/Dhaka] PHP ERROR [2]: Undefined variable $totalRecordsPage in D:\XAMPP\htdocs\eimbox-dashboard\eimbox-materio\core\package_checker.php on line 105
[31-Jan-2026 04:27:22 Asia/Dhaka] PHP ERROR [2]: Undefined variable $totalDurationPage in D:\XAMPP\htdocs\eimbox-dashboard\eimbox-materio\core\package_checker.php on line 103
[31-Jan-2026 04:27:22 Asia/Dhaka] PHP ERROR [2]: Undefined variable $totalDurationAll in D:\XAMPP\htdocs\eimbox-dashboard\eimbox-materio\core\package_checker.php on line 104
[31-Jan-2026 04:27:22 Asia/Dhaka] PHP ERROR [2]: Undefined variable $totalRecordsPage in D:\XAMPP\htdocs\eimbox-dashboard\eimbox-materio\core\package_checker.php on line 105
[31-Jan-2026 04:27:24 Asia/Dhaka] PHP ERROR [2]: Undefined variable $monitorPanel in D:\XAMPP\htdocs\eimbox-dashboard\eimbox-materio\footer.php on line 157
[31-Jan-2026 04:31:21 Asia/Dhaka] PHP ERROR [2]: Undefined variable $totalDurationPage in D:\XAMPP\htdocs\eimbox-dashboard\eimbox-materio\core\package_checker.php on line 103
[31-Jan-2026 04:31:21 Asia/Dhaka] PHP ERROR [2]: Undefined variable $totalDurationAll in D:\XAMPP\htdocs\eimbox-dashboard\eimbox-materio\core\package_checker.php on line 104
[31-Jan-2026 04:31:21 Asia/Dhaka] PHP ERROR [2]: Undefined variable $totalRecordsPage in D:\XAMPP\htdocs\eimbox-dashboard\eimbox-materio\core\package_checker.php on line 105
[31-Jan-2026 04:31:23 Asia/Dhaka] PHP ERROR [2]: Undefined variable $monitorPanel in D:\XAMPP\htdocs\eimbox-dashboard\eimbox-materio\footer.php on line 157
[31-Jan-2026 04:42:45 Asia/Dhaka] PHP ERROR [2]: Undefined variable $totalDurationPage in D:\XAMPP\htdocs\eimbox-dashboard\eimbox-materio\core\package_checker.php on line 103
[31-Jan-2026 04:42:45 Asia/Dhaka] PHP ERROR [2]: Undefined variable $totalDurationAll in D:\XAMPP\htdocs\eimbox-dashboard\eimbox-materio\core\package_checker.php on line 104
[31-Jan-2026 04:42:45 Asia/Dhaka] PHP ERROR [2]: Undefined variable $totalRecordsPage in D:\XAMPP\htdocs\eimbox-dashboard\eimbox-materio\core\package_checker.php on line 105
[31-Jan-2026 04:42:47 Asia/Dhaka] PHP ERROR [2]: Undefined variable $monitorPanel in D:\XAMPP\htdocs\eimbox-dashboard\eimbox-materio\footer.php on line 157
[31-Jan-2026 13:08:01 Asia/Dhaka] PHP ERROR [2]: Undefined variable $totalDurationPage in D:\XAMPP\htdocs\eimbox-dashboard\eimbox-materio\core\package_checker.php on line 103
[31-Jan-2026 13:08:01 Asia/Dhaka] PHP ERROR [2]: Undefined variable $totalDurationAll in D:\XAMPP\htdocs\eimbox-dashboard\eimbox-materio\core\package_checker.php on line 104
[31-Jan-2026 13:08:01 Asia/Dhaka] PHP ERROR [2]: Undefined variable $totalRecordsPage in D:\XAMPP\htdocs\eimbox-dashboard\eimbox-materio\core\package_checker.php on line 105
[31-Jan-2026 13:08:01 Asia/Dhaka] PHP ERROR [2]: Undefined variable $monitorPanel in D:\XAMPP\htdocs\eimbox-dashboard\eimbox-materio\footer.php on line 157
[31-Jan-2026 13:08:09 Asia/Dhaka] PHP ERROR [2]: Undefined variable $totalDurationPage in D:\XAMPP\htdocs\eimbox-dashboard\eimbox-materio\core\package_checker.php on line 103
[31-Jan-2026 13:08:09 Asia/Dhaka] PHP ERROR [2]: Undefined variable $totalDurationAll in D:\XAMPP\htdocs\eimbox-dashboard\eimbox-materio\core\package_checker.php on line 104
[31-Jan-2026 13:08:09 Asia/Dhaka] PHP ERROR [2]: Undefined variable $totalRecordsPage in D:\XAMPP\htdocs\eimbox-dashboard\eimbox-materio\core\package_checker.php on line 105
[31-Jan-2026 13:08:11 Asia/Dhaka] PHP ERROR [2]: Undefined variable $totalDurationPage in D:\XAMPP\htdocs\eimbox-dashboard\eimbox-materio\core\package_checker.php on line 103
[31-Jan-2026 13:08:11 Asia/Dhaka] PHP ERROR [2]: Undefined variable $totalDurationAll in D:\XAMPP\htdocs\eimbox-dashboard\eimbox-materio\core\package_checker.php on line 104
[31-Jan-2026 13:08:11 Asia/Dhaka] PHP ERROR [2]: Undefined variable $totalRecordsPage in D:\XAMPP\htdocs\eimbox-dashboard\eimbox-materio\core\package_checker.php on line 105
[31-Jan-2026 13:08:13 Asia/Dhaka] PHP ERROR [2]: Undefined variable $monitorPanel in D:\XAMPP\htdocs\eimbox-dashboard\eimbox-materio\footer.php on line 157
[31-Jan-2026 23:05:07 Asia/Dhaka] PHP ERROR [2]: Undefined variable $totalDurationPage in D:\XAMPP\htdocs\eimbox-dashboard\eimbox-materio\core\package_checker.php on line 103
[31-Jan-2026 23:05:07 Asia/Dhaka] PHP ERROR [2]: Undefined variable $totalDurationAll in D:\XAMPP\htdocs\eimbox-dashboard\eimbox-materio\core\package_checker.php on line 104
[31-Jan-2026 23:05:07 Asia/Dhaka] PHP ERROR [2]: Undefined variable $totalRecordsPage in D:\XAMPP\htdocs\eimbox-dashboard\eimbox-materio\core\package_checker.php on line 105
[31-Jan-2026 23:05:07 Asia/Dhaka] PHP ERROR [2]: Undefined variable $monitorPanel in D:\XAMPP\htdocs\eimbox-dashboard\eimbox-materio\footer.php on line 157
[31-Jan-2026 23:05:09 Asia/Dhaka] PHP ERROR [2]: Undefined variable $totalDurationPage in D:\XAMPP\htdocs\eimbox-dashboard\eimbox-materio\core\package_checker.php on line 103
[31-Jan-2026 23:05:09 Asia/Dhaka] PHP ERROR [2]: Undefined variable $totalDurationAll in D:\XAMPP\htdocs\eimbox-dashboard\eimbox-materio\core\package_checker.php on line 104
[31-Jan-2026 23:05:09 Asia/Dhaka] PHP ERROR [2]: Undefined variable $totalRecordsPage in D:\XAMPP\htdocs\eimbox-dashboard\eimbox-materio\core\package_checker.php on line 105
[31-Jan-2026 23:05:09 Asia/Dhaka] PHP ERROR [2]: Undefined variable $monitorPanel in D:\XAMPP\htdocs\eimbox-dashboard\eimbox-materio\footer.php on line 157
[31-Jan-2026 23:05:10 Asia/Dhaka] PHP ERROR [2]: Undefined variable $totalDurationPage in D:\XAMPP\htdocs\eimbox-dashboard\eimbox-materio\core\package_checker.php on line 103
[31-Jan-2026 23:05:10 Asia/Dhaka] PHP ERROR [2]: Undefined variable $totalDurationAll in D:\XAMPP\htdocs\eimbox-dashboard\eimbox-materio\core\package_checker.php on line 104
[31-Jan-2026 23:05:10 Asia/Dhaka] PHP ERROR [2]: Undefined variable $totalRecordsPage in D:\XAMPP\htdocs\eimbox-dashboard\eimbox-materio\core\package_checker.php on line 105
[31-Jan-2026 23:05:13 Asia/Dhaka] PHP ERROR [2]: Undefined variable $totalDurationPage in D:\XAMPP\htdocs\eimbox-dashboard\eimbox-materio\core\package_checker.php on line 103
[31-Jan-2026 23:05:13 Asia/Dhaka] PHP ERROR [2]: Undefined variable $totalDurationAll in D:\XAMPP\htdocs\eimbox-dashboard\eimbox-materio\core\package_checker.php on line 104
[31-Jan-2026 23:05:13 Asia/Dhaka] PHP ERROR [2]: Undefined variable $totalRecordsPage in D:\XAMPP\htdocs\eimbox-dashboard\eimbox-materio\core\package_checker.php on line 105
[31-Jan-2026 23:05:14 Asia/Dhaka] PHP ERROR [2]: Undefined variable $monitorPanel in D:\XAMPP\htdocs\eimbox-dashboard\eimbox-materio\footer.php on line 157
[01-Feb-2026 00:02:59 Asia/Dhaka] PHP ERROR [2]: Undefined variable $totalDurationPage in D:\XAMPP\htdocs\eimbox-dashboard\eimbox-materio\core\package_checker.php on line 103
[01-Feb-2026 00:02:59 Asia/Dhaka] PHP ERROR [2]: Undefined variable $totalDurationAll in D:\XAMPP\htdocs\eimbox-dashboard\eimbox-materio\core\package_checker.php on line 104
[01-Feb-2026 00:02:59 Asia/Dhaka] PHP ERROR [2]: Undefined variable $totalRecordsPage in D:\XAMPP\htdocs\eimbox-dashboard\eimbox-materio\core\package_checker.php on line 105
[01-Feb-2026 00:03:01 Asia/Dhaka] PHP ERROR [2]: Undefined variable $monitorPanel in D:\XAMPP\htdocs\eimbox-dashboard\eimbox-materio\footer.php on line 157
[01-Feb-2026 00:03:05 Asia/Dhaka] PHP ERROR [2]: Undefined variable $totalDurationPage in D:\XAMPP\htdocs\eimbox-dashboard\eimbox-materio\core\package_checker.php on line 103
[01-Feb-2026 00:03:05 Asia/Dhaka] PHP ERROR [2]: Undefined variable $totalDurationAll in D:\XAMPP\htdocs\eimbox-dashboard\eimbox-materio\core\package_checker.php on line 104
[01-Feb-2026 00:03:05 Asia/Dhaka] PHP ERROR [2]: Undefined variable $totalRecordsPage in D:\XAMPP\htdocs\eimbox-dashboard\eimbox-materio\core\package_checker.php on line 105
[01-Feb-2026 00:03:07 Asia/Dhaka] PHP ERROR [2]: Undefined variable $monitorPanel in D:\XAMPP\htdocs\eimbox-dashboard\eimbox-materio\footer.php on line 157
[01-Feb-2026 01:53:54 Asia/Dhaka] PHP ERROR [2]: Undefined variable $totalDurationPage in D:\XAMPP\htdocs\eimbox-dashboard\eimbox-materio\core\package_checker.php on line 103
[01-Feb-2026 01:53:54 Asia/Dhaka] PHP ERROR [2]: Undefined variable $totalDurationAll in D:\XAMPP\htdocs\eimbox-dashboard\eimbox-materio\core\package_checker.php on line 104
[01-Feb-2026 01:53:54 Asia/Dhaka] PHP ERROR [2]: Undefined variable $totalRecordsPage in D:\XAMPP\htdocs\eimbox-dashboard\eimbox-materio\core\package_checker.php on line 105
[01-Feb-2026 01:53:57 Asia/Dhaka] PHP ERROR [2]: Undefined variable $monitorPanel in D:\XAMPP\htdocs\eimbox-dashboard\eimbox-materio\footer.php on line 157
[01-Feb-2026 12:42:28 Asia/Dhaka] PHP ERROR [2]: Undefined variable $totalDurationPage in D:\XAMPP\htdocs\eimbox-dashboard\eimbox-materio\core\package_checker.php on line 103
[01-Feb-2026 12:42:28 Asia/Dhaka] PHP ERROR [2]: Undefined variable $totalDurationAll in D:\XAMPP\htdocs\eimbox-dashboard\eimbox-materio\core\package_checker.php on line 104
[01-Feb-2026 12:42:28 Asia/Dhaka] PHP ERROR [2]: Undefined variable $totalRecordsPage in D:\XAMPP\htdocs\eimbox-dashboard\eimbox-materio\core\package_checker.php on line 105
[01-Feb-2026 12:42:28 Asia/Dhaka] PHP ERROR [8192]: htmlspecialchars(): Passing null to parameter #1 ($string) of type string is deprecated in D:\XAMPP\htdocs\eimbox-dashboard\eimbox-materio\header.php on line 268
[01-Feb-2026 12:42:28 Asia/Dhaka] PHP ERROR [8192]: htmlspecialchars(): Passing null to parameter #1 ($string) of type string is deprecated in D:\XAMPP\htdocs\eimbox-dashboard\eimbox-materio\header.php on line 269
[01-Feb-2026 12:42:28 Asia/Dhaka] PHP ERROR [8192]: htmlspecialchars(): Passing null to parameter #1 ($string) of type string is deprecated in D:\XAMPP\htdocs\eimbox-dashboard\eimbox-materio\header.php on line 268
[01-Feb-2026 12:42:29 Asia/Dhaka] PHP ERROR [2]: Undefined variable $monitorPanel in D:\XAMPP\htdocs\eimbox-dashboard\eimbox-materio\footer.php on line 157
[01-Feb-2026 12:42:38 Asia/Dhaka] PHP ERROR [2]: Undefined variable $totalDurationPage in D:\XAMPP\htdocs\eimbox-dashboard\eimbox-materio\core\package_checker.php on line 103
[01-Feb-2026 12:42:38 Asia/Dhaka] PHP ERROR [2]: Undefined variable $totalDurationAll in D:\XAMPP\htdocs\eimbox-dashboard\eimbox-materio\core\package_checker.php on line 104
[01-Feb-2026 12:42:38 Asia/Dhaka] PHP ERROR [2]: Undefined variable $totalRecordsPage in D:\XAMPP\htdocs\eimbox-dashboard\eimbox-materio\core\package_checker.php on line 105
[01-Feb-2026 12:42:38 Asia/Dhaka] PHP ERROR [2]: Undefined variable $monitorPanel in D:\XAMPP\htdocs\eimbox-dashboard\eimbox-materio\footer.php on line 157
[07-Feb-2026 19:29:25 Asia/Dhaka] PHP ERROR [2]: Undefined variable $totalDurationPage in D:\XAMPP\htdocs\eimbox-dashboard\eimbox-materio\core\package_checker.php on line 103
[07-Feb-2026 19:29:25 Asia/Dhaka] PHP ERROR [2]: Undefined variable $totalDurationAll in D:\XAMPP\htdocs\eimbox-dashboard\eimbox-materio\core\package_checker.php on line 104
[07-Feb-2026 19:29:25 Asia/Dhaka] PHP ERROR [2]: Undefined variable $totalRecordsPage in D:\XAMPP\htdocs\eimbox-dashboard\eimbox-materio\core\package_checker.php on line 105
[07-Feb-2026 19:29:25 Asia/Dhaka] PHP ERROR [2]: Undefined variable $monitorPanel in D:\XAMPP\htdocs\eimbox-dashboard\eimbox-materio\footer.php on line 157
[07-Feb-2026 19:29:43 Asia/Dhaka] PHP ERROR [2]: Undefined variable $totalDurationPage in D:\XAMPP\htdocs\eimbox-dashboard\eimbox-materio\core\package_checker.php on line 103
[07-Feb-2026 19:29:43 Asia/Dhaka] PHP ERROR [2]: Undefined variable $totalDurationAll in D:\XAMPP\htdocs\eimbox-dashboard\eimbox-materio\core\package_checker.php on line 104
[07-Feb-2026 19:29:43 Asia/Dhaka] PHP ERROR [2]: Undefined variable $totalRecordsPage in D:\XAMPP\htdocs\eimbox-dashboard\eimbox-materio\core\package_checker.php on line 105
[07-Feb-2026 19:29:43 Asia/Dhaka] PHP ERROR [2]: Undefined variable $monitorPanel in D:\XAMPP\htdocs\eimbox-dashboard\eimbox-materio\footer.php on line 157
[07-Feb-2026 19:30:00 Asia/Dhaka] PHP ERROR [2]: Undefined variable $totalDurationPage in D:\XAMPP\htdocs\eimbox-dashboard\eimbox-materio\core\package_checker.php on line 103
[07-Feb-2026 19:30:00 Asia/Dhaka] PHP ERROR [2]: Undefined variable $totalDurationAll in D:\XAMPP\htdocs\eimbox-dashboard\eimbox-materio\core\package_checker.php on line 104
[07-Feb-2026 19:30:00 Asia/Dhaka] PHP ERROR [2]: Undefined variable $totalRecordsPage in D:\XAMPP\htdocs\eimbox-dashboard\eimbox-materio\core\package_checker.php on line 105
[07-Feb-2026 19:30:00 Asia/Dhaka] PHP ERROR [2]: Undefined variable $monitorPanel in D:\XAMPP\htdocs\eimbox-dashboard\eimbox-materio\footer.php on line 157
[07-Feb-2026 19:30:04 Asia/Dhaka] PHP ERROR [2]: Undefined variable $totalDurationPage in D:\XAMPP\htdocs\eimbox-dashboard\eimbox-materio\core\package_checker.php on line 103
[07-Feb-2026 19:30:04 Asia/Dhaka] PHP ERROR [2]: Undefined variable $totalDurationAll in D:\XAMPP\htdocs\eimbox-dashboard\eimbox-materio\core\package_checker.php on line 104
[07-Feb-2026 19:30:04 Asia/Dhaka] PHP ERROR [2]: Undefined variable $totalRecordsPage in D:\XAMPP\htdocs\eimbox-dashboard\eimbox-materio\core\package_checker.php on line 105
[07-Feb-2026 19:30:04 Asia/Dhaka] PHP ERROR [2]: Undefined variable $monitorPanel in D:\XAMPP\htdocs\eimbox-dashboard\eimbox-materio\footer.php on line 157
[23-Feb-2026 02:25:16 Asia/Dhaka] PHP ERROR [2]: Undefined variable $totalDurationPage in D:\XAMPP\htdocs\eimbox-dashboard\eimbox-materio\core\package_checker.php on line 103
[23-Feb-2026 02:25:16 Asia/Dhaka] PHP ERROR [2]: Undefined variable $totalDurationAll in D:\XAMPP\htdocs\eimbox-dashboard\eimbox-materio\core\package_checker.php on line 104
[23-Feb-2026 02:25:16 Asia/Dhaka] PHP ERROR [2]: Undefined variable $totalRecordsPage in D:\XAMPP\htdocs\eimbox-dashboard\eimbox-materio\core\package_checker.php on line 105
[23-Feb-2026 02:25:16 Asia/Dhaka] PHP ERROR [2]: Undefined variable $monitorPanel in D:\XAMPP\htdocs\eimbox-dashboard\eimbox-materio\footer.php on line 157
[23-Feb-2026 02:27:12 Asia/Dhaka] PHP ERROR [2]: Undefined variable $totalDurationPage in D:\XAMPP\htdocs\eimbox-dashboard\eimbox-materio\core\package_checker.php on line 103
[23-Feb-2026 02:27:12 Asia/Dhaka] PHP ERROR [2]: Undefined variable $totalDurationAll in D:\XAMPP\htdocs\eimbox-dashboard\eimbox-materio\core\package_checker.php on line 104
[23-Feb-2026 02:27:12 Asia/Dhaka] PHP ERROR [2]: Undefined variable $totalRecordsPage in D:\XAMPP\htdocs\eimbox-dashboard\eimbox-materio\core\package_checker.php on line 105
[23-Feb-2026 02:27:12 Asia/Dhaka] PHP ERROR [2]: Undefined variable $monitorPanel in D:\XAMPP\htdocs\eimbox-dashboard\eimbox-materio\footer.php on line 157
[23-Feb-2026 02:28:12 Asia/Dhaka] PHP ERROR [2]: Undefined variable $totalDurationPage in D:\XAMPP\htdocs\eimbox-dashboard\eimbox-materio\core\package_checker.php on line 103
[23-Feb-2026 02:28:12 Asia/Dhaka] PHP ERROR [2]: Undefined variable $totalDurationAll in D:\XAMPP\htdocs\eimbox-dashboard\eimbox-materio\core\package_checker.php on line 104
[23-Feb-2026 02:28:12 Asia/Dhaka] PHP ERROR [2]: Undefined variable $totalRecordsPage in D:\XAMPP\htdocs\eimbox-dashboard\eimbox-materio\core\package_checker.php on line 105
[23-Feb-2026 02:28:13 Asia/Dhaka] PHP ERROR [2]: Undefined variable $monitorPanel in D:\XAMPP\htdocs\eimbox-dashboard\eimbox-materio\footer.php on line 157
[23-Feb-2026 02:30:49 Asia/Dhaka] PHP ERROR [2]: Undefined variable $totalDurationPage in D:\XAMPP\htdocs\eimbox-dashboard\eimbox-materio\core\package_checker.php on line 103
[23-Feb-2026 02:30:49 Asia/Dhaka] PHP ERROR [2]: Undefined variable $totalDurationAll in D:\XAMPP\htdocs\eimbox-dashboard\eimbox-materio\core\package_checker.php on line 104
[23-Feb-2026 02:30:49 Asia/Dhaka] PHP ERROR [2]: Undefined variable $totalRecordsPage in D:\XAMPP\htdocs\eimbox-dashboard\eimbox-materio\core\package_checker.php on line 105
[23-Feb-2026 02:30:49 Asia/Dhaka] PHP ERROR [2]: Undefined variable $monitorPanel in D:\XAMPP\htdocs\eimbox-dashboard\eimbox-materio\footer.php on line 157
[23-Feb-2026 02:31:27 Asia/Dhaka] PHP ERROR [2]: Undefined variable $totalDurationPage in D:\XAMPP\htdocs\eimbox-dashboard\eimbox-materio\core\package_checker.php on line 103
[23-Feb-2026 02:31:27 Asia/Dhaka] PHP ERROR [2]: Undefined variable $totalDurationAll in D:\XAMPP\htdocs\eimbox-dashboard\eimbox-materio\core\package_checker.php on line 104
[23-Feb-2026 02:31:27 Asia/Dhaka] PHP ERROR [2]: Undefined variable $totalRecordsPage in D:\XAMPP\htdocs\eimbox-dashboard\eimbox-materio\core\package_checker.php on line 105
[23-Feb-2026 02:31:27 Asia/Dhaka] PHP ERROR [2]: Undefined variable $monitorPanel in D:\XAMPP\htdocs\eimbox-dashboard\eimbox-materio\footer.php on line 157
[10-Mar-2026 01:14:12 Asia/Dhaka] PHP ERROR [2]: Undefined variable $totalDurationPage in D:\XAMPP\htdocs\eimbox-dashboard\eimbox-materio\core\package_checker.php on line 103
[10-Mar-2026 01:14:12 Asia/Dhaka] PHP ERROR [2]: Undefined variable $totalDurationAll in D:\XAMPP\htdocs\eimbox-dashboard\eimbox-materio\core\package_checker.php on line 104
[10-Mar-2026 01:14:12 Asia/Dhaka] PHP ERROR [2]: Undefined variable $totalRecordsPage in D:\XAMPP\htdocs\eimbox-dashboard\eimbox-materio\core\package_checker.php on line 105
[10-Mar-2026 01:14:12 Asia/Dhaka] PHP ERROR [2]: Undefined variable $monitorPanel in D:\XAMPP\htdocs\eimbox-dashboard\eimbox-materio\footer.php on line 157
[10-Mar-2026 01:16:00 Asia/Dhaka] PHP ERROR [2]: Undefined variable $totalDurationPage in D:\XAMPP\htdocs\eimbox-dashboard\eimbox-materio\core\package_checker.php on line 103
[10-Mar-2026 01:16:00 Asia/Dhaka] PHP ERROR [2]: Undefined variable $totalDurationAll in D:\XAMPP\htdocs\eimbox-dashboard\eimbox-materio\core\package_checker.php on line 104
[10-Mar-2026 01:16:00 Asia/Dhaka] PHP ERROR [2]: Undefined variable $totalRecordsPage in D:\XAMPP\htdocs\eimbox-dashboard\eimbox-materio\core\package_checker.php on line 105
[10-Mar-2026 01:16:00 Asia/Dhaka] PHP ERROR [2]: Undefined variable $monitorPanel in D:\XAMPP\htdocs\eimbox-dashboard\eimbox-materio\footer.php on line 157
[10-Mar-2026 01:16:03 Asia/Dhaka] PHP ERROR [2]: Undefined variable $totalDurationPage in D:\XAMPP\htdocs\eimbox-dashboard\eimbox-materio\core\package_checker.php on line 103
[10-Mar-2026 01:16:03 Asia/Dhaka] PHP ERROR [2]: Undefined variable $totalDurationAll in D:\XAMPP\htdocs\eimbox-dashboard\eimbox-materio\core\package_checker.php on line 104
[10-Mar-2026 01:16:03 Asia/Dhaka] PHP ERROR [2]: Undefined variable $totalRecordsPage in D:\XAMPP\htdocs\eimbox-dashboard\eimbox-materio\core\package_checker.php on line 105
[10-Mar-2026 01:16:03 Asia/Dhaka] PHP ERROR [2]: Undefined variable $monitorPanel in D:\XAMPP\htdocs\eimbox-dashboard\eimbox-materio\footer.php on line 157
[10-Mar-2026 01:16:20 Asia/Dhaka] PHP ERROR [2]: Undefined variable $totalDurationPage in D:\XAMPP\htdocs\eimbox-dashboard\eimbox-materio\core\package_checker.php on line 103
[10-Mar-2026 01:16:20 Asia/Dhaka] PHP ERROR [2]: Undefined variable $totalDurationAll in D:\XAMPP\htdocs\eimbox-dashboard\eimbox-materio\core\package_checker.php on line 104
[10-Mar-2026 01:16:20 Asia/Dhaka] PHP ERROR [2]: Undefined variable $totalRecordsPage in D:\XAMPP\htdocs\eimbox-dashboard\eimbox-materio\core\package_checker.php on line 105
[10-Mar-2026 01:16:20 Asia/Dhaka] PHP ERROR [2]: Undefined variable $monitorPanel in D:\XAMPP\htdocs\eimbox-dashboard\eimbox-materio\footer.php on line 157
[10-Mar-2026 01:16:27 Asia/Dhaka] PHP ERROR [2]: Undefined variable $totalDurationPage in D:\XAMPP\htdocs\eimbox-dashboard\eimbox-materio\core\package_checker.php on line 103
[10-Mar-2026 01:16:27 Asia/Dhaka] PHP ERROR [2]: Undefined variable $totalDurationAll in D:\XAMPP\htdocs\eimbox-dashboard\eimbox-materio\core\package_checker.php on line 104
[10-Mar-2026 01:16:27 Asia/Dhaka] PHP ERROR [2]: Undefined variable $totalRecordsPage in D:\XAMPP\htdocs\eimbox-dashboard\eimbox-materio\core\package_checker.php on line 105
[10-Mar-2026 01:16:27 Asia/Dhaka] PHP ERROR [2]: Undefined variable $monitorPanel in D:\XAMPP\htdocs\eimbox-dashboard\eimbox-materio\footer.php on line 157
[10-Mar-2026 01:16:45 Asia/Dhaka] PHP ERROR [2]: Undefined variable $totalDurationPage in D:\XAMPP\htdocs\eimbox-dashboard\eimbox-materio\core\package_checker.php on line 103
[10-Mar-2026 01:16:45 Asia/Dhaka] PHP ERROR [2]: Undefined variable $totalDurationAll in D:\XAMPP\htdocs\eimbox-dashboard\eimbox-materio\core\package_checker.php on line 104
[10-Mar-2026 01:16:45 Asia/Dhaka] PHP ERROR [2]: Undefined variable $totalRecordsPage in D:\XAMPP\htdocs\eimbox-dashboard\eimbox-materio\core\package_checker.php on line 105
[10-Mar-2026 01:16:45 Asia/Dhaka] PHP ERROR [2]: Undefined variable $monitorPanel in D:\XAMPP\htdocs\eimbox-dashboard\eimbox-materio\footer.php on line 157
[10-Mar-2026 01:17:06 Asia/Dhaka] PHP ERROR [2]: Undefined variable $totalDurationPage in D:\XAMPP\htdocs\eimbox-dashboard\eimbox-materio\core\package_checker.php on line 103
[10-Mar-2026 01:17:06 Asia/Dhaka] PHP ERROR [2]: Undefined variable $totalDurationAll in D:\XAMPP\htdocs\eimbox-dashboard\eimbox-materio\core\package_checker.php on line 104
[10-Mar-2026 01:17:06 Asia/Dhaka] PHP ERROR [2]: Undefined variable $totalRecordsPage in D:\XAMPP\htdocs\eimbox-dashboard\eimbox-materio\core\package_checker.php on line 105
[10-Mar-2026 01:17:07 Asia/Dhaka] PHP ERROR [2]: Undefined variable $monitorPanel in D:\XAMPP\htdocs\eimbox-dashboard\eimbox-materio\footer.php on line 157
[10-Mar-2026 01:17:55 Asia/Dhaka] PHP ERROR [2]: Undefined variable $totalDurationPage in D:\XAMPP\htdocs\eimbox-dashboard\eimbox-materio\core\package_checker.php on line 103
[10-Mar-2026 01:17:55 Asia/Dhaka] PHP ERROR [2]: Undefined variable $totalDurationAll in D:\XAMPP\htdocs\eimbox-dashboard\eimbox-materio\core\package_checker.php on line 104
[10-Mar-2026 01:17:55 Asia/Dhaka] PHP ERROR [2]: Undefined variable $totalRecordsPage in D:\XAMPP\htdocs\eimbox-dashboard\eimbox-materio\core\package_checker.php on line 105
[10-Mar-2026 01:17:55 Asia/Dhaka] PHP ERROR [2]: Undefined variable $monitorPanel in D:\XAMPP\htdocs\eimbox-dashboard\eimbox-materio\footer.php on line 157
[10-Mar-2026 01:18:01 Asia/Dhaka] PHP ERROR [2]: Undefined variable $totalDurationPage in D:\XAMPP\htdocs\eimbox-dashboard\eimbox-materio\core\package_checker.php on line 103
[10-Mar-2026 01:18:01 Asia/Dhaka] PHP ERROR [2]: Undefined variable $totalDurationAll in D:\XAMPP\htdocs\eimbox-dashboard\eimbox-materio\core\package_checker.php on line 104
[10-Mar-2026 01:18:01 Asia/Dhaka] PHP ERROR [2]: Undefined variable $totalRecordsPage in D:\XAMPP\htdocs\eimbox-dashboard\eimbox-materio\core\package_checker.php on line 105
[10-Mar-2026 01:18:02 Asia/Dhaka] PHP ERROR [2]: Undefined variable $monitorPanel in D:\XAMPP\htdocs\eimbox-dashboard\eimbox-materio\footer.php on line 157
[10-Mar-2026 01:18:04 Asia/Dhaka] PHP ERROR [2]: Undefined variable $totalDurationPage in D:\XAMPP\htdocs\eimbox-dashboard\eimbox-materio\core\package_checker.php on line 103
[10-Mar-2026 01:18:04 Asia/Dhaka] PHP ERROR [2]: Undefined variable $totalDurationAll in D:\XAMPP\htdocs\eimbox-dashboard\eimbox-materio\core\package_checker.php on line 104
[10-Mar-2026 01:18:04 Asia/Dhaka] PHP ERROR [2]: Undefined variable $totalRecordsPage in D:\XAMPP\htdocs\eimbox-dashboard\eimbox-materio\core\package_checker.php on line 105
[10-Mar-2026 01:18:04 Asia/Dhaka] PHP ERROR [2]: Undefined variable $monitorPanel in D:\XAMPP\htdocs\eimbox-dashboard\eimbox-materio\footer.php on line 157
[10-Mar-2026 01:18:15 Asia/Dhaka] PHP ERROR [2]: Undefined variable $totalDurationPage in D:\XAMPP\htdocs\eimbox-dashboard\eimbox-materio\core\package_checker.php on line 103
[10-Mar-2026 01:18:15 Asia/Dhaka] PHP ERROR [2]: Undefined variable $totalDurationAll in D:\XAMPP\htdocs\eimbox-dashboard\eimbox-materio\core\package_checker.php on line 104
[10-Mar-2026 01:18:15 Asia/Dhaka] PHP ERROR [2]: Undefined variable $totalRecordsPage in D:\XAMPP\htdocs\eimbox-dashboard\eimbox-materio\core\package_checker.php on line 105
[10-Mar-2026 01:18:15 Asia/Dhaka] PHP ERROR [2]: Undefined variable $monitorPanel in D:\XAMPP\htdocs\eimbox-dashboard\eimbox-materio\footer.php on line 157
[10-Mar-2026 01:18:17 Asia/Dhaka] PHP ERROR [2]: Undefined variable $totalDurationPage in D:\XAMPP\htdocs\eimbox-dashboard\eimbox-materio\core\package_checker.php on line 103
[10-Mar-2026 01:18:17 Asia/Dhaka] PHP ERROR [2]: Undefined variable $totalDurationAll in D:\XAMPP\htdocs\eimbox-dashboard\eimbox-materio\core\package_checker.php on line 104
[10-Mar-2026 01:18:17 Asia/Dhaka] PHP ERROR [2]: Undefined variable $totalRecordsPage in D:\XAMPP\htdocs\eimbox-dashboard\eimbox-materio\core\package_checker.php on line 105
[10-Mar-2026 01:18:17 Asia/Dhaka] PHP ERROR [2]: Undefined variable $monitorPanel in D:\XAMPP\htdocs\eimbox-dashboard\eimbox-materio\footer.php on line 157
[10-Mar-2026 01:18:20 Asia/Dhaka] PHP ERROR [2]: Undefined variable $totalDurationPage in D:\XAMPP\htdocs\eimbox-dashboard\eimbox-materio\core\package_checker.php on line 103
[10-Mar-2026 01:18:20 Asia/Dhaka] PHP ERROR [2]: Undefined variable $totalDurationAll in D:\XAMPP\htdocs\eimbox-dashboard\eimbox-materio\core\package_checker.php on line 104
[10-Mar-2026 01:18:20 Asia/Dhaka] PHP ERROR [2]: Undefined variable $totalRecordsPage in D:\XAMPP\htdocs\eimbox-dashboard\eimbox-materio\core\package_checker.php on line 105
[10-Mar-2026 01:18:20 Asia/Dhaka] PHP ERROR [2]: Undefined variable $monitorPanel in D:\XAMPP\htdocs\eimbox-dashboard\eimbox-materio\footer.php on line 157
[10-Mar-2026 01:18:22 Asia/Dhaka] PHP ERROR [2]: Undefined variable $totalDurationPage in D:\XAMPP\htdocs\eimbox-dashboard\eimbox-materio\core\package_checker.php on line 103
[10-Mar-2026 01:18:22 Asia/Dhaka] PHP ERROR [2]: Undefined variable $totalDurationAll in D:\XAMPP\htdocs\eimbox-dashboard\eimbox-materio\core\package_checker.php on line 104
[10-Mar-2026 01:18:22 Asia/Dhaka] PHP ERROR [2]: Undefined variable $totalRecordsPage in D:\XAMPP\htdocs\eimbox-dashboard\eimbox-materio\core\package_checker.php on line 105
[10-Mar-2026 01:18:22 Asia/Dhaka] PHP ERROR [2]: Undefined variable $monitorPanel in D:\XAMPP\htdocs\eimbox-dashboard\eimbox-materio\footer.php on line 157
[10-Mar-2026 01:21:51 Asia/Dhaka] PHP ERROR [2]: Undefined variable $totalDurationPage in D:\XAMPP\htdocs\eimbox-dashboard\eimbox-materio\core\package_checker.php on line 103
[10-Mar-2026 01:21:51 Asia/Dhaka] PHP ERROR [2]: Undefined variable $totalDurationAll in D:\XAMPP\htdocs\eimbox-dashboard\eimbox-materio\core\package_checker.php on line 104
[10-Mar-2026 01:21:51 Asia/Dhaka] PHP ERROR [2]: Undefined variable $totalRecordsPage in D:\XAMPP\htdocs\eimbox-dashboard\eimbox-materio\core\package_checker.php on line 105
[10-Mar-2026 01:21:51 Asia/Dhaka] PHP ERROR [2]: Undefined array key "token" in D:\XAMPP\htdocs\eimbox-dashboard\eimbox-materio\student-payable.php on line 120
[10-Mar-2026 01:21:51 Asia/Dhaka] PHP ERROR [8192]: strlen(): Passing null to parameter #1 ($string) of type string is deprecated in D:\XAMPP\htdocs\eimbox-dashboard\eimbox-materio\student-payable.php on line 120
[10-Mar-2026 01:21:51 Asia/Dhaka] PHP ERROR [2]: Undefined array key "refresh_token" in D:\XAMPP\htdocs\eimbox-dashboard\eimbox-materio\student-payable.php on line 120
[10-Mar-2026 01:21:51 Asia/Dhaka] PHP ERROR [8192]: strlen(): Passing null to parameter #1 ($string) of type string is deprecated in D:\XAMPP\htdocs\eimbox-dashboard\eimbox-materio\student-payable.php on line 120
[10-Mar-2026 01:21:51 Asia/Dhaka] PHP ERROR [2]: Undefined array key "token" in D:\XAMPP\htdocs\eimbox-dashboard\eimbox-materio\student-payable.php on line 124
[10-Mar-2026 01:21:51 Asia/Dhaka] PHP ERROR [8192]: strlen(): Passing null to parameter #1 ($string) of type string is deprecated in D:\XAMPP\htdocs\eimbox-dashboard\eimbox-materio\student-payable.php on line 124
[10-Mar-2026 01:21:51 Asia/Dhaka] PHP ERROR [2]: Undefined array key "refresh_token" in D:\XAMPP\htdocs\eimbox-dashboard\eimbox-materio\student-payable.php on line 124
[10-Mar-2026 01:21:51 Asia/Dhaka] PHP ERROR [8192]: strlen(): Passing null to parameter #1 ($string) of type string is deprecated in D:\XAMPP\htdocs\eimbox-dashboard\eimbox-materio\student-payable.php on line 124
[10-Mar-2026 01:21:51 Asia/Dhaka] PHP ERROR [8192]: htmlspecialchars(): Passing null to parameter #1 ($string) of type string is deprecated in D:\XAMPP\htdocs\eimbox-dashboard\eimbox-materio\student-payable.php on line 314
[10-Mar-2026 01:21:51 Asia/Dhaka] PHP ERROR [8192]: htmlspecialchars(): Passing null to parameter #1 ($string) of type string is deprecated in D:\XAMPP\htdocs\eimbox-dashboard\eimbox-materio\student-payable.php on line 318
[10-Mar-2026 01:21:51 Asia/Dhaka] PHP ERROR [8192]: htmlspecialchars(): Passing null to parameter #1 ($string) of type string is deprecated in D:\XAMPP\htdocs\eimbox-dashboard\eimbox-materio\student-payable.php on line 323
[10-Mar-2026 01:21:51 Asia/Dhaka] PHP ERROR [8192]: htmlspecialchars(): Passing null to parameter #1 ($string) of type string is deprecated in D:\XAMPP\htdocs\eimbox-dashboard\eimbox-materio\student-payable.php on line 324
[10-Mar-2026 01:21:51 Asia/Dhaka] PHP ERROR [8192]: htmlspecialchars(): Passing null to parameter #1 ($string) of type string is deprecated in D:\XAMPP\htdocs\eimbox-dashboard\eimbox-materio\student-payable.php on line 325
[10-Mar-2026 01:21:51 Asia/Dhaka] PHP ERROR [8192]: htmlspecialchars(): Passing null to parameter #1 ($string) of type string is deprecated in D:\XAMPP\htdocs\eimbox-dashboard\eimbox-materio\student-payable.php on line 325
[10-Mar-2026 01:21:51 Asia/Dhaka] PHP ERROR [2]: Trying to access array offset on value of type null in D:\XAMPP\htdocs\eimbox-dashboard\eimbox-materio\student-payable.php on line 531
[10-Mar-2026 01:21:51 Asia/Dhaka] PHP ERROR [8192]: htmlspecialchars(): Passing null to parameter #1 ($string) of type string is deprecated in D:\XAMPP\htdocs\eimbox-dashboard\eimbox-materio\student-payable.php on line 531
[10-Mar-2026 01:21:51 Asia/Dhaka] PHP ERROR [2]: Undefined variable $monitorPanel in D:\XAMPP\htdocs\eimbox-dashboard\eimbox-materio\footer.php on line 157
[10-Mar-2026 01:22:32 Asia/Dhaka] PHP ERROR [2]: Undefined variable $totalDurationPage in D:\XAMPP\htdocs\eimbox-dashboard\eimbox-materio\core\package_checker.php on line 103
[10-Mar-2026 01:22:32 Asia/Dhaka] PHP ERROR [2]: Undefined variable $totalDurationAll in D:\XAMPP\htdocs\eimbox-dashboard\eimbox-materio\core\package_checker.php on line 104
[10-Mar-2026 01:22:32 Asia/Dhaka] PHP ERROR [2]: Undefined variable $totalRecordsPage in D:\XAMPP\htdocs\eimbox-dashboard\eimbox-materio\core\package_checker.php on line 105
[10-Mar-2026 01:22:32 Asia/Dhaka] PHP ERROR [2]: Undefined variable $monitorPanel in D:\XAMPP\htdocs\eimbox-dashboard\eimbox-materio\footer.php on line 157
[10-Mar-2026 01:23:04 Asia/Dhaka] PHP ERROR [2]: Undefined variable $totalDurationPage in D:\XAMPP\htdocs\eimbox-dashboard\eimbox-materio\core\package_checker.php on line 69
[10-Mar-2026 01:23:04 Asia/Dhaka] PHP ERROR [2]: Undefined variable $totalDurationAll in D:\XAMPP\htdocs\eimbox-dashboard\eimbox-materio\core\package_checker.php on line 69
[10-Mar-2026 01:23:04 Asia/Dhaka] PHP ERROR [2]: Undefined variable $totalRecordsPage in D:\XAMPP\htdocs\eimbox-dashboard\eimbox-materio\core\package_checker.php on line 69
[10-Mar-2026 01:23:04 Asia/Dhaka] PHP ERROR [2]: Undefined variable $totalDurationPage in D:\XAMPP\htdocs\eimbox-dashboard\eimbox-materio\core\package_checker.php on line 103
[10-Mar-2026 01:23:04 Asia/Dhaka] PHP ERROR [2]: Undefined variable $totalDurationAll in D:\XAMPP\htdocs\eimbox-dashboard\eimbox-materio\core\package_checker.php on line 104
[10-Mar-2026 01:23:04 Asia/Dhaka] PHP ERROR [2]: Undefined variable $totalRecordsPage in D:\XAMPP\htdocs\eimbox-dashboard\eimbox-materio\core\package_checker.php on line 105
[10-Mar-2026 01:23:04 Asia/Dhaka] PHP ERROR [2]: Undefined variable $monitorPanel in D:\XAMPP\htdocs\eimbox-dashboard\eimbox-materio\footer.php on line 157
[10-Mar-2026 01:23:46 Asia/Dhaka] PHP ERROR [2]: Undefined variable $totalDurationPage in D:\XAMPP\htdocs\eimbox-dashboard\eimbox-materio\core\package_checker.php on line 103
[10-Mar-2026 01:23:46 Asia/Dhaka] PHP ERROR [2]: Undefined variable $totalDurationAll in D:\XAMPP\htdocs\eimbox-dashboard\eimbox-materio\core\package_checker.php on line 104
[10-Mar-2026 01:23:46 Asia/Dhaka] PHP ERROR [2]: Undefined variable $totalRecordsPage in D:\XAMPP\htdocs\eimbox-dashboard\eimbox-materio\core\package_checker.php on line 105
[10-Mar-2026 01:23:46 Asia/Dhaka] PHP ERROR [8192]: htmlspecialchars(): Passing null to parameter #1 ($string) of type string is deprecated in D:\XAMPP\htdocs\eimbox-dashboard\eimbox-materio\users-list.php on line 41
[10-Mar-2026 01:23:46 Asia/Dhaka] PHP ERROR [8192]: htmlspecialchars(): Passing null to parameter #1 ($string) of type string is deprecated in D:\XAMPP\htdocs\eimbox-dashboard\eimbox-materio\users-list.php on line 41
[10-Mar-2026 01:23:46 Asia/Dhaka] PHP ERROR [8192]: htmlspecialchars(): Passing null to parameter #1 ($string) of type string is deprecated in D:\XAMPP\htdocs\eimbox-dashboard\eimbox-materio\users-list.php on line 41
[10-Mar-2026 01:23:46 Asia/Dhaka] PHP ERROR [8192]: htmlspecialchars(): Passing null to parameter #1 ($string) of type string is deprecated in D:\XAMPP\htdocs\eimbox-dashboard\eimbox-materio\users-list.php on line 41
[10-Mar-2026 01:23:46 Asia/Dhaka] PHP ERROR [8192]: htmlspecialchars(): Passing null to parameter #1 ($string) of type string is deprecated in D:\XAMPP\htdocs\eimbox-dashboard\eimbox-materio\users-list.php on line 41
[10-Mar-2026 01:23:46 Asia/Dhaka] PHP ERROR [8192]: htmlspecialchars(): Passing null to parameter #1 ($string) of type string is deprecated in D:\XAMPP\htdocs\eimbox-dashboard\eimbox-materio\users-list.php on line 41
[10-Mar-2026 01:23:46 Asia/Dhaka] PHP ERROR [8192]: htmlspecialchars(): Passing null to parameter #1 ($string) of type string is deprecated in D:\XAMPP\htdocs\eimbox-dashboard\eimbox-materio\users-list.php on line 41
[10-Mar-2026 01:23:46 Asia/Dhaka] PHP ERROR [8192]: htmlspecialchars(): Passing null to parameter #1 ($string) of type string is deprecated in D:\XAMPP\htdocs\eimbox-dashboard\eimbox-materio\users-list.php on line 41
[10-Mar-2026 01:23:46 Asia/Dhaka] PHP ERROR [8192]: htmlspecialchars(): Passing null to parameter #1 ($string) of type string is deprecated in D:\XAMPP\htdocs\eimbox-dashboard\eimbox-materio\users-list.php on line 41
[10-Mar-2026 01:23:46 Asia/Dhaka] PHP ERROR [8192]: htmlspecialchars(): Passing null to parameter #1 ($string) of type string is deprecated in D:\XAMPP\htdocs\eimbox-dashboard\eimbox-materio\users-list.php on line 41
[10-Mar-2026 01:23:46 Asia/Dhaka] PHP ERROR [8192]: htmlspecialchars(): Passing null to parameter #1 ($string) of type string is deprecated in D:\XAMPP\htdocs\eimbox-dashboard\eimbox-materio\users-list.php on line 41
[10-Mar-2026 01:23:46 Asia/Dhaka] PHP ERROR [8192]: htmlspecialchars(): Passing null to parameter #1 ($string) of type string is deprecated in D:\XAMPP\htdocs\eimbox-dashboard\eimbox-materio\users-list.php on line 41
[10-Mar-2026 01:23:46 Asia/Dhaka] PHP ERROR [8192]: htmlspecialchars(): Passing null to parameter #1 ($string) of type string is deprecated in D:\XAMPP\htdocs\eimbox-dashboard\eimbox-materio\users-list.php on line 41
[10-Mar-2026 01:23:46 Asia/Dhaka] PHP ERROR [8192]: htmlspecialchars(): Passing null to parameter #1 ($string) of type string is deprecated in D:\XAMPP\htdocs\eimbox-dashboard\eimbox-materio\users-list.php on line 41
[10-Mar-2026 01:23:46 Asia/Dhaka] PHP ERROR [8192]: htmlspecialchars(): Passing null to parameter #1 ($string) of type string is deprecated in D:\XAMPP\htdocs\eimbox-dashboard\eimbox-materio\users-list.php on line 41
[10-Mar-2026 01:23:46 Asia/Dhaka] PHP ERROR [8192]: htmlspecialchars(): Passing null to parameter #1 ($string) of type string is deprecated in D:\XAMPP\htdocs\eimbox-dashboard\eimbox-materio\users-list.php on line 41
[10-Mar-2026 01:23:46 Asia/Dhaka] PHP ERROR [8192]: htmlspecialchars(): Passing null to parameter #1 ($string) of type string is deprecated in D:\XAMPP\htdocs\eimbox-dashboard\eimbox-materio\users-list.php on line 41
[10-Mar-2026 01:23:46 Asia/Dhaka] PHP ERROR [8192]: htmlspecialchars(): Passing null to parameter #1 ($string) of type string is deprecated in D:\XAMPP\htdocs\eimbox-dashboard\eimbox-materio\users-list.php on line 41
[10-Mar-2026 01:23:46 Asia/Dhaka] PHP ERROR [8192]: htmlspecialchars(): Passing null to parameter #1 ($string) of type string is deprecated in D:\XAMPP\htdocs\eimbox-dashboard\eimbox-materio\users-list.php on line 41
[10-Mar-2026 01:23:46 Asia/Dhaka] PHP ERROR [8192]: htmlspecialchars(): Passing null to parameter #1 ($string) of type string is deprecated in D:\XAMPP\htdocs\eimbox-dashboard\eimbox-materio\users-list.php on line 41
[10-Mar-2026 01:23:46 Asia/Dhaka] PHP ERROR [8192]: htmlspecialchars(): Passing null to parameter #1 ($string) of type string is deprecated in D:\XAMPP\htdocs\eimbox-dashboard\eimbox-materio\users-list.php on line 41
[10-Mar-2026 01:23:46 Asia/Dhaka] PHP ERROR [8192]: htmlspecialchars(): Passing null to parameter #1 ($string) of type string is deprecated in D:\XAMPP\htdocs\eimbox-dashboard\eimbox-materio\users-list.php on line 41
[10-Mar-2026 01:23:46 Asia/Dhaka] PHP ERROR [8192]: htmlspecialchars(): Passing null to parameter #1 ($string) of type string is deprecated in D:\XAMPP\htdocs\eimbox-dashboard\eimbox-materio\users-list.php on line 41
[10-Mar-2026 01:23:46 Asia/Dhaka] PHP ERROR [8192]: htmlspecialchars(): Passing null to parameter #1 ($string) of type string is deprecated in D:\XAMPP\htdocs\eimbox-dashboard\eimbox-materio\users-list.php on line 41
[10-Mar-2026 01:23:46 Asia/Dhaka] PHP ERROR [8192]: htmlspecialchars(): Passing null to parameter #1 ($string) of type string is deprecated in D:\XAMPP\htdocs\eimbox-dashboard\eimbox-materio\users-list.php on line 41
[10-Mar-2026 01:23:46 Asia/Dhaka] PHP ERROR [8192]: htmlspecialchars(): Passing null to parameter #1 ($string) of type string is deprecated in D:\XAMPP\htdocs\eimbox-dashboard\eimbox-materio\users-list.php on line 41
[10-Mar-2026 01:23:46 Asia/Dhaka] PHP ERROR [8192]: htmlspecialchars(): Passing null to parameter #1 ($string) of type string is deprecated in D:\XAMPP\htdocs\eimbox-dashboard\eimbox-materio\users-list.php on line 41
[10-Mar-2026 01:23:46 Asia/Dhaka] PHP ERROR [8192]: htmlspecialchars(): Passing null to parameter #1 ($string) of type string is deprecated in D:\XAMPP\htdocs\eimbox-dashboard\eimbox-materio\users-list.php on line 41
[10-Mar-2026 01:23:46 Asia/Dhaka] PHP ERROR [8192]: htmlspecialchars(): Passing null to parameter #1 ($string) of type string is deprecated in D:\XAMPP\htdocs\eimbox-dashboard\eimbox-materio\users-list.php on line 41
[10-Mar-2026 01:23:46 Asia/Dhaka] PHP ERROR [8192]: htmlspecialchars(): Passing null to parameter #1 ($string) of type string is deprecated in D:\XAMPP\htdocs\eimbox-dashboard\eimbox-materio\users-list.php on line 41
[10-Mar-2026 01:23:46 Asia/Dhaka] PHP ERROR [8192]: htmlspecialchars(): Passing null to parameter #1 ($string) of type string is deprecated in D:\XAMPP\htdocs\eimbox-dashboard\eimbox-materio\users-list.php on line 41
[10-Mar-2026 01:23:46 Asia/Dhaka] PHP ERROR [2]: Undefined variable $monitorPanel in D:\XAMPP\htdocs\eimbox-dashboard\eimbox-materio\footer.php on line 157
[10-Mar-2026 01:25:08 Asia/Dhaka] PHP ERROR [2]: Undefined variable $totalDurationPage in D:\XAMPP\htdocs\eimbox-dashboard\eimbox-materio\core\package_checker.php on line 103
[10-Mar-2026 01:25:08 Asia/Dhaka] PHP ERROR [2]: Undefined variable $totalDurationAll in D:\XAMPP\htdocs\eimbox-dashboard\eimbox-materio\core\package_checker.php on line 104
[10-Mar-2026 01:25:08 Asia/Dhaka] PHP ERROR [2]: Undefined variable $totalRecordsPage in D:\XAMPP\htdocs\eimbox-dashboard\eimbox-materio\core\package_checker.php on line 105
[10-Mar-2026 01:25:08 Asia/Dhaka] PHP ERROR [8192]: htmlspecialchars(): Passing null to parameter #1 ($string) of type string is deprecated in D:\XAMPP\htdocs\eimbox-dashboard\eimbox-materio\users-list.php on line 41
[10-Mar-2026 01:25:08 Asia/Dhaka] PHP ERROR [8192]: htmlspecialchars(): Passing null to parameter #1 ($string) of type string is deprecated in D:\XAMPP\htdocs\eimbox-dashboard\eimbox-materio\users-list.php on line 41
[10-Mar-2026 01:25:08 Asia/Dhaka] PHP ERROR [8192]: htmlspecialchars(): Passing null to parameter #1 ($string) of type string is deprecated in D:\XAMPP\htdocs\eimbox-dashboard\eimbox-materio\users-list.php on line 41
[10-Mar-2026 01:25:08 Asia/Dhaka] PHP ERROR [8192]: htmlspecialchars(): Passing null to parameter #1 ($string) of type string is deprecated in D:\XAMPP\htdocs\eimbox-dashboard\eimbox-materio\users-list.php on line 41
[10-Mar-2026 01:25:08 Asia/Dhaka] PHP ERROR [8192]: htmlspecialchars(): Passing null to parameter #1 ($string) of type string is deprecated in D:\XAMPP\htdocs\eimbox-dashboard\eimbox-materio\users-list.php on line 41
[10-Mar-2026 01:25:08 Asia/Dhaka] PHP ERROR [8192]: htmlspecialchars(): Passing null to parameter #1 ($string) of type string is deprecated in D:\XAMPP\htdocs\eimbox-dashboard\eimbox-materio\users-list.php on line 41
[10-Mar-2026 01:25:08 Asia/Dhaka] PHP ERROR [8192]: htmlspecialchars(): Passing null to parameter #1 ($string) of type string is deprecated in D:\XAMPP\htdocs\eimbox-dashboard\eimbox-materio\users-list.php on line 41
[10-Mar-2026 01:25:08 Asia/Dhaka] PHP ERROR [8192]: htmlspecialchars(): Passing null to parameter #1 ($string) of type string is deprecated in D:\XAMPP\htdocs\eimbox-dashboard\eimbox-materio\users-list.php on line 41
[10-Mar-2026 01:25:08 Asia/Dhaka] PHP ERROR [8192]: htmlspecialchars(): Passing null to parameter #1 ($string) of type string is deprecated in D:\XAMPP\htdocs\eimbox-dashboard\eimbox-materio\users-list.php on line 41
[10-Mar-2026 01:25:08 Asia/Dhaka] PHP ERROR [8192]: htmlspecialchars(): Passing null to parameter #1 ($string) of type string is deprecated in D:\XAMPP\htdocs\eimbox-dashboard\eimbox-materio\users-list.php on line 41
[10-Mar-2026 01:25:08 Asia/Dhaka] PHP ERROR [8192]: htmlspecialchars(): Passing null to parameter #1 ($string) of type string is deprecated in D:\XAMPP\htdocs\eimbox-dashboard\eimbox-materio\users-list.php on line 41
[10-Mar-2026 01:25:08 Asia/Dhaka] PHP ERROR [8192]: htmlspecialchars(): Passing null to parameter #1 ($string) of type string is deprecated in D:\XAMPP\htdocs\eimbox-dashboard\eimbox-materio\users-list.php on line 41
[10-Mar-2026 01:25:08 Asia/Dhaka] PHP ERROR [8192]: htmlspecialchars(): Passing null to parameter #1 ($string) of type string is deprecated in D:\XAMPP\htdocs\eimbox-dashboard\eimbox-materio\users-list.php on line 41
[10-Mar-2026 01:25:08 Asia/Dhaka] PHP ERROR [8192]: htmlspecialchars(): Passing null to parameter #1 ($string) of type string is deprecated in D:\XAMPP\htdocs\eimbox-dashboard\eimbox-materio\users-list.php on line 41
[10-Mar-2026 01:25:08 Asia/Dhaka] PHP ERROR [8192]: htmlspecialchars(): Passing null to parameter #1 ($string) of type string is deprecated in D:\XAMPP\htdocs\eimbox-dashboard\eimbox-materio\users-list.php on line 41
[10-Mar-2026 01:25:08 Asia/Dhaka] PHP ERROR [8192]: htmlspecialchars(): Passing null to parameter #1 ($string) of type string is deprecated in D:\XAMPP\htdocs\eimbox-dashboard\eimbox-materio\users-list.php on line 41
[10-Mar-2026 01:25:08 Asia/Dhaka] PHP ERROR [8192]: htmlspecialchars(): Passing null to parameter #1 ($string) of type string is deprecated in D:\XAMPP\htdocs\eimbox-dashboard\eimbox-materio\users-list.php on line 41
[10-Mar-2026 01:25:08 Asia/Dhaka] PHP ERROR [8192]: htmlspecialchars(): Passing null to parameter #1 ($string) of type string is deprecated in D:\XAMPP\htdocs\eimbox-dashboard\eimbox-materio\users-list.php on line 41
[10-Mar-2026 01:25:08 Asia/Dhaka] PHP ERROR [8192]: htmlspecialchars(): Passing null to parameter #1 ($string) of type string is deprecated in D:\XAMPP\htdocs\eimbox-dashboard\eimbox-materio\users-list.php on line 41
[10-Mar-2026 01:25:08 Asia/Dhaka] PHP ERROR [8192]: htmlspecialchars(): Passing null to parameter #1 ($string) of type string is deprecated in D:\XAMPP\htdocs\eimbox-dashboard\eimbox-materio\users-list.php on line 41
[10-Mar-2026 01:25:08 Asia/Dhaka] PHP ERROR [8192]: htmlspecialchars(): Passing null to parameter #1 ($string) of type string is deprecated in D:\XAMPP\htdocs\eimbox-dashboard\eimbox-materio\users-list.php on line 41
[10-Mar-2026 01:25:08 Asia/Dhaka] PHP ERROR [8192]: htmlspecialchars(): Passing null to parameter #1 ($string) of type string is deprecated in D:\XAMPP\htdocs\eimbox-dashboard\eimbox-materio\users-list.php on line 41
[10-Mar-2026 01:25:08 Asia/Dhaka] PHP ERROR [8192]: htmlspecialchars(): Passing null to parameter #1 ($string) of type string is deprecated in D:\XAMPP\htdocs\eimbox-dashboard\eimbox-materio\users-list.php on line 41
[10-Mar-2026 01:25:08 Asia/Dhaka] PHP ERROR [8192]: htmlspecialchars(): Passing null to parameter #1 ($string) of type string is deprecated in D:\XAMPP\htdocs\eimbox-dashboard\eimbox-materio\users-list.php on line 41
[10-Mar-2026 01:25:08 Asia/Dhaka] PHP ERROR [8192]: htmlspecialchars(): Passing null to parameter #1 ($string) of type string is deprecated in D:\XAMPP\htdocs\eimbox-dashboard\eimbox-materio\users-list.php on line 41
[10-Mar-2026 01:25:08 Asia/Dhaka] PHP ERROR [8192]: htmlspecialchars(): Passing null to parameter #1 ($string) of type string is deprecated in D:\XAMPP\htdocs\eimbox-dashboard\eimbox-materio\users-list.php on line 41
[10-Mar-2026 01:25:08 Asia/Dhaka] PHP ERROR [8192]: htmlspecialchars(): Passing null to parameter #1 ($string) of type string is deprecated in D:\XAMPP\htdocs\eimbox-dashboard\eimbox-materio\users-list.php on line 41
[10-Mar-2026 01:25:08 Asia/Dhaka] PHP ERROR [8192]: htmlspecialchars(): Passing null to parameter #1 ($string) of type string is deprecated in D:\XAMPP\htdocs\eimbox-dashboard\eimbox-materio\users-list.php on line 41
[10-Mar-2026 01:25:08 Asia/Dhaka] PHP ERROR [8192]: htmlspecialchars(): Passing null to parameter #1 ($string) of type string is deprecated in D:\XAMPP\htdocs\eimbox-dashboard\eimbox-materio\users-list.php on line 41
[10-Mar-2026 01:25:08 Asia/Dhaka] PHP ERROR [8192]: htmlspecialchars(): Passing null to parameter #1 ($string) of type string is deprecated in D:\XAMPP\htdocs\eimbox-dashboard\eimbox-materio\users-list.php on line 41
[10-Mar-2026 01:25:08 Asia/Dhaka] PHP ERROR [8192]: htmlspecialchars(): Passing null to parameter #1 ($string) of type string is deprecated in D:\XAMPP\htdocs\eimbox-dashboard\eimbox-materio\users-list.php on line 41
[10-Mar-2026 01:25:08 Asia/Dhaka] PHP ERROR [2]: Undefined variable $monitorPanel in D:\XAMPP\htdocs\eimbox-dashboard\eimbox-materio\footer.php on line 157
[10-Mar-2026 01:25:32 Asia/Dhaka] PHP ERROR [2]: Undefined variable $totalDurationPage in D:\XAMPP\htdocs\eimbox-dashboard\eimbox-materio\core\package_checker.php on line 103
[10-Mar-2026 01:25:32 Asia/Dhaka] PHP ERROR [2]: Undefined variable $totalDurationAll in D:\XAMPP\htdocs\eimbox-dashboard\eimbox-materio\core\package_checker.php on line 104
[10-Mar-2026 01:25:32 Asia/Dhaka] PHP ERROR [2]: Undefined variable $totalRecordsPage in D:\XAMPP\htdocs\eimbox-dashboard\eimbox-materio\core\package_checker.php on line 105
[10-Mar-2026 01:25:32 Asia/Dhaka] PHP ERROR [8192]: htmlspecialchars(): Passing null to parameter #1 ($string) of type string is deprecated in D:\XAMPP\htdocs\eimbox-dashboard\eimbox-materio\users-list.php on line 41
[10-Mar-2026 01:25:32 Asia/Dhaka] PHP ERROR [8192]: htmlspecialchars(): Passing null to parameter #1 ($string) of type string is deprecated in D:\XAMPP\htdocs\eimbox-dashboard\eimbox-materio\users-list.php on line 41
[10-Mar-2026 01:25:32 Asia/Dhaka] PHP ERROR [8192]: htmlspecialchars(): Passing null to parameter #1 ($string) of type string is deprecated in D:\XAMPP\htdocs\eimbox-dashboard\eimbox-materio\users-list.php on line 41
[10-Mar-2026 01:25:32 Asia/Dhaka] PHP ERROR [8192]: htmlspecialchars(): Passing null to parameter #1 ($string) of type string is deprecated in D:\XAMPP\htdocs\eimbox-dashboard\eimbox-materio\users-list.php on line 41
[10-Mar-2026 01:25:32 Asia/Dhaka] PHP ERROR [8192]: htmlspecialchars(): Passing null to parameter #1 ($string) of type string is deprecated in D:\XAMPP\htdocs\eimbox-dashboard\eimbox-materio\users-list.php on line 41
[10-Mar-2026 01:25:32 Asia/Dhaka] PHP ERROR [8192]: htmlspecialchars(): Passing null to parameter #1 ($string) of type string is deprecated in D:\XAMPP\htdocs\eimbox-dashboard\eimbox-materio\users-list.php on line 41
[10-Mar-2026 01:25:32 Asia/Dhaka] PHP ERROR [8192]: htmlspecialchars(): Passing null to parameter #1 ($string) of type string is deprecated in D:\XAMPP\htdocs\eimbox-dashboard\eimbox-materio\users-list.php on line 41
[10-Mar-2026 01:25:32 Asia/Dhaka] PHP ERROR [8192]: htmlspecialchars(): Passing null to parameter #1 ($string) of type string is deprecated in D:\XAMPP\htdocs\eimbox-dashboard\eimbox-materio\users-list.php on line 41
[10-Mar-2026 01:25:32 Asia/Dhaka] PHP ERROR [8192]: htmlspecialchars(): Passing null to parameter #1 ($string) of type string is deprecated in D:\XAMPP\htdocs\eimbox-dashboard\eimbox-materio\users-list.php on line 41
[10-Mar-2026 01:25:32 Asia/Dhaka] PHP ERROR [8192]: htmlspecialchars(): Passing null to parameter #1 ($string) of type string is deprecated in D:\XAMPP\htdocs\eimbox-dashboard\eimbox-materio\users-list.php on line 41
[10-Mar-2026 01:25:32 Asia/Dhaka] PHP ERROR [8192]: htmlspecialchars(): Passing null to parameter #1 ($string) of type string is deprecated in D:\XAMPP\htdocs\eimbox-dashboard\eimbox-materio\users-list.php on line 41
[10-Mar-2026 01:25:32 Asia/Dhaka] PHP ERROR [8192]: htmlspecialchars(): Passing null to parameter #1 ($string) of type string is deprecated in D:\XAMPP\htdocs\eimbox-dashboard\eimbox-materio\users-list.php on line 41
[10-Mar-2026 01:25:32 Asia/Dhaka] PHP ERROR [8192]: htmlspecialchars(): Passing null to parameter #1 ($string) of type string is deprecated in D:\XAMPP\htdocs\eimbox-dashboard\eimbox-materio\users-list.php on line 41
[10-Mar-2026 01:25:32 Asia/Dhaka] PHP ERROR [8192]: htmlspecialchars(): Passing null to parameter #1 ($string) of type string is deprecated in D:\XAMPP\htdocs\eimbox-dashboard\eimbox-materio\users-list.php on line 41
[10-Mar-2026 01:25:32 Asia/Dhaka] PHP ERROR [8192]: htmlspecialchars(): Passing null to parameter #1 ($string) of type string is deprecated in D:\XAMPP\htdocs\eimbox-dashboard\eimbox-materio\users-list.php on line 41
[10-Mar-2026 01:25:32 Asia/Dhaka] PHP ERROR [8192]: htmlspecialchars(): Passing null to parameter #1 ($string) of type string is deprecated in D:\XAMPP\htdocs\eimbox-dashboard\eimbox-materio\users-list.php on line 41
[10-Mar-2026 01:25:32 Asia/Dhaka] PHP ERROR [8192]: htmlspecialchars(): Passing null to parameter #1 ($string) of type string is deprecated in D:\XAMPP\htdocs\eimbox-dashboard\eimbox-materio\users-list.php on line 41
[10-Mar-2026 01:25:32 Asia/Dhaka] PHP ERROR [8192]: htmlspecialchars(): Passing null to parameter #1 ($string) of type string is deprecated in D:\XAMPP\htdocs\eimbox-dashboard\eimbox-materio\users-list.php on line 41
[10-Mar-2026 01:25:32 Asia/Dhaka] PHP ERROR [8192]: htmlspecialchars(): Passing null to parameter #1 ($string) of type string is deprecated in D:\XAMPP\htdocs\eimbox-dashboard\eimbox-materio\users-list.php on line 41
[10-Mar-2026 01:25:32 Asia/Dhaka] PHP ERROR [8192]: htmlspecialchars(): Passing null to parameter #1 ($string) of type string is deprecated in D:\XAMPP\htdocs\eimbox-dashboard\eimbox-materio\users-list.php on line 41
[10-Mar-2026 01:25:32 Asia/Dhaka] PHP ERROR [8192]: htmlspecialchars(): Passing null to parameter #1 ($string) of type string is deprecated in D:\XAMPP\htdocs\eimbox-dashboard\eimbox-materio\users-list.php on line 41
[10-Mar-2026 01:25:32 Asia/Dhaka] PHP ERROR [8192]: htmlspecialchars(): Passing null to parameter #1 ($string) of type string is deprecated in D:\XAMPP\htdocs\eimbox-dashboard\eimbox-materio\users-list.php on line 41
[10-Mar-2026 01:25:32 Asia/Dhaka] PHP ERROR [8192]: htmlspecialchars(): Passing null to parameter #1 ($string) of type string is deprecated in D:\XAMPP\htdocs\eimbox-dashboard\eimbox-materio\users-list.php on line 41
[10-Mar-2026 01:25:32 Asia/Dhaka] PHP ERROR [8192]: htmlspecialchars(): Passing null to parameter #1 ($string) of type string is deprecated in D:\XAMPP\htdocs\eimbox-dashboard\eimbox-materio\users-list.php on line 41
[10-Mar-2026 01:25:32 Asia/Dhaka] PHP ERROR [8192]: htmlspecialchars(): Passing null to parameter #1 ($string) of type string is deprecated in D:\XAMPP\htdocs\eimbox-dashboard\eimbox-materio\users-list.php on line 41
[10-Mar-2026 01:25:32 Asia/Dhaka] PHP ERROR [8192]: htmlspecialchars(): Passing null to parameter #1 ($string) of type string is deprecated in D:\XAMPP\htdocs\eimbox-dashboard\eimbox-materio\users-list.php on line 41
[10-Mar-2026 01:25:32 Asia/Dhaka] PHP ERROR [8192]: htmlspecialchars(): Passing null to parameter #1 ($string) of type string is deprecated in D:\XAMPP\htdocs\eimbox-dashboard\eimbox-materio\users-list.php on line 41
[10-Mar-2026 01:25:32 Asia/Dhaka] PHP ERROR [8192]: htmlspecialchars(): Passing null to parameter #1 ($string) of type string is deprecated in D:\XAMPP\htdocs\eimbox-dashboard\eimbox-materio\users-list.php on line 41
[10-Mar-2026 01:25:32 Asia/Dhaka] PHP ERROR [8192]: htmlspecialchars(): Passing null to parameter #1 ($string) of type string is deprecated in D:\XAMPP\htdocs\eimbox-dashboard\eimbox-materio\users-list.php on line 41
[10-Mar-2026 01:25:32 Asia/Dhaka] PHP ERROR [8192]: htmlspecialchars(): Passing null to parameter #1 ($string) of type string is deprecated in D:\XAMPP\htdocs\eimbox-dashboard\eimbox-materio\users-list.php on line 41
[10-Mar-2026 01:25:32 Asia/Dhaka] PHP ERROR [8192]: htmlspecialchars(): Passing null to parameter #1 ($string) of type string is deprecated in D:\XAMPP\htdocs\eimbox-dashboard\eimbox-materio\users-list.php on line 41
[10-Mar-2026 01:25:32 Asia/Dhaka] PHP ERROR [2]: Undefined variable $monitorPanel in D:\XAMPP\htdocs\eimbox-dashboard\eimbox-materio\footer.php on line 157
[10-Mar-2026 01:25:50 Asia/Dhaka] PHP ERROR [2]: Undefined variable $totalDurationPage in D:\XAMPP\htdocs\eimbox-dashboard\eimbox-materio\core\package_checker.php on line 103
[10-Mar-2026 01:25:50 Asia/Dhaka] PHP ERROR [2]: Undefined variable $totalDurationAll in D:\XAMPP\htdocs\eimbox-dashboard\eimbox-materio\core\package_checker.php on line 104
[10-Mar-2026 01:25:50 Asia/Dhaka] PHP ERROR [2]: Undefined variable $totalRecordsPage in D:\XAMPP\htdocs\eimbox-dashboard\eimbox-materio\core\package_checker.php on line 105
[10-Mar-2026 01:25:50 Asia/Dhaka] PHP ERROR [2]: Undefined variable $monitorPanel in D:\XAMPP\htdocs\eimbox-dashboard\eimbox-materio\footer.php on line 157
[10-Mar-2026 01:26:17 Asia/Dhaka] PHP ERROR [2]: Undefined variable $totalDurationPage in D:\XAMPP\htdocs\eimbox-dashboard\eimbox-materio\core\package_checker.php on line 103
[10-Mar-2026 01:26:17 Asia/Dhaka] PHP ERROR [2]: Undefined variable $totalDurationAll in D:\XAMPP\htdocs\eimbox-dashboard\eimbox-materio\core\package_checker.php on line 104
[10-Mar-2026 01:26:17 Asia/Dhaka] PHP ERROR [2]: Undefined variable $totalRecordsPage in D:\XAMPP\htdocs\eimbox-dashboard\eimbox-materio\core\package_checker.php on line 105
[10-Mar-2026 01:26:17 Asia/Dhaka] PHP ERROR [2]: Undefined variable $monitorPanel in D:\XAMPP\htdocs\eimbox-dashboard\eimbox-materio\footer.php on line 157
[10-Mar-2026 01:26:24 Asia/Dhaka] PHP ERROR [2]: Undefined variable $totalDurationPage in D:\XAMPP\htdocs\eimbox-dashboard\eimbox-materio\core\package_checker.php on line 103
[10-Mar-2026 01:26:24 Asia/Dhaka] PHP ERROR [2]: Undefined variable $totalDurationAll in D:\XAMPP\htdocs\eimbox-dashboard\eimbox-materio\core\package_checker.php on line 104
[10-Mar-2026 01:26:24 Asia/Dhaka] PHP ERROR [2]: Undefined variable $totalRecordsPage in D:\XAMPP\htdocs\eimbox-dashboard\eimbox-materio\core\package_checker.php on line 105
[10-Mar-2026 01:26:24 Asia/Dhaka] PHP ERROR [2]: Undefined variable $monitorPanel in D:\XAMPP\htdocs\eimbox-dashboard\eimbox-materio\footer.php on line 157
[10-Mar-2026 01:26:29 Asia/Dhaka] PHP ERROR [2]: Undefined variable $totalDurationPage in D:\XAMPP\htdocs\eimbox-dashboard\eimbox-materio\core\package_checker.php on line 103
[10-Mar-2026 01:26:29 Asia/Dhaka] PHP ERROR [2]: Undefined variable $totalDurationAll in D:\XAMPP\htdocs\eimbox-dashboard\eimbox-materio\core\package_checker.php on line 104
[10-Mar-2026 01:26:29 Asia/Dhaka] PHP ERROR [2]: Undefined variable $totalRecordsPage in D:\XAMPP\htdocs\eimbox-dashboard\eimbox-materio\core\package_checker.php on line 105
[10-Mar-2026 01:26:29 Asia/Dhaka] PHP ERROR [2]: Undefined variable $monitorPanel in D:\XAMPP\htdocs\eimbox-dashboard\eimbox-materio\footer.php on line 157
[10-Mar-2026 01:26:35 Asia/Dhaka] PHP ERROR [2]: Undefined variable $totalDurationPage in D:\XAMPP\htdocs\eimbox-dashboard\eimbox-materio\core\package_checker.php on line 103
[10-Mar-2026 01:26:35 Asia/Dhaka] PHP ERROR [2]: Undefined variable $totalDurationAll in D:\XAMPP\htdocs\eimbox-dashboard\eimbox-materio\core\package_checker.php on line 104
[10-Mar-2026 01:26:35 Asia/Dhaka] PHP ERROR [2]: Undefined variable $totalRecordsPage in D:\XAMPP\htdocs\eimbox-dashboard\eimbox-materio\core\package_checker.php on line 105
[10-Mar-2026 01:26:35 Asia/Dhaka] PHP ERROR [2]: Undefined variable $monitorPanel in D:\XAMPP\htdocs\eimbox-dashboard\eimbox-materio\footer.php on line 157
[10-Mar-2026 01:26:42 Asia/Dhaka] PHP ERROR [2]: Undefined variable $totalDurationPage in D:\XAMPP\htdocs\eimbox-dashboard\eimbox-materio\core\package_checker.php on line 69
[10-Mar-2026 01:26:42 Asia/Dhaka] PHP ERROR [2]: Undefined variable $totalDurationAll in D:\XAMPP\htdocs\eimbox-dashboard\eimbox-materio\core\package_checker.php on line 69
[10-Mar-2026 01:26:42 Asia/Dhaka] PHP ERROR [2]: Undefined variable $totalRecordsPage in D:\XAMPP\htdocs\eimbox-dashboard\eimbox-materio\core\package_checker.php on line 69
[10-Mar-2026 01:26:42 Asia/Dhaka] PHP ERROR [2]: Undefined variable $totalDurationPage in D:\XAMPP\htdocs\eimbox-dashboard\eimbox-materio\core\package_checker.php on line 103
[10-Mar-2026 01:26:42 Asia/Dhaka] PHP ERROR [2]: Undefined variable $totalDurationAll in D:\XAMPP\htdocs\eimbox-dashboard\eimbox-materio\core\package_checker.php on line 104
[10-Mar-2026 01:26:42 Asia/Dhaka] PHP ERROR [2]: Undefined variable $totalRecordsPage in D:\XAMPP\htdocs\eimbox-dashboard\eimbox-materio\core\package_checker.php on line 105
[10-Mar-2026 01:26:42 Asia/Dhaka] PHP ERROR [2]: Undefined variable $monitorPanel in D:\XAMPP\htdocs\eimbox-dashboard\eimbox-materio\footer.php on line 157
[10-Mar-2026 01:42:11 Asia/Dhaka] PHP ERROR [2]: Undefined variable $totalDurationPage in D:\XAMPP\htdocs\eimbox-dashboard\eimbox-materio\core\package_checker.php on line 103
[10-Mar-2026 01:42:11 Asia/Dhaka] PHP ERROR [2]: Undefined variable $totalDurationAll in D:\XAMPP\htdocs\eimbox-dashboard\eimbox-materio\core\package_checker.php on line 104
[10-Mar-2026 01:42:11 Asia/Dhaka] PHP ERROR [2]: Undefined variable $totalRecordsPage in D:\XAMPP\htdocs\eimbox-dashboard\eimbox-materio\core\package_checker.php on line 105
[10-Mar-2026 01:42:11 Asia/Dhaka] PHP ERROR [2]: Undefined variable $monitorPanel in D:\XAMPP\htdocs\eimbox-dashboard\eimbox-materio\footer.php on line 157
[10-Mar-2026 01:42:56 Asia/Dhaka] PHP ERROR [2]: Undefined variable $totalDurationPage in D:\XAMPP\htdocs\eimbox-dashboard\eimbox-materio\core\package_checker.php on line 103
[10-Mar-2026 01:42:56 Asia/Dhaka] PHP ERROR [2]: Undefined variable $totalDurationAll in D:\XAMPP\htdocs\eimbox-dashboard\eimbox-materio\core\package_checker.php on line 104
[10-Mar-2026 01:42:56 Asia/Dhaka] PHP ERROR [2]: Undefined variable $totalRecordsPage in D:\XAMPP\htdocs\eimbox-dashboard\eimbox-materio\core\package_checker.php on line 105
[10-Mar-2026 01:42:56 Asia/Dhaka] PHP ERROR [2]: Undefined variable $monitorPanel in D:\XAMPP\htdocs\eimbox-dashboard\eimbox-materio\footer.php on line 157
[10-Mar-2026 01:43:36 Asia/Dhaka] PHP ERROR [2]: Undefined variable $totalDurationPage in D:\XAMPP\htdocs\eimbox-dashboard\eimbox-materio\core\package_checker.php on line 103
[10-Mar-2026 01:43:36 Asia/Dhaka] PHP ERROR [2]: Undefined variable $totalDurationAll in D:\XAMPP\htdocs\eimbox-dashboard\eimbox-materio\core\package_checker.php on line 104
[10-Mar-2026 01:43:36 Asia/Dhaka] PHP ERROR [2]: Undefined variable $totalRecordsPage in D:\XAMPP\htdocs\eimbox-dashboard\eimbox-materio\core\package_checker.php on line 105
[10-Mar-2026 01:43:36 Asia/Dhaka] PHP ERROR [2]: Undefined variable $monitorPanel in D:\XAMPP\htdocs\eimbox-dashboard\eimbox-materio\footer.php on line 157
[10-Mar-2026 01:44:03 Asia/Dhaka] PHP ERROR [2]: Undefined variable $totalDurationPage in D:\XAMPP\htdocs\eimbox-dashboard\eimbox-materio\core\package_checker.php on line 103
[10-Mar-2026 01:44:03 Asia/Dhaka] PHP ERROR [2]: Undefined variable $totalDurationAll in D:\XAMPP\htdocs\eimbox-dashboard\eimbox-materio\core\package_checker.php on line 104
[10-Mar-2026 01:44:03 Asia/Dhaka] PHP ERROR [2]: Undefined variable $totalRecordsPage in D:\XAMPP\htdocs\eimbox-dashboard\eimbox-materio\core\package_checker.php on line 105
[10-Mar-2026 01:44:03 Asia/Dhaka] PHP ERROR [2]: Undefined variable $monitorPanel in D:\XAMPP\htdocs\eimbox-dashboard\eimbox-materio\footer.php on line 157
[10-Mar-2026 01:44:53 Asia/Dhaka] PHP ERROR [2]: Undefined variable $totalDurationPage in D:\XAMPP\htdocs\eimbox-dashboard\eimbox-materio\core\package_checker.php on line 103
[10-Mar-2026 01:44:53 Asia/Dhaka] PHP ERROR [2]: Undefined variable $totalDurationAll in D:\XAMPP\htdocs\eimbox-dashboard\eimbox-materio\core\package_checker.php on line 104
[10-Mar-2026 01:44:53 Asia/Dhaka] PHP ERROR [2]: Undefined variable $totalRecordsPage in D:\XAMPP\htdocs\eimbox-dashboard\eimbox-materio\core\package_checker.php on line 105
[10-Mar-2026 01:44:53 Asia/Dhaka] PHP ERROR [2]: Undefined variable $monitorPanel in D:\XAMPP\htdocs\eimbox-dashboard\eimbox-materio\footer.php on line 157
[10-Mar-2026 01:53:18 Asia/Dhaka] PHP ERROR [2]: Undefined variable $totalDurationPage in D:\XAMPP\htdocs\eimbox-dashboard\eimbox-materio\core\package_checker.php on line 103
[10-Mar-2026 01:53:18 Asia/Dhaka] PHP ERROR [2]: Undefined variable $totalDurationAll in D:\XAMPP\htdocs\eimbox-dashboard\eimbox-materio\core\package_checker.php on line 104
[10-Mar-2026 01:53:18 Asia/Dhaka] PHP ERROR [2]: Undefined variable $totalRecordsPage in D:\XAMPP\htdocs\eimbox-dashboard\eimbox-materio\core\package_checker.php on line 105
[10-Mar-2026 01:53:18 Asia/Dhaka] PHP ERROR [2]: Undefined variable $monitorPanel in D:\XAMPP\htdocs\eimbox-dashboard\eimbox-materio\footer.php on line 157
[10-Mar-2026 01:53:30 Asia/Dhaka] PHP ERROR [2]: Undefined variable $totalDurationPage in D:\XAMPP\htdocs\eimbox-dashboard\eimbox-materio\core\package_checker.php on line 103
[10-Mar-2026 01:53:30 Asia/Dhaka] PHP ERROR [2]: Undefined variable $totalDurationAll in D:\XAMPP\htdocs\eimbox-dashboard\eimbox-materio\core\package_checker.php on line 104
[10-Mar-2026 01:53:30 Asia/Dhaka] PHP ERROR [2]: Undefined variable $totalRecordsPage in D:\XAMPP\htdocs\eimbox-dashboard\eimbox-materio\core\package_checker.php on line 105
[10-Mar-2026 01:53:31 Asia/Dhaka] PHP ERROR [2]: Undefined variable $monitorPanel in D:\XAMPP\htdocs\eimbox-dashboard\eimbox-materio\footer.php on line 157
[10-Mar-2026 01:53:39 Asia/Dhaka] PHP ERROR [2]: Undefined variable $totalDurationPage in D:\XAMPP\htdocs\eimbox-dashboard\eimbox-materio\core\package_checker.php on line 103
[10-Mar-2026 01:53:39 Asia/Dhaka] PHP ERROR [2]: Undefined variable $totalDurationAll in D:\XAMPP\htdocs\eimbox-dashboard\eimbox-materio\core\package_checker.php on line 104
[10-Mar-2026 01:53:39 Asia/Dhaka] PHP ERROR [2]: Undefined variable $totalRecordsPage in D:\XAMPP\htdocs\eimbox-dashboard\eimbox-materio\core\package_checker.php on line 105
[10-Mar-2026 01:53:39 Asia/Dhaka] PHP ERROR [2]: Undefined variable $monitorPanel in D:\XAMPP\htdocs\eimbox-dashboard\eimbox-materio\footer.php on line 157
[10-Mar-2026 01:54:04 Asia/Dhaka] PHP ERROR [2]: Undefined variable $totalDurationPage in D:\XAMPP\htdocs\eimbox-dashboard\eimbox-materio\core\package_checker.php on line 103
[10-Mar-2026 01:54:04 Asia/Dhaka] PHP ERROR [2]: Undefined variable $totalDurationAll in D:\XAMPP\htdocs\eimbox-dashboard\eimbox-materio\core\package_checker.php on line 104
[10-Mar-2026 01:54:04 Asia/Dhaka] PHP ERROR [2]: Undefined variable $totalRecordsPage in D:\XAMPP\htdocs\eimbox-dashboard\eimbox-materio\core\package_checker.php on line 105
[10-Mar-2026 01:54:04 Asia/Dhaka] PHP ERROR [2]: Undefined variable $monitorPanel in D:\XAMPP\htdocs\eimbox-dashboard\eimbox-materio\footer.php on line 157
[10-Mar-2026 01:55:00 Asia/Dhaka] PHP ERROR [2]: Undefined variable $totalDurationPage in D:\XAMPP\htdocs\eimbox-dashboard\eimbox-materio\core\package_checker.php on line 103
[10-Mar-2026 01:55:00 Asia/Dhaka] PHP ERROR [2]: Undefined variable $totalDurationAll in D:\XAMPP\htdocs\eimbox-dashboard\eimbox-materio\core\package_checker.php on line 104
[10-Mar-2026 01:55:00 Asia/Dhaka] PHP ERROR [2]: Undefined variable $totalRecordsPage in D:\XAMPP\htdocs\eimbox-dashboard\eimbox-materio\core\package_checker.php on line 105
[10-Mar-2026 01:55:00 Asia/Dhaka] PHP ERROR [2]: Undefined variable $monitorPanel in D:\XAMPP\htdocs\eimbox-dashboard\eimbox-materio\footer.php on line 157
[10-Mar-2026 02:03:13 Asia/Dhaka] PHP ERROR [2]: Undefined variable $totalDurationPage in D:\XAMPP\htdocs\eimbox-dashboard\eimbox-materio\core\package_checker.php on line 103
[10-Mar-2026 02:03:13 Asia/Dhaka] PHP ERROR [2]: Undefined variable $totalDurationAll in D:\XAMPP\htdocs\eimbox-dashboard\eimbox-materio\core\package_checker.php on line 104
[10-Mar-2026 02:03:13 Asia/Dhaka] PHP ERROR [2]: Undefined variable $totalRecordsPage in D:\XAMPP\htdocs\eimbox-dashboard\eimbox-materio\core\package_checker.php on line 105
[10-Mar-2026 02:03:13 Asia/Dhaka] PHP ERROR [2]: Undefined variable $monitorPanel in D:\XAMPP\htdocs\eimbox-dashboard\eimbox-materio\footer.php on line 157
[10-Mar-2026 02:04:48 Asia/Dhaka] PHP ERROR [2]: Undefined variable $totalDurationPage in D:\XAMPP\htdocs\eimbox-dashboard\eimbox-materio\core\package_checker.php on line 103
[10-Mar-2026 02:04:48 Asia/Dhaka] PHP ERROR [2]: Undefined variable $totalDurationAll in D:\XAMPP\htdocs\eimbox-dashboard\eimbox-materio\core\package_checker.php on line 104
[10-Mar-2026 02:04:48 Asia/Dhaka] PHP ERROR [2]: Undefined variable $totalRecordsPage in D:\XAMPP\htdocs\eimbox-dashboard\eimbox-materio\core\package_checker.php on line 105
[10-Mar-2026 02:04:48 Asia/Dhaka] PHP ERROR [2]: Undefined variable $monitorPanel in D:\XAMPP\htdocs\eimbox-dashboard\eimbox-materio\footer.php on line 157
[10-Mar-2026 02:05:03 Asia/Dhaka] PHP ERROR [2]: Undefined variable $totalDurationPage in D:\XAMPP\htdocs\eimbox-dashboard\eimbox-materio\core\package_checker.php on line 103
[10-Mar-2026 02:05:03 Asia/Dhaka] PHP ERROR [2]: Undefined variable $totalDurationAll in D:\XAMPP\htdocs\eimbox-dashboard\eimbox-materio\core\package_checker.php on line 104
[10-Mar-2026 02:05:03 Asia/Dhaka] PHP ERROR [2]: Undefined variable $totalRecordsPage in D:\XAMPP\htdocs\eimbox-dashboard\eimbox-materio\core\package_checker.php on line 105
[10-Mar-2026 02:05:03 Asia/Dhaka] PHP ERROR [2]: Undefined variable $monitorPanel in D:\XAMPP\htdocs\eimbox-dashboard\eimbox-materio\footer.php on line 157
[10-Mar-2026 02:05:48 Asia/Dhaka] PHP ERROR [2]: Undefined variable $totalDurationPage in D:\XAMPP\htdocs\eimbox-dashboard\eimbox-materio\core\package_checker.php on line 103
[10-Mar-2026 02:05:48 Asia/Dhaka] PHP ERROR [2]: Undefined variable $totalDurationAll in D:\XAMPP\htdocs\eimbox-dashboard\eimbox-materio\core\package_checker.php on line 104
[10-Mar-2026 02:05:48 Asia/Dhaka] PHP ERROR [2]: Undefined variable $totalRecordsPage in D:\XAMPP\htdocs\eimbox-dashboard\eimbox-materio\core\package_checker.php on line 105
[10-Mar-2026 02:05:48 Asia/Dhaka] PHP ERROR [2]: Undefined variable $monitorPanel in D:\XAMPP\htdocs\eimbox-dashboard\eimbox-materio\footer.php on line 157
[10-Mar-2026 02:09:18 Asia/Dhaka] PHP ERROR [2]: Undefined variable $totalDurationPage in D:\XAMPP\htdocs\eimbox-dashboard\eimbox-materio\core\package_checker.php on line 103
[10-Mar-2026 02:09:18 Asia/Dhaka] PHP ERROR [2]: Undefined variable $totalDurationAll in D:\XAMPP\htdocs\eimbox-dashboard\eimbox-materio\core\package_checker.php on line 104
[10-Mar-2026 02:09:18 Asia/Dhaka] PHP ERROR [2]: Undefined variable $totalRecordsPage in D:\XAMPP\htdocs\eimbox-dashboard\eimbox-materio\core\package_checker.php on line 105
[10-Mar-2026 02:09:18 Asia/Dhaka] PHP ERROR [2]: Undefined variable $monitorPanel in D:\XAMPP\htdocs\eimbox-dashboard\eimbox-materio\footer.php on line 157
[10-Mar-2026 02:09:34 Asia/Dhaka] PHP ERROR [2]: Undefined variable $totalDurationPage in D:\XAMPP\htdocs\eimbox-dashboard\eimbox-materio\core\package_checker.php on line 103
[10-Mar-2026 02:09:34 Asia/Dhaka] PHP ERROR [2]: Undefined variable $totalDurationAll in D:\XAMPP\htdocs\eimbox-dashboard\eimbox-materio\core\package_checker.php on line 104
[10-Mar-2026 02:09:34 Asia/Dhaka] PHP ERROR [2]: Undefined variable $totalRecordsPage in D:\XAMPP\htdocs\eimbox-dashboard\eimbox-materio\core\package_checker.php on line 105
[10-Mar-2026 02:09:34 Asia/Dhaka] PHP ERROR [2]: Undefined variable $monitorPanel in D:\XAMPP\htdocs\eimbox-dashboard\eimbox-materio\footer.php on line 157
[10-Mar-2026 02:10:16 Asia/Dhaka] PHP ERROR [2]: Undefined variable $totalDurationPage in D:\XAMPP\htdocs\eimbox-dashboard\eimbox-materio\core\package_checker.php on line 103
[10-Mar-2026 02:10:16 Asia/Dhaka] PHP ERROR [2]: Undefined variable $totalDurationAll in D:\XAMPP\htdocs\eimbox-dashboard\eimbox-materio\core\package_checker.php on line 104
[10-Mar-2026 02:10:16 Asia/Dhaka] PHP ERROR [2]: Undefined variable $totalRecordsPage in D:\XAMPP\htdocs\eimbox-dashboard\eimbox-materio\core\package_checker.php on line 105
[10-Mar-2026 02:10:16 Asia/Dhaka] PHP ERROR [2]: Undefined variable $monitorPanel in D:\XAMPP\htdocs\eimbox-dashboard\eimbox-materio\footer.php on line 157
[10-Mar-2026 02:10:44 Asia/Dhaka] PHP ERROR [2]: Undefined variable $totalDurationPage in D:\XAMPP\htdocs\eimbox-dashboard\eimbox-materio\core\package_checker.php on line 103
[10-Mar-2026 02:10:44 Asia/Dhaka] PHP ERROR [2]: Undefined variable $totalDurationAll in D:\XAMPP\htdocs\eimbox-dashboard\eimbox-materio\core\package_checker.php on line 104
[10-Mar-2026 02:10:44 Asia/Dhaka] PHP ERROR [2]: Undefined variable $totalRecordsPage in D:\XAMPP\htdocs\eimbox-dashboard\eimbox-materio\core\package_checker.php on line 105
[10-Mar-2026 02:10:44 Asia/Dhaka] PHP ERROR [2]: Undefined variable $monitorPanel in D:\XAMPP\htdocs\eimbox-dashboard\eimbox-materio\footer.php on line 157
[10-Mar-2026 02:11:49 Asia/Dhaka] PHP ERROR [2]: Undefined variable $totalDurationPage in D:\XAMPP\htdocs\eimbox-dashboard\eimbox-materio\core\package_checker.php on line 103
[10-Mar-2026 02:11:49 Asia/Dhaka] PHP ERROR [2]: Undefined variable $totalDurationAll in D:\XAMPP\htdocs\eimbox-dashboard\eimbox-materio\core\package_checker.php on line 104
[10-Mar-2026 02:11:49 Asia/Dhaka] PHP ERROR [2]: Undefined variable $totalRecordsPage in D:\XAMPP\htdocs\eimbox-dashboard\eimbox-materio\core\package_checker.php on line 105
[10-Mar-2026 02:11:49 Asia/Dhaka] PHP ERROR [2]: Undefined variable $monitorPanel in D:\XAMPP\htdocs\eimbox-dashboard\eimbox-materio\footer.php on line 157
[10-Mar-2026 02:11:58 Asia/Dhaka] PHP ERROR [2]: Undefined variable $totalDurationPage in D:\XAMPP\htdocs\eimbox-dashboard\eimbox-materio\core\package_checker.php on line 103
[10-Mar-2026 02:11:58 Asia/Dhaka] PHP ERROR [2]: Undefined variable $totalDurationAll in D:\XAMPP\htdocs\eimbox-dashboard\eimbox-materio\core\package_checker.php on line 104
[10-Mar-2026 02:11:58 Asia/Dhaka] PHP ERROR [2]: Undefined variable $totalRecordsPage in D:\XAMPP\htdocs\eimbox-dashboard\eimbox-materio\core\package_checker.php on line 105
[10-Mar-2026 02:11:58 Asia/Dhaka] PHP ERROR [2]: Undefined variable $monitorPanel in D:\XAMPP\htdocs\eimbox-dashboard\eimbox-materio\footer.php on line 157
[10-Mar-2026 02:13:06 Asia/Dhaka] PHP ERROR [2]: Undefined variable $totalDurationPage in D:\XAMPP\htdocs\eimbox-dashboard\eimbox-materio\core\package_checker.php on line 103
[10-Mar-2026 02:13:06 Asia/Dhaka] PHP ERROR [2]: Undefined variable $totalDurationAll in D:\XAMPP\htdocs\eimbox-dashboard\eimbox-materio\core\package_checker.php on line 104
[10-Mar-2026 02:13:06 Asia/Dhaka] PHP ERROR [2]: Undefined variable $totalRecordsPage in D:\XAMPP\htdocs\eimbox-dashboard\eimbox-materio\core\package_checker.php on line 105
[10-Mar-2026 02:13:06 Asia/Dhaka] PHP ERROR [2]: Undefined variable $monitorPanel in D:\XAMPP\htdocs\eimbox-dashboard\eimbox-materio\footer.php on line 157
[10-Mar-2026 02:13:49 Asia/Dhaka] PHP ERROR [2]: Undefined variable $totalDurationPage in D:\XAMPP\htdocs\eimbox-dashboard\eimbox-materio\core\package_checker.php on line 103
[10-Mar-2026 02:13:49 Asia/Dhaka] PHP ERROR [2]: Undefined variable $totalDurationAll in D:\XAMPP\htdocs\eimbox-dashboard\eimbox-materio\core\package_checker.php on line 104
[10-Mar-2026 02:13:49 Asia/Dhaka] PHP ERROR [2]: Undefined variable $totalRecordsPage in D:\XAMPP\htdocs\eimbox-dashboard\eimbox-materio\core\package_checker.php on line 105
[10-Mar-2026 02:13:49 Asia/Dhaka] PHP ERROR [2]: Undefined variable $monitorPanel in D:\XAMPP\htdocs\eimbox-dashboard\eimbox-materio\footer.php on line 157
[10-Mar-2026 02:14:37 Asia/Dhaka] PHP ERROR [2]: Undefined variable $totalDurationPage in D:\XAMPP\htdocs\eimbox-dashboard\eimbox-materio\core\package_checker.php on line 103
[10-Mar-2026 02:14:37 Asia/Dhaka] PHP ERROR [2]: Undefined variable $totalDurationAll in D:\XAMPP\htdocs\eimbox-dashboard\eimbox-materio\core\package_checker.php on line 104
[10-Mar-2026 02:14:37 Asia/Dhaka] PHP ERROR [2]: Undefined variable $totalRecordsPage in D:\XAMPP\htdocs\eimbox-dashboard\eimbox-materio\core\package_checker.php on line 105
[10-Mar-2026 02:14:37 Asia/Dhaka] PHP ERROR [2]: Undefined variable $monitorPanel in D:\XAMPP\htdocs\eimbox-dashboard\eimbox-materio\footer.php on line 157
[10-Mar-2026 02:15:06 Asia/Dhaka] PHP ERROR [2]: Undefined variable $totalDurationPage in D:\XAMPP\htdocs\eimbox-dashboard\eimbox-materio\core\package_checker.php on line 103
[10-Mar-2026 02:15:06 Asia/Dhaka] PHP ERROR [2]: Undefined variable $totalDurationAll in D:\XAMPP\htdocs\eimbox-dashboard\eimbox-materio\core\package_checker.php on line 104
[10-Mar-2026 02:15:06 Asia/Dhaka] PHP ERROR [2]: Undefined variable $totalRecordsPage in D:\XAMPP\htdocs\eimbox-dashboard\eimbox-materio\core\package_checker.php on line 105
[10-Mar-2026 02:15:06 Asia/Dhaka] PHP ERROR [2]: Undefined variable $monitorPanel in D:\XAMPP\htdocs\eimbox-dashboard\eimbox-materio\footer.php on line 157
[10-Mar-2026 02:16:09 Asia/Dhaka] PHP ERROR [2]: Undefined variable $totalDurationPage in D:\XAMPP\htdocs\eimbox-dashboard\eimbox-materio\core\package_checker.php on line 103
[10-Mar-2026 02:16:09 Asia/Dhaka] PHP ERROR [2]: Undefined variable $totalDurationAll in D:\XAMPP\htdocs\eimbox-dashboard\eimbox-materio\core\package_checker.php on line 104
[10-Mar-2026 02:16:09 Asia/Dhaka] PHP ERROR [2]: Undefined variable $totalRecordsPage in D:\XAMPP\htdocs\eimbox-dashboard\eimbox-materio\core\package_checker.php on line 105
[10-Mar-2026 02:16:09 Asia/Dhaka] PHP ERROR [2]: Undefined variable $monitorPanel in D:\XAMPP\htdocs\eimbox-dashboard\eimbox-materio\footer.php on line 157
[10-Mar-2026 02:16:27 Asia/Dhaka] PHP ERROR [2]: Undefined variable $totalDurationPage in D:\XAMPP\htdocs\eimbox-dashboard\eimbox-materio\core\package_checker.php on line 103
[10-Mar-2026 02:16:27 Asia/Dhaka] PHP ERROR [2]: Undefined variable $totalDurationAll in D:\XAMPP\htdocs\eimbox-dashboard\eimbox-materio\core\package_checker.php on line 104
[10-Mar-2026 02:16:27 Asia/Dhaka] PHP ERROR [2]: Undefined variable $totalRecordsPage in D:\XAMPP\htdocs\eimbox-dashboard\eimbox-materio\core\package_checker.php on line 105
[10-Mar-2026 02:16:27 Asia/Dhaka] PHP ERROR [2]: Undefined variable $monitorPanel in D:\XAMPP\htdocs\eimbox-dashboard\eimbox-materio\footer.php on line 157
[10-Mar-2026 02:22:31 Asia/Dhaka] PHP ERROR [2]: Undefined variable $totalDurationPage in D:\XAMPP\htdocs\eimbox-dashboard\eimbox-materio\core\package_checker.php on line 69
[10-Mar-2026 02:22:31 Asia/Dhaka] PHP ERROR [2]: Undefined variable $totalDurationAll in D:\XAMPP\htdocs\eimbox-dashboard\eimbox-materio\core\package_checker.php on line 69
[10-Mar-2026 02:22:31 Asia/Dhaka] PHP ERROR [2]: Undefined variable $totalRecordsPage in D:\XAMPP\htdocs\eimbox-dashboard\eimbox-materio\core\package_checker.php on line 69
[10-Mar-2026 02:22:31 Asia/Dhaka] PHP ERROR [2]: Undefined variable $totalDurationPage in D:\XAMPP\htdocs\eimbox-dashboard\eimbox-materio\core\package_checker.php on line 103
[10-Mar-2026 02:22:31 Asia/Dhaka] PHP ERROR [2]: Undefined variable $totalDurationAll in D:\XAMPP\htdocs\eimbox-dashboard\eimbox-materio\core\package_checker.php on line 104
[10-Mar-2026 02:22:31 Asia/Dhaka] PHP ERROR [2]: Undefined variable $totalRecordsPage in D:\XAMPP\htdocs\eimbox-dashboard\eimbox-materio\core\package_checker.php on line 105
[10-Mar-2026 02:22:31 Asia/Dhaka] PHP ERROR [2]: Undefined variable $monitorPanel in D:\XAMPP\htdocs\eimbox-dashboard\eimbox-materio\footer.php on line 157
[10-Mar-2026 02:23:35 Asia/Dhaka] PHP ERROR [2]: Undefined variable $totalDurationPage in D:\XAMPP\htdocs\eimbox-dashboard\eimbox-materio\core\package_checker.php on line 69
[10-Mar-2026 02:23:35 Asia/Dhaka] PHP ERROR [2]: Undefined variable $totalDurationAll in D:\XAMPP\htdocs\eimbox-dashboard\eimbox-materio\core\package_checker.php on line 69
[10-Mar-2026 02:23:35 Asia/Dhaka] PHP ERROR [2]: Undefined variable $totalRecordsPage in D:\XAMPP\htdocs\eimbox-dashboard\eimbox-materio\core\package_checker.php on line 69
[10-Mar-2026 02:23:35 Asia/Dhaka] PHP ERROR [2]: Undefined variable $totalDurationPage in D:\XAMPP\htdocs\eimbox-dashboard\eimbox-materio\core\package_checker.php on line 103
[10-Mar-2026 02:23:35 Asia/Dhaka] PHP ERROR [2]: Undefined variable $totalDurationAll in D:\XAMPP\htdocs\eimbox-dashboard\eimbox-materio\core\package_checker.php on line 104
[10-Mar-2026 02:23:35 Asia/Dhaka] PHP ERROR [2]: Undefined variable $totalRecordsPage in D:\XAMPP\htdocs\eimbox-dashboard\eimbox-materio\core\package_checker.php on line 105
[10-Mar-2026 02:23:35 Asia/Dhaka] PHP ERROR [2]: Undefined variable $monitorPanel in D:\XAMPP\htdocs\eimbox-dashboard\eimbox-materio\footer.php on line 157
[10-Mar-2026 02:23:58 Asia/Dhaka] PHP ERROR [2]: Undefined variable $totalDurationPage in D:\XAMPP\htdocs\eimbox-dashboard\eimbox-materio\core\package_checker.php on line 69
[10-Mar-2026 02:23:58 Asia/Dhaka] PHP ERROR [2]: Undefined variable $totalDurationAll in D:\XAMPP\htdocs\eimbox-dashboard\eimbox-materio\core\package_checker.php on line 69
[10-Mar-2026 02:23:58 Asia/Dhaka] PHP ERROR [2]: Undefined variable $totalRecordsPage in D:\XAMPP\htdocs\eimbox-dashboard\eimbox-materio\core\package_checker.php on line 69
[10-Mar-2026 02:23:58 Asia/Dhaka] PHP ERROR [2]: Undefined variable $totalDurationPage in D:\XAMPP\htdocs\eimbox-dashboard\eimbox-materio\core\package_checker.php on line 103
[10-Mar-2026 02:23:58 Asia/Dhaka] PHP ERROR [2]: Undefined variable $totalDurationAll in D:\XAMPP\htdocs\eimbox-dashboard\eimbox-materio\core\package_checker.php on line 104
[10-Mar-2026 02:23:58 Asia/Dhaka] PHP ERROR [2]: Undefined variable $totalRecordsPage in D:\XAMPP\htdocs\eimbox-dashboard\eimbox-materio\core\package_checker.php on line 105
[10-Mar-2026 02:23:58 Asia/Dhaka] PHP ERROR [2]: Undefined variable $monitorPanel in D:\XAMPP\htdocs\eimbox-dashboard\eimbox-materio\footer.php on line 157
[10-Mar-2026 02:28:47 Asia/Dhaka] PHP ERROR [2]: Undefined variable $totalDurationPage in D:\XAMPP\htdocs\eimbox-dashboard\eimbox-materio\core\package_checker.php on line 69
[10-Mar-2026 02:28:47 Asia/Dhaka] PHP ERROR [2]: Undefined variable $totalDurationAll in D:\XAMPP\htdocs\eimbox-dashboard\eimbox-materio\core\package_checker.php on line 69
[10-Mar-2026 02:28:47 Asia/Dhaka] PHP ERROR [2]: Undefined variable $totalRecordsPage in D:\XAMPP\htdocs\eimbox-dashboard\eimbox-materio\core\package_checker.php on line 69
[10-Mar-2026 02:28:47 Asia/Dhaka] PHP ERROR [2]: Undefined variable $totalDurationPage in D:\XAMPP\htdocs\eimbox-dashboard\eimbox-materio\core\package_checker.php on line 103
[10-Mar-2026 02:28:47 Asia/Dhaka] PHP ERROR [2]: Undefined variable $totalDurationAll in D:\XAMPP\htdocs\eimbox-dashboard\eimbox-materio\core\package_checker.php on line 104
[10-Mar-2026 02:28:47 Asia/Dhaka] PHP ERROR [2]: Undefined variable $totalRecordsPage in D:\XAMPP\htdocs\eimbox-dashboard\eimbox-materio\core\package_checker.php on line 105
[10-Mar-2026 02:28:47 Asia/Dhaka] PHP ERROR [2]: Undefined variable $monitorPanel in D:\XAMPP\htdocs\eimbox-dashboard\eimbox-materio\footer.php on line 157
[10-Mar-2026 02:30:42 Asia/Dhaka] PHP ERROR [2]: Undefined variable $totalDurationPage in D:\XAMPP\htdocs\eimbox-dashboard\eimbox-materio\core\package_checker.php on line 69
[10-Mar-2026 02:30:42 Asia/Dhaka] PHP ERROR [2]: Undefined variable $totalDurationAll in D:\XAMPP\htdocs\eimbox-dashboard\eimbox-materio\core\package_checker.php on line 69
[10-Mar-2026 02:30:42 Asia/Dhaka] PHP ERROR [2]: Undefined variable $totalRecordsPage in D:\XAMPP\htdocs\eimbox-dashboard\eimbox-materio\core\package_checker.php on line 69
[10-Mar-2026 02:30:42 Asia/Dhaka] PHP ERROR [2]: Undefined variable $totalDurationPage in D:\XAMPP\htdocs\eimbox-dashboard\eimbox-materio\core\package_checker.php on line 103
[10-Mar-2026 02:30:42 Asia/Dhaka] PHP ERROR [2]: Undefined variable $totalDurationAll in D:\XAMPP\htdocs\eimbox-dashboard\eimbox-materio\core\package_checker.php on line 104
[10-Mar-2026 02:30:42 Asia/Dhaka] PHP ERROR [2]: Undefined variable $totalRecordsPage in D:\XAMPP\htdocs\eimbox-dashboard\eimbox-materio\core\package_checker.php on line 105
[10-Mar-2026 02:30:42 Asia/Dhaka] PHP ERROR [2]: Undefined variable $monitorPanel in D:\XAMPP\htdocs\eimbox-dashboard\eimbox-materio\footer.php on line 157
[10-Mar-2026 02:33:09 Asia/Dhaka] PHP ERROR [2]: Undefined variable $totalDurationPage in D:\XAMPP\htdocs\eimbox-dashboard\eimbox-materio\core\package_checker.php on line 69
[10-Mar-2026 02:33:09 Asia/Dhaka] PHP ERROR [2]: Undefined variable $totalDurationAll in D:\XAMPP\htdocs\eimbox-dashboard\eimbox-materio\core\package_checker.php on line 69
[10-Mar-2026 02:33:09 Asia/Dhaka] PHP ERROR [2]: Undefined variable $totalRecordsPage in D:\XAMPP\htdocs\eimbox-dashboard\eimbox-materio\core\package_checker.php on line 69
[10-Mar-2026 02:33:09 Asia/Dhaka] PHP ERROR [2]: Undefined variable $totalDurationPage in D:\XAMPP\htdocs\eimbox-dashboard\eimbox-materio\core\package_checker.php on line 103
[10-Mar-2026 02:33:09 Asia/Dhaka] PHP ERROR [2]: Undefined variable $totalDurationAll in D:\XAMPP\htdocs\eimbox-dashboard\eimbox-materio\core\package_checker.php on line 104
[10-Mar-2026 02:33:09 Asia/Dhaka] PHP ERROR [2]: Undefined variable $totalRecordsPage in D:\XAMPP\htdocs\eimbox-dashboard\eimbox-materio\core\package_checker.php on line 105
[10-Mar-2026 02:33:09 Asia/Dhaka] PHP ERROR [2]: Undefined variable $monitorPanel in D:\XAMPP\htdocs\eimbox-dashboard\eimbox-materio\footer.php on line 157
[10-Mar-2026 02:33:20 Asia/Dhaka] PHP ERROR [2]: Undefined variable $totalDurationPage in D:\XAMPP\htdocs\eimbox-dashboard\eimbox-materio\core\package_checker.php on line 69
[10-Mar-2026 02:33:20 Asia/Dhaka] PHP ERROR [2]: Undefined variable $totalDurationAll in D:\XAMPP\htdocs\eimbox-dashboard\eimbox-materio\core\package_checker.php on line 69
[10-Mar-2026 02:33:20 Asia/Dhaka] PHP ERROR [2]: Undefined variable $totalRecordsPage in D:\XAMPP\htdocs\eimbox-dashboard\eimbox-materio\core\package_checker.php on line 69
[10-Mar-2026 02:33:20 Asia/Dhaka] PHP ERROR [2]: Undefined variable $totalDurationPage in D:\XAMPP\htdocs\eimbox-dashboard\eimbox-materio\core\package_checker.php on line 103
[10-Mar-2026 02:33:20 Asia/Dhaka] PHP ERROR [2]: Undefined variable $totalDurationAll in D:\XAMPP\htdocs\eimbox-dashboard\eimbox-materio\core\package_checker.php on line 104
[10-Mar-2026 02:33:20 Asia/Dhaka] PHP ERROR [2]: Undefined variable $totalRecordsPage in D:\XAMPP\htdocs\eimbox-dashboard\eimbox-materio\core\package_checker.php on line 105
[10-Mar-2026 02:33:20 Asia/Dhaka] PHP ERROR [2]: Undefined variable $monitorPanel in D:\XAMPP\htdocs\eimbox-dashboard\eimbox-materio\footer.php on line 157
[10-Mar-2026 02:35:52 Asia/Dhaka] PHP ERROR [2]: Undefined variable $totalDurationPage in D:\XAMPP\htdocs\eimbox-dashboard\eimbox-materio\core\package_checker.php on line 69
[10-Mar-2026 02:35:52 Asia/Dhaka] PHP ERROR [2]: Undefined variable $totalDurationAll in D:\XAMPP\htdocs\eimbox-dashboard\eimbox-materio\core\package_checker.php on line 69
[10-Mar-2026 02:35:52 Asia/Dhaka] PHP ERROR [2]: Undefined variable $totalRecordsPage in D:\XAMPP\htdocs\eimbox-dashboard\eimbox-materio\core\package_checker.php on line 69
[10-Mar-2026 02:35:52 Asia/Dhaka] PHP ERROR [2]: Undefined variable $totalDurationPage in D:\XAMPP\htdocs\eimbox-dashboard\eimbox-materio\core\package_checker.php on line 103
[10-Mar-2026 02:35:52 Asia/Dhaka] PHP ERROR [2]: Undefined variable $totalDurationAll in D:\XAMPP\htdocs\eimbox-dashboard\eimbox-materio\core\package_checker.php on line 104
[10-Mar-2026 02:35:52 Asia/Dhaka] PHP ERROR [2]: Undefined variable $totalRecordsPage in D:\XAMPP\htdocs\eimbox-dashboard\eimbox-materio\core\package_checker.php on line 105
[10-Mar-2026 02:35:53 Asia/Dhaka] PHP ERROR [2]: Undefined variable $monitorPanel in D:\XAMPP\htdocs\eimbox-dashboard\eimbox-materio\footer.php on line 157
[10-Mar-2026 02:40:23 Asia/Dhaka] PHP ERROR [2]: Undefined variable $totalDurationPage in D:\XAMPP\htdocs\eimbox-dashboard\eimbox-materio\core\package_checker.php on line 69
[10-Mar-2026 02:40:23 Asia/Dhaka] PHP ERROR [2]: Undefined variable $totalDurationAll in D:\XAMPP\htdocs\eimbox-dashboard\eimbox-materio\core\package_checker.php on line 69
[10-Mar-2026 02:40:23 Asia/Dhaka] PHP ERROR [2]: Undefined variable $totalRecordsPage in D:\XAMPP\htdocs\eimbox-dashboard\eimbox-materio\core\package_checker.php on line 69
[10-Mar-2026 02:40:23 Asia/Dhaka] PHP ERROR [2]: Undefined variable $totalDurationPage in D:\XAMPP\htdocs\eimbox-dashboard\eimbox-materio\core\package_checker.php on line 103
[10-Mar-2026 02:40:23 Asia/Dhaka] PHP ERROR [2]: Undefined variable $totalDurationAll in D:\XAMPP\htdocs\eimbox-dashboard\eimbox-materio\core\package_checker.php on line 104
[10-Mar-2026 02:40:23 Asia/Dhaka] PHP ERROR [2]: Undefined variable $totalRecordsPage in D:\XAMPP\htdocs\eimbox-dashboard\eimbox-materio\core\package_checker.php on line 105
[10-Mar-2026 02:40:23 Asia/Dhaka] PHP ERROR [2]: Undefined variable $monitorPanel in D:\XAMPP\htdocs\eimbox-dashboard\eimbox-materio\footer.php on line 157
[10-Mar-2026 02:48:46 Asia/Dhaka] PHP ERROR [2]: Undefined variable $totalDurationPage in D:\XAMPP\htdocs\eimbox-dashboard\eimbox-materio\core\package_checker.php on line 69
[10-Mar-2026 02:48:46 Asia/Dhaka] PHP ERROR [2]: Undefined variable $totalDurationAll in D:\XAMPP\htdocs\eimbox-dashboard\eimbox-materio\core\package_checker.php on line 69
[10-Mar-2026 02:48:46 Asia/Dhaka] PHP ERROR [2]: Undefined variable $totalRecordsPage in D:\XAMPP\htdocs\eimbox-dashboard\eimbox-materio\core\package_checker.php on line 69
[10-Mar-2026 02:48:46 Asia/Dhaka] PHP ERROR [2]: Undefined variable $totalDurationPage in D:\XAMPP\htdocs\eimbox-dashboard\eimbox-materio\core\package_checker.php on line 103
[10-Mar-2026 02:48:46 Asia/Dhaka] PHP ERROR [2]: Undefined variable $totalDurationAll in D:\XAMPP\htdocs\eimbox-dashboard\eimbox-materio\core\package_checker.php on line 104
[10-Mar-2026 02:48:46 Asia/Dhaka] PHP ERROR [2]: Undefined variable $totalRecordsPage in D:\XAMPP\htdocs\eimbox-dashboard\eimbox-materio\core\package_checker.php on line 105
[10-Mar-2026 02:48:46 Asia/Dhaka] PHP ERROR [2]: Undefined variable $monitorPanel in D:\XAMPP\htdocs\eimbox-dashboard\eimbox-materio\footer.php on line 157
[10-Mar-2026 02:49:48 Asia/Dhaka] PHP ERROR [2]: Undefined variable $totalDurationPage in D:\XAMPP\htdocs\eimbox-dashboard\eimbox-materio\core\package_checker.php on line 69
[10-Mar-2026 02:49:48 Asia/Dhaka] PHP ERROR [2]: Undefined variable $totalDurationAll in D:\XAMPP\htdocs\eimbox-dashboard\eimbox-materio\core\package_checker.php on line 69
[10-Mar-2026 02:49:48 Asia/Dhaka] PHP ERROR [2]: Undefined variable $totalRecordsPage in D:\XAMPP\htdocs\eimbox-dashboard\eimbox-materio\core\package_checker.php on line 69
[10-Mar-2026 02:49:48 Asia/Dhaka] PHP ERROR [2]: Undefined variable $totalDurationPage in D:\XAMPP\htdocs\eimbox-dashboard\eimbox-materio\core\package_checker.php on line 103
[10-Mar-2026 02:49:48 Asia/Dhaka] PHP ERROR [2]: Undefined variable $totalDurationAll in D:\XAMPP\htdocs\eimbox-dashboard\eimbox-materio\core\package_checker.php on line 104
[10-Mar-2026 02:49:48 Asia/Dhaka] PHP ERROR [2]: Undefined variable $totalRecordsPage in D:\XAMPP\htdocs\eimbox-dashboard\eimbox-materio\core\package_checker.php on line 105
[10-Mar-2026 02:49:48 Asia/Dhaka] PHP ERROR [2]: Undefined variable $monitorPanel in D:\XAMPP\htdocs\eimbox-dashboard\eimbox-materio\footer.php on line 157
[10-Mar-2026 02:54:10 Asia/Dhaka] PHP ERROR [2]: Undefined variable $totalDurationPage in D:\XAMPP\htdocs\eimbox-dashboard\eimbox-materio\core\package_checker.php on line 69
[10-Mar-2026 02:54:10 Asia/Dhaka] PHP ERROR [2]: Undefined variable $totalDurationAll in D:\XAMPP\htdocs\eimbox-dashboard\eimbox-materio\core\package_checker.php on line 69
[10-Mar-2026 02:54:10 Asia/Dhaka] PHP ERROR [2]: Undefined variable $totalRecordsPage in D:\XAMPP\htdocs\eimbox-dashboard\eimbox-materio\core\package_checker.php on line 69
[10-Mar-2026 02:54:10 Asia/Dhaka] PHP ERROR [2]: Undefined variable $totalDurationPage in D:\XAMPP\htdocs\eimbox-dashboard\eimbox-materio\core\package_checker.php on line 103
[10-Mar-2026 02:54:10 Asia/Dhaka] PHP ERROR [2]: Undefined variable $totalDurationAll in D:\XAMPP\htdocs\eimbox-dashboard\eimbox-materio\core\package_checker.php on line 104
[10-Mar-2026 02:54:10 Asia/Dhaka] PHP ERROR [2]: Undefined variable $totalRecordsPage in D:\XAMPP\htdocs\eimbox-dashboard\eimbox-materio\core\package_checker.php on line 105
[10-Mar-2026 02:54:10 Asia/Dhaka] PHP ERROR [2]: Undefined variable $monitorPanel in D:\XAMPP\htdocs\eimbox-dashboard\eimbox-materio\footer.php on line 157
[10-Mar-2026 02:58:22 Asia/Dhaka] PHP ERROR [2]: Undefined variable $totalDurationPage in D:\XAMPP\htdocs\eimbox-dashboard\eimbox-materio\core\package_checker.php on line 69
[10-Mar-2026 02:58:22 Asia/Dhaka] PHP ERROR [2]: Undefined variable $totalDurationAll in D:\XAMPP\htdocs\eimbox-dashboard\eimbox-materio\core\package_checker.php on line 69
[10-Mar-2026 02:58:22 Asia/Dhaka] PHP ERROR [2]: Undefined variable $totalRecordsPage in D:\XAMPP\htdocs\eimbox-dashboard\eimbox-materio\core\package_checker.php on line 69
[10-Mar-2026 02:58:22 Asia/Dhaka] PHP ERROR [2]: Undefined variable $totalDurationPage in D:\XAMPP\htdocs\eimbox-dashboard\eimbox-materio\core\package_checker.php on line 103
[10-Mar-2026 02:58:22 Asia/Dhaka] PHP ERROR [2]: Undefined variable $totalDurationAll in D:\XAMPP\htdocs\eimbox-dashboard\eimbox-materio\core\package_checker.php on line 104
[10-Mar-2026 02:58:22 Asia/Dhaka] PHP ERROR [2]: Undefined variable $totalRecordsPage in D:\XAMPP\htdocs\eimbox-dashboard\eimbox-materio\core\package_checker.php on line 105
[10-Mar-2026 02:58:22 Asia/Dhaka] PHP ERROR [2]: Undefined variable $monitorPanel in D:\XAMPP\htdocs\eimbox-dashboard\eimbox-materio\footer.php on line 157
[10-Mar-2026 02:58:32 Asia/Dhaka] PHP ERROR [2]: Undefined variable $totalDurationPage in D:\XAMPP\htdocs\eimbox-dashboard\eimbox-materio\core\package_checker.php on line 69
[10-Mar-2026 02:58:32 Asia/Dhaka] PHP ERROR [2]: Undefined variable $totalDurationAll in D:\XAMPP\htdocs\eimbox-dashboard\eimbox-materio\core\package_checker.php on line 69
[10-Mar-2026 02:58:32 Asia/Dhaka] PHP ERROR [2]: Undefined variable $totalRecordsPage in D:\XAMPP\htdocs\eimbox-dashboard\eimbox-materio\core\package_checker.php on line 69
[10-Mar-2026 02:58:32 Asia/Dhaka] PHP ERROR [2]: Undefined variable $totalDurationPage in D:\XAMPP\htdocs\eimbox-dashboard\eimbox-materio\core\package_checker.php on line 103
[10-Mar-2026 02:58:32 Asia/Dhaka] PHP ERROR [2]: Undefined variable $totalDurationAll in D:\XAMPP\htdocs\eimbox-dashboard\eimbox-materio\core\package_checker.php on line 104
[10-Mar-2026 02:58:32 Asia/Dhaka] PHP ERROR [2]: Undefined variable $totalRecordsPage in D:\XAMPP\htdocs\eimbox-dashboard\eimbox-materio\core\package_checker.php on line 105
[10-Mar-2026 02:58:32 Asia/Dhaka] PHP ERROR [2]: Undefined variable $monitorPanel in D:\XAMPP\htdocs\eimbox-dashboard\eimbox-materio\footer.php on line 157
[10-Mar-2026 02:59:41 Asia/Dhaka] PHP ERROR [2]: Undefined variable $totalDurationPage in D:\XAMPP\htdocs\eimbox-dashboard\eimbox-materio\core\package_checker.php on line 69
[10-Mar-2026 02:59:41 Asia/Dhaka] PHP ERROR [2]: Undefined variable $totalDurationAll in D:\XAMPP\htdocs\eimbox-dashboard\eimbox-materio\core\package_checker.php on line 69
[10-Mar-2026 02:59:41 Asia/Dhaka] PHP ERROR [2]: Undefined variable $totalRecordsPage in D:\XAMPP\htdocs\eimbox-dashboard\eimbox-materio\core\package_checker.php on line 69
[10-Mar-2026 02:59:41 Asia/Dhaka] PHP ERROR [2]: Undefined variable $totalDurationPage in D:\XAMPP\htdocs\eimbox-dashboard\eimbox-materio\core\package_checker.php on line 103
[10-Mar-2026 02:59:41 Asia/Dhaka] PHP ERROR [2]: Undefined variable $totalDurationAll in D:\XAMPP\htdocs\eimbox-dashboard\eimbox-materio\core\package_checker.php on line 104
[10-Mar-2026 02:59:41 Asia/Dhaka] PHP ERROR [2]: Undefined variable $totalRecordsPage in D:\XAMPP\htdocs\eimbox-dashboard\eimbox-materio\core\package_checker.php on line 105
[10-Mar-2026 02:59:41 Asia/Dhaka] PHP ERROR [2]: Undefined variable $monitorPanel in D:\XAMPP\htdocs\eimbox-dashboard\eimbox-materio\footer.php on line 157
[10-Mar-2026 02:59:51 Asia/Dhaka] PHP ERROR [2]: Undefined variable $totalDurationPage in D:\XAMPP\htdocs\eimbox-dashboard\eimbox-materio\core\package_checker.php on line 69
[10-Mar-2026 02:59:51 Asia/Dhaka] PHP ERROR [2]: Undefined variable $totalDurationAll in D:\XAMPP\htdocs\eimbox-dashboard\eimbox-materio\core\package_checker.php on line 69
[10-Mar-2026 02:59:51 Asia/Dhaka] PHP ERROR [2]: Undefined variable $totalRecordsPage in D:\XAMPP\htdocs\eimbox-dashboard\eimbox-materio\core\package_checker.php on line 69
[10-Mar-2026 02:59:51 Asia/Dhaka] PHP ERROR [2]: Undefined variable $totalDurationPage in D:\XAMPP\htdocs\eimbox-dashboard\eimbox-materio\core\package_checker.php on line 103
[10-Mar-2026 02:59:51 Asia/Dhaka] PHP ERROR [2]: Undefined variable $totalDurationAll in D:\XAMPP\htdocs\eimbox-dashboard\eimbox-materio\core\package_checker.php on line 104
[10-Mar-2026 02:59:51 Asia/Dhaka] PHP ERROR [2]: Undefined variable $totalRecordsPage in D:\XAMPP\htdocs\eimbox-dashboard\eimbox-materio\core\package_checker.php on line 105
[10-Mar-2026 02:59:51 Asia/Dhaka] PHP ERROR [2]: Undefined variable $monitorPanel in D:\XAMPP\htdocs\eimbox-dashboard\eimbox-materio\footer.php on line 157
[10-Mar-2026 03:01:18 Asia/Dhaka] PHP ERROR [2]: Undefined variable $totalDurationPage in D:\XAMPP\htdocs\eimbox-dashboard\eimbox-materio\core\package_checker.php on line 69
[10-Mar-2026 03:01:18 Asia/Dhaka] PHP ERROR [2]: Undefined variable $totalDurationAll in D:\XAMPP\htdocs\eimbox-dashboard\eimbox-materio\core\package_checker.php on line 69
[10-Mar-2026 03:01:18 Asia/Dhaka] PHP ERROR [2]: Undefined variable $totalRecordsPage in D:\XAMPP\htdocs\eimbox-dashboard\eimbox-materio\core\package_checker.php on line 69
[10-Mar-2026 03:01:18 Asia/Dhaka] PHP ERROR [2]: Undefined variable $totalDurationPage in D:\XAMPP\htdocs\eimbox-dashboard\eimbox-materio\core\package_checker.php on line 103
[10-Mar-2026 03:01:18 Asia/Dhaka] PHP ERROR [2]: Undefined variable $totalDurationAll in D:\XAMPP\htdocs\eimbox-dashboard\eimbox-materio\core\package_checker.php on line 104
[10-Mar-2026 03:01:18 Asia/Dhaka] PHP ERROR [2]: Undefined variable $totalRecordsPage in D:\XAMPP\htdocs\eimbox-dashboard\eimbox-materio\core\package_checker.php on line 105
[10-Mar-2026 03:01:18 Asia/Dhaka] PHP ERROR [2]: Undefined variable $monitorPanel in D:\XAMPP\htdocs\eimbox-dashboard\eimbox-materio\footer.php on line 157
[10-Mar-2026 03:01:36 Asia/Dhaka] PHP ERROR [2]: Undefined variable $totalDurationPage in D:\XAMPP\htdocs\eimbox-dashboard\eimbox-materio\core\package_checker.php on line 69
[10-Mar-2026 03:01:36 Asia/Dhaka] PHP ERROR [2]: Undefined variable $totalDurationAll in D:\XAMPP\htdocs\eimbox-dashboard\eimbox-materio\core\package_checker.php on line 69
[10-Mar-2026 03:01:36 Asia/Dhaka] PHP ERROR [2]: Undefined variable $totalRecordsPage in D:\XAMPP\htdocs\eimbox-dashboard\eimbox-materio\core\package_checker.php on line 69
[10-Mar-2026 03:01:36 Asia/Dhaka] PHP ERROR [2]: Undefined variable $totalDurationPage in D:\XAMPP\htdocs\eimbox-dashboard\eimbox-materio\core\package_checker.php on line 103
[10-Mar-2026 03:01:36 Asia/Dhaka] PHP ERROR [2]: Undefined variable $totalDurationAll in D:\XAMPP\htdocs\eimbox-dashboard\eimbox-materio\core\package_checker.php on line 104
[10-Mar-2026 03:01:36 Asia/Dhaka] PHP ERROR [2]: Undefined variable $totalRecordsPage in D:\XAMPP\htdocs\eimbox-dashboard\eimbox-materio\core\package_checker.php on line 105
[10-Mar-2026 03:01:36 Asia/Dhaka] PHP ERROR [2]: Undefined variable $monitorPanel in D:\XAMPP\htdocs\eimbox-dashboard\eimbox-materio\footer.php on line 157
[10-Mar-2026 03:01:45 Asia/Dhaka] PHP ERROR [2]: Undefined variable $totalDurationPage in D:\XAMPP\htdocs\eimbox-dashboard\eimbox-materio\core\package_checker.php on line 69
[10-Mar-2026 03:01:45 Asia/Dhaka] PHP ERROR [2]: Undefined variable $totalDurationAll in D:\XAMPP\htdocs\eimbox-dashboard\eimbox-materio\core\package_checker.php on line 69
[10-Mar-2026 03:01:45 Asia/Dhaka] PHP ERROR [2]: Undefined variable $totalRecordsPage in D:\XAMPP\htdocs\eimbox-dashboard\eimbox-materio\core\package_checker.php on line 69
[10-Mar-2026 03:01:45 Asia/Dhaka] PHP ERROR [2]: Undefined variable $totalDurationPage in D:\XAMPP\htdocs\eimbox-dashboard\eimbox-materio\core\package_checker.php on line 103
[10-Mar-2026 03:01:45 Asia/Dhaka] PHP ERROR [2]: Undefined variable $totalDurationAll in D:\XAMPP\htdocs\eimbox-dashboard\eimbox-materio\core\package_checker.php on line 104
[10-Mar-2026 03:01:45 Asia/Dhaka] PHP ERROR [2]: Undefined variable $totalRecordsPage in D:\XAMPP\htdocs\eimbox-dashboard\eimbox-materio\core\package_checker.php on line 105
[10-Mar-2026 03:01:45 Asia/Dhaka] PHP ERROR [2]: Undefined variable $monitorPanel in D:\XAMPP\htdocs\eimbox-dashboard\eimbox-materio\footer.php on line 157
[10-Mar-2026 03:02:39 Asia/Dhaka] PHP ERROR [2]: Undefined variable $totalDurationPage in D:\XAMPP\htdocs\eimbox-dashboard\eimbox-materio\core\package_checker.php on line 69
[10-Mar-2026 03:02:39 Asia/Dhaka] PHP ERROR [2]: Undefined variable $totalDurationAll in D:\XAMPP\htdocs\eimbox-dashboard\eimbox-materio\core\package_checker.php on line 69
[10-Mar-2026 03:02:39 Asia/Dhaka] PHP ERROR [2]: Undefined variable $totalRecordsPage in D:\XAMPP\htdocs\eimbox-dashboard\eimbox-materio\core\package_checker.php on line 69
[10-Mar-2026 03:02:39 Asia/Dhaka] PHP ERROR [2]: Undefined variable $totalDurationPage in D:\XAMPP\htdocs\eimbox-dashboard\eimbox-materio\core\package_checker.php on line 103
[10-Mar-2026 03:02:39 Asia/Dhaka] PHP ERROR [2]: Undefined variable $totalDurationAll in D:\XAMPP\htdocs\eimbox-dashboard\eimbox-materio\core\package_checker.php on line 104
[10-Mar-2026 03:02:39 Asia/Dhaka] PHP ERROR [2]: Undefined variable $totalRecordsPage in D:\XAMPP\htdocs\eimbox-dashboard\eimbox-materio\core\package_checker.php on line 105
[10-Mar-2026 03:02:40 Asia/Dhaka] PHP ERROR [2]: Undefined variable $monitorPanel in D:\XAMPP\htdocs\eimbox-dashboard\eimbox-materio\footer.php on line 157
[10-Mar-2026 03:15:58 Asia/Dhaka] PHP ERROR [2]: Undefined variable $totalDurationPage in D:\XAMPP\htdocs\eimbox-dashboard\eimbox-materio\core\package_checker.php on line 69
[10-Mar-2026 03:15:58 Asia/Dhaka] PHP ERROR [2]: Undefined variable $totalDurationAll in D:\XAMPP\htdocs\eimbox-dashboard\eimbox-materio\core\package_checker.php on line 69
[10-Mar-2026 03:15:58 Asia/Dhaka] PHP ERROR [2]: Undefined variable $totalRecordsPage in D:\XAMPP\htdocs\eimbox-dashboard\eimbox-materio\core\package_checker.php on line 69
[10-Mar-2026 03:15:58 Asia/Dhaka] PHP ERROR [2]: Undefined variable $totalDurationPage in D:\XAMPP\htdocs\eimbox-dashboard\eimbox-materio\core\package_checker.php on line 103
[10-Mar-2026 03:15:58 Asia/Dhaka] PHP ERROR [2]: Undefined variable $totalDurationAll in D:\XAMPP\htdocs\eimbox-dashboard\eimbox-materio\core\package_checker.php on line 104
[10-Mar-2026 03:15:58 Asia/Dhaka] PHP ERROR [2]: Undefined variable $totalRecordsPage in D:\XAMPP\htdocs\eimbox-dashboard\eimbox-materio\core\package_checker.php on line 105
[10-Mar-2026 03:15:58 Asia/Dhaka] PHP ERROR [2]: Undefined variable $monitorPanel in D:\XAMPP\htdocs\eimbox-dashboard\eimbox-materio\footer.php on line 157
[10-Mar-2026 03:17:52 Asia/Dhaka] PHP ERROR [2]: Undefined variable $totalDurationPage in D:\XAMPP\htdocs\eimbox-dashboard\eimbox-materio\core\package_checker.php on line 69
[10-Mar-2026 03:17:52 Asia/Dhaka] PHP ERROR [2]: Undefined variable $totalDurationAll in D:\XAMPP\htdocs\eimbox-dashboard\eimbox-materio\core\package_checker.php on line 69
[10-Mar-2026 03:17:52 Asia/Dhaka] PHP ERROR [2]: Undefined variable $totalRecordsPage in D:\XAMPP\htdocs\eimbox-dashboard\eimbox-materio\core\package_checker.php on line 69
[10-Mar-2026 03:17:52 Asia/Dhaka] PHP ERROR [2]: Undefined variable $totalDurationPage in D:\XAMPP\htdocs\eimbox-dashboard\eimbox-materio\core\package_checker.php on line 103
[10-Mar-2026 03:17:52 Asia/Dhaka] PHP ERROR [2]: Undefined variable $totalDurationAll in D:\XAMPP\htdocs\eimbox-dashboard\eimbox-materio\core\package_checker.php on line 104
[10-Mar-2026 03:17:52 Asia/Dhaka] PHP ERROR [2]: Undefined variable $totalRecordsPage in D:\XAMPP\htdocs\eimbox-dashboard\eimbox-materio\core\package_checker.php on line 105
[10-Mar-2026 03:17:52 Asia/Dhaka] PHP ERROR [2]: Undefined variable $monitorPanel in D:\XAMPP\htdocs\eimbox-dashboard\eimbox-materio\footer.php on line 157
[10-Mar-2026 03:18:13 Asia/Dhaka] PHP ERROR [2]: Undefined variable $totalDurationPage in D:\XAMPP\htdocs\eimbox-dashboard\eimbox-materio\core\package_checker.php on line 69
[10-Mar-2026 03:18:13 Asia/Dhaka] PHP ERROR [2]: Undefined variable $totalDurationAll in D:\XAMPP\htdocs\eimbox-dashboard\eimbox-materio\core\package_checker.php on line 69
[10-Mar-2026 03:18:13 Asia/Dhaka] PHP ERROR [2]: Undefined variable $totalRecordsPage in D:\XAMPP\htdocs\eimbox-dashboard\eimbox-materio\core\package_checker.php on line 69
[10-Mar-2026 03:18:13 Asia/Dhaka] PHP ERROR [2]: Undefined variable $totalDurationPage in D:\XAMPP\htdocs\eimbox-dashboard\eimbox-materio\core\package_checker.php on line 103
[10-Mar-2026 03:18:13 Asia/Dhaka] PHP ERROR [2]: Undefined variable $totalDurationAll in D:\XAMPP\htdocs\eimbox-dashboard\eimbox-materio\core\package_checker.php on line 104
[10-Mar-2026 03:18:13 Asia/Dhaka] PHP ERROR [2]: Undefined variable $totalRecordsPage in D:\XAMPP\htdocs\eimbox-dashboard\eimbox-materio\core\package_checker.php on line 105
[10-Mar-2026 03:18:13 Asia/Dhaka] PHP ERROR [2]: Undefined variable $monitorPanel in D:\XAMPP\htdocs\eimbox-dashboard\eimbox-materio\footer.php on line 157
[10-Mar-2026 03:19:28 Asia/Dhaka] PHP ERROR [2]: Undefined variable $totalDurationPage in D:\XAMPP\htdocs\eimbox-dashboard\eimbox-materio\core\package_checker.php on line 69
[10-Mar-2026 03:19:28 Asia/Dhaka] PHP ERROR [2]: Undefined variable $totalDurationAll in D:\XAMPP\htdocs\eimbox-dashboard\eimbox-materio\core\package_checker.php on line 69
[10-Mar-2026 03:19:28 Asia/Dhaka] PHP ERROR [2]: Undefined variable $totalRecordsPage in D:\XAMPP\htdocs\eimbox-dashboard\eimbox-materio\core\package_checker.php on line 69
[10-Mar-2026 03:19:28 Asia/Dhaka] PHP ERROR [2]: Undefined variable $totalDurationPage in D:\XAMPP\htdocs\eimbox-dashboard\eimbox-materio\core\package_checker.php on line 103
[10-Mar-2026 03:19:28 Asia/Dhaka] PHP ERROR [2]: Undefined variable $totalDurationAll in D:\XAMPP\htdocs\eimbox-dashboard\eimbox-materio\core\package_checker.php on line 104
[10-Mar-2026 03:19:28 Asia/Dhaka] PHP ERROR [2]: Undefined variable $totalRecordsPage in D:\XAMPP\htdocs\eimbox-dashboard\eimbox-materio\core\package_checker.php on line 105
[10-Mar-2026 03:19:28 Asia/Dhaka] PHP ERROR [2]: Undefined variable $monitorPanel in D:\XAMPP\htdocs\eimbox-dashboard\eimbox-materio\footer.php on line 157
[10-Mar-2026 03:20:38 Asia/Dhaka] PHP ERROR [2]: Undefined variable $totalDurationPage in D:\XAMPP\htdocs\eimbox-dashboard\eimbox-materio\core\package_checker.php on line 69
[10-Mar-2026 03:20:38 Asia/Dhaka] PHP ERROR [2]: Undefined variable $totalDurationAll in D:\XAMPP\htdocs\eimbox-dashboard\eimbox-materio\core\package_checker.php on line 69
[10-Mar-2026 03:20:38 Asia/Dhaka] PHP ERROR [2]: Undefined variable $totalRecordsPage in D:\XAMPP\htdocs\eimbox-dashboard\eimbox-materio\core\package_checker.php on line 69
[10-Mar-2026 03:20:38 Asia/Dhaka] PHP ERROR [2]: Undefined variable $totalDurationPage in D:\XAMPP\htdocs\eimbox-dashboard\eimbox-materio\core\package_checker.php on line 103
[10-Mar-2026 03:20:38 Asia/Dhaka] PHP ERROR [2]: Undefined variable $totalDurationAll in D:\XAMPP\htdocs\eimbox-dashboard\eimbox-materio\core\package_checker.php on line 104
[10-Mar-2026 03:20:38 Asia/Dhaka] PHP ERROR [2]: Undefined variable $totalRecordsPage in D:\XAMPP\htdocs\eimbox-dashboard\eimbox-materio\core\package_checker.php on line 105
[10-Mar-2026 03:20:38 Asia/Dhaka] PHP ERROR [2]: Undefined variable $monitorPanel in D:\XAMPP\htdocs\eimbox-dashboard\eimbox-materio\footer.php on line 157
[10-Mar-2026 03:24:32 Asia/Dhaka] PHP ERROR [2]: Undefined variable $totalDurationPage in D:\XAMPP\htdocs\eimbox-dashboard\eimbox-materio\core\package_checker.php on line 69
[10-Mar-2026 03:24:32 Asia/Dhaka] PHP ERROR [2]: Undefined variable $totalDurationAll in D:\XAMPP\htdocs\eimbox-dashboard\eimbox-materio\core\package_checker.php on line 69
[10-Mar-2026 03:24:32 Asia/Dhaka] PHP ERROR [2]: Undefined variable $totalRecordsPage in D:\XAMPP\htdocs\eimbox-dashboard\eimbox-materio\core\package_checker.php on line 69
[10-Mar-2026 03:24:32 Asia/Dhaka] PHP ERROR [2]: Undefined variable $totalDurationPage in D:\XAMPP\htdocs\eimbox-dashboard\eimbox-materio\core\package_checker.php on line 103
[10-Mar-2026 03:24:32 Asia/Dhaka] PHP ERROR [2]: Undefined variable $totalDurationAll in D:\XAMPP\htdocs\eimbox-dashboard\eimbox-materio\core\package_checker.php on line 104
[10-Mar-2026 03:24:32 Asia/Dhaka] PHP ERROR [2]: Undefined variable $totalRecordsPage in D:\XAMPP\htdocs\eimbox-dashboard\eimbox-materio\core\package_checker.php on line 105
[10-Mar-2026 03:24:32 Asia/Dhaka] PHP ERROR [2]: Undefined variable $monitorPanel in D:\XAMPP\htdocs\eimbox-dashboard\eimbox-materio\footer.php on line 157
[10-Mar-2026 03:25:12 Asia/Dhaka] PHP ERROR [2]: Undefined variable $totalDurationPage in D:\XAMPP\htdocs\eimbox-dashboard\eimbox-materio\core\package_checker.php on line 69
[10-Mar-2026 03:25:12 Asia/Dhaka] PHP ERROR [2]: Undefined variable $totalDurationAll in D:\XAMPP\htdocs\eimbox-dashboard\eimbox-materio\core\package_checker.php on line 69
[10-Mar-2026 03:25:12 Asia/Dhaka] PHP ERROR [2]: Undefined variable $totalRecordsPage in D:\XAMPP\htdocs\eimbox-dashboard\eimbox-materio\core\package_checker.php on line 69
[10-Mar-2026 03:25:12 Asia/Dhaka] PHP ERROR [2]: Undefined variable $totalDurationPage in D:\XAMPP\htdocs\eimbox-dashboard\eimbox-materio\core\package_checker.php on line 103
[10-Mar-2026 03:25:12 Asia/Dhaka] PHP ERROR [2]: Undefined variable $totalDurationAll in D:\XAMPP\htdocs\eimbox-dashboard\eimbox-materio\core\package_checker.php on line 104
[10-Mar-2026 03:25:12 Asia/Dhaka] PHP ERROR [2]: Undefined variable $totalRecordsPage in D:\XAMPP\htdocs\eimbox-dashboard\eimbox-materio\core\package_checker.php on line 105
[10-Mar-2026 03:25:12 Asia/Dhaka] PHP ERROR [2]: Undefined variable $monitorPanel in D:\XAMPP\htdocs\eimbox-dashboard\eimbox-materio\footer.php on line 157
[10-Mar-2026 04:09:32 Asia/Dhaka] PHP ERROR [2]: Undefined variable $totalDurationPage in D:\XAMPP\htdocs\eimbox-dashboard\eimbox-materio\core\package_checker.php on line 103
[10-Mar-2026 04:09:32 Asia/Dhaka] PHP ERROR [2]: Undefined variable $totalDurationAll in D:\XAMPP\htdocs\eimbox-dashboard\eimbox-materio\core\package_checker.php on line 104
[10-Mar-2026 04:09:32 Asia/Dhaka] PHP ERROR [2]: Undefined variable $totalRecordsPage in D:\XAMPP\htdocs\eimbox-dashboard\eimbox-materio\core\package_checker.php on line 105
[10-Mar-2026 04:09:32 Asia/Dhaka] PHP ERROR [2]: Undefined variable $monitorPanel in D:\XAMPP\htdocs\eimbox-dashboard\eimbox-materio\footer.php on line 157
[10-Mar-2026 04:09:42 Asia/Dhaka] PHP ERROR [2]: Undefined variable $totalDurationPage in D:\XAMPP\htdocs\eimbox-dashboard\eimbox-materio\core\package_checker.php on line 103
[10-Mar-2026 04:09:42 Asia/Dhaka] PHP ERROR [2]: Undefined variable $totalDurationAll in D:\XAMPP\htdocs\eimbox-dashboard\eimbox-materio\core\package_checker.php on line 104
[10-Mar-2026 04:09:42 Asia/Dhaka] PHP ERROR [2]: Undefined variable $totalRecordsPage in D:\XAMPP\htdocs\eimbox-dashboard\eimbox-materio\core\package_checker.php on line 105
[10-Mar-2026 04:09:42 Asia/Dhaka] PHP ERROR [2]: Undefined variable $monitorPanel in D:\XAMPP\htdocs\eimbox-dashboard\eimbox-materio\footer.php on line 157
[10-Mar-2026 04:10:38 Asia/Dhaka] PHP ERROR [2]: Undefined variable $totalDurationPage in D:\XAMPP\htdocs\eimbox-dashboard\eimbox-materio\core\package_checker.php on line 103
[10-Mar-2026 04:10:38 Asia/Dhaka] PHP ERROR [2]: Undefined variable $totalDurationAll in D:\XAMPP\htdocs\eimbox-dashboard\eimbox-materio\core\package_checker.php on line 104
[10-Mar-2026 04:10:38 Asia/Dhaka] PHP ERROR [2]: Undefined variable $totalRecordsPage in D:\XAMPP\htdocs\eimbox-dashboard\eimbox-materio\core\package_checker.php on line 105
[10-Mar-2026 04:10:38 Asia/Dhaka] PHP ERROR [2]: Undefined variable $monitorPanel in D:\XAMPP\htdocs\eimbox-dashboard\eimbox-materio\footer.php on line 157
[10-Mar-2026 04:10:52 Asia/Dhaka] PHP ERROR [2]: Undefined variable $totalDurationPage in D:\XAMPP\htdocs\eimbox-dashboard\eimbox-materio\core\package_checker.php on line 103
[10-Mar-2026 04:10:52 Asia/Dhaka] PHP ERROR [2]: Undefined variable $totalDurationAll in D:\XAMPP\htdocs\eimbox-dashboard\eimbox-materio\core\package_checker.php on line 104
[10-Mar-2026 04:10:52 Asia/Dhaka] PHP ERROR [2]: Undefined variable $totalRecordsPage in D:\XAMPP\htdocs\eimbox-dashboard\eimbox-materio\core\package_checker.php on line 105
[10-Mar-2026 04:10:52 Asia/Dhaka] PHP ERROR [2]: Undefined variable $monitorPanel in D:\XAMPP\htdocs\eimbox-dashboard\eimbox-materio\footer.php on line 157
[10-Mar-2026 04:10:59 Asia/Dhaka] PHP ERROR [2]: Undefined variable $totalDurationPage in D:\XAMPP\htdocs\eimbox-dashboard\eimbox-materio\core\package_checker.php on line 103
[10-Mar-2026 04:10:59 Asia/Dhaka] PHP ERROR [2]: Undefined variable $totalDurationAll in D:\XAMPP\htdocs\eimbox-dashboard\eimbox-materio\core\package_checker.php on line 104
[10-Mar-2026 04:10:59 Asia/Dhaka] PHP ERROR [2]: Undefined variable $totalRecordsPage in D:\XAMPP\htdocs\eimbox-dashboard\eimbox-materio\core\package_checker.php on line 105
[10-Mar-2026 04:10:59 Asia/Dhaka] PHP ERROR [2]: Undefined variable $monitorPanel in D:\XAMPP\htdocs\eimbox-dashboard\eimbox-materio\footer.php on line 157
[10-Mar-2026 04:11:08 Asia/Dhaka] PHP ERROR [2]: Undefined variable $totalDurationPage in D:\XAMPP\htdocs\eimbox-dashboard\eimbox-materio\core\package_checker.php on line 103
[10-Mar-2026 04:11:08 Asia/Dhaka] PHP ERROR [2]: Undefined variable $totalDurationAll in D:\XAMPP\htdocs\eimbox-dashboard\eimbox-materio\core\package_checker.php on line 104
[10-Mar-2026 04:11:08 Asia/Dhaka] PHP ERROR [2]: Undefined variable $totalRecordsPage in D:\XAMPP\htdocs\eimbox-dashboard\eimbox-materio\core\package_checker.php on line 105
[10-Mar-2026 04:11:08 Asia/Dhaka] PHP ERROR [2]: Undefined variable $monitorPanel in D:\XAMPP\htdocs\eimbox-dashboard\eimbox-materio\footer.php on line 157
[10-Mar-2026 14:18:25 Asia/Dhaka] PHP ERROR [2]: Undefined variable $totalDurationPage in D:\XAMPP\htdocs\eimbox-dashboard\eimbox-materio\core\package_checker.php on line 103
[10-Mar-2026 14:18:25 Asia/Dhaka] PHP ERROR [2]: Undefined variable $totalDurationAll in D:\XAMPP\htdocs\eimbox-dashboard\eimbox-materio\core\package_checker.php on line 104
[10-Mar-2026 14:18:25 Asia/Dhaka] PHP ERROR [2]: Undefined variable $totalRecordsPage in D:\XAMPP\htdocs\eimbox-dashboard\eimbox-materio\core\package_checker.php on line 105
[10-Mar-2026 14:18:25 Asia/Dhaka] PHP ERROR [2]: Undefined variable $monitorPanel in D:\XAMPP\htdocs\eimbox-dashboard\eimbox-materio\footer.php on line 157
[10-Mar-2026 14:25:54 Asia/Dhaka] PHP ERROR [2]: Undefined variable $totalDurationPage in D:\XAMPP\htdocs\eimbox-dashboard\eimbox-materio\core\package_checker.php on line 103
[10-Mar-2026 14:25:54 Asia/Dhaka] PHP ERROR [2]: Undefined variable $totalDurationAll in D:\XAMPP\htdocs\eimbox-dashboard\eimbox-materio\core\package_checker.php on line 104
[10-Mar-2026 14:25:54 Asia/Dhaka] PHP ERROR [2]: Undefined variable $totalRecordsPage in D:\XAMPP\htdocs\eimbox-dashboard\eimbox-materio\core\package_checker.php on line 105
[10-Mar-2026 14:25:54 Asia/Dhaka] PHP ERROR [2]: Undefined variable $monitorPanel in D:\XAMPP\htdocs\eimbox-dashboard\eimbox-materio\footer.php on line 157
[10-Mar-2026 14:26:07 Asia/Dhaka] PHP ERROR [2]: Undefined variable $totalDurationPage in D:\XAMPP\htdocs\eimbox-dashboard\eimbox-materio\core\package_checker.php on line 103
[10-Mar-2026 14:26:07 Asia/Dhaka] PHP ERROR [2]: Undefined variable $totalDurationAll in D:\XAMPP\htdocs\eimbox-dashboard\eimbox-materio\core\package_checker.php on line 104
[10-Mar-2026 14:26:07 Asia/Dhaka] PHP ERROR [2]: Undefined variable $totalRecordsPage in D:\XAMPP\htdocs\eimbox-dashboard\eimbox-materio\core\package_checker.php on line 105
[10-Mar-2026 14:26:07 Asia/Dhaka] PHP ERROR [2]: Undefined variable $monitorPanel in D:\XAMPP\htdocs\eimbox-dashboard\eimbox-materio\footer.php on line 157
[10-Mar-2026 14:27:32 Asia/Dhaka] PHP ERROR [2]: Undefined variable $totalDurationPage in D:\XAMPP\htdocs\eimbox-dashboard\eimbox-materio\core\package_checker.php on line 103
[10-Mar-2026 14:27:32 Asia/Dhaka] PHP ERROR [2]: Undefined variable $totalDurationAll in D:\XAMPP\htdocs\eimbox-dashboard\eimbox-materio\core\package_checker.php on line 104
[10-Mar-2026 14:27:32 Asia/Dhaka] PHP ERROR [2]: Undefined variable $totalRecordsPage in D:\XAMPP\htdocs\eimbox-dashboard\eimbox-materio\core\package_checker.php on line 105
[10-Mar-2026 14:27:32 Asia/Dhaka] PHP ERROR [2]: Undefined variable $monitorPanel in D:\XAMPP\htdocs\eimbox-dashboard\eimbox-materio\footer.php on line 157
[10-Mar-2026 14:27:50 Asia/Dhaka] PHP ERROR [2]: Undefined variable $totalDurationPage in D:\XAMPP\htdocs\eimbox-dashboard\eimbox-materio\core\package_checker.php on line 103
[10-Mar-2026 14:27:50 Asia/Dhaka] PHP ERROR [2]: Undefined variable $totalDurationAll in D:\XAMPP\htdocs\eimbox-dashboard\eimbox-materio\core\package_checker.php on line 104
[10-Mar-2026 14:27:50 Asia/Dhaka] PHP ERROR [2]: Undefined variable $totalRecordsPage in D:\XAMPP\htdocs\eimbox-dashboard\eimbox-materio\core\package_checker.php on line 105
[10-Mar-2026 14:27:50 Asia/Dhaka] PHP ERROR [2]: Undefined variable $monitorPanel in D:\XAMPP\htdocs\eimbox-dashboard\eimbox-materio\footer.php on line 157
[10-Mar-2026 14:31:20 Asia/Dhaka] PHP ERROR [2]: Undefined variable $totalDurationPage in D:\XAMPP\htdocs\eimbox-dashboard\eimbox-materio\core\package_checker.php on line 103
[10-Mar-2026 14:31:20 Asia/Dhaka] PHP ERROR [2]: Undefined variable $totalDurationAll in D:\XAMPP\htdocs\eimbox-dashboard\eimbox-materio\core\package_checker.php on line 104
[10-Mar-2026 14:31:20 Asia/Dhaka] PHP ERROR [2]: Undefined variable $totalRecordsPage in D:\XAMPP\htdocs\eimbox-dashboard\eimbox-materio\core\package_checker.php on line 105
[10-Mar-2026 14:31:20 Asia/Dhaka] PHP ERROR [2]: Undefined variable $monitorPanel in D:\XAMPP\htdocs\eimbox-dashboard\eimbox-materio\footer.php on line 157
[10-Mar-2026 14:31:49 Asia/Dhaka] PHP ERROR [2]: Undefined variable $totalDurationPage in D:\XAMPP\htdocs\eimbox-dashboard\eimbox-materio\core\package_checker.php on line 103
[10-Mar-2026 14:31:49 Asia/Dhaka] PHP ERROR [2]: Undefined variable $totalDurationAll in D:\XAMPP\htdocs\eimbox-dashboard\eimbox-materio\core\package_checker.php on line 104
[10-Mar-2026 14:31:49 Asia/Dhaka] PHP ERROR [2]: Undefined variable $totalRecordsPage in D:\XAMPP\htdocs\eimbox-dashboard\eimbox-materio\core\package_checker.php on line 105
[10-Mar-2026 14:31:49 Asia/Dhaka] PHP ERROR [2]: Undefined variable $monitorPanel in D:\XAMPP\htdocs\eimbox-dashboard\eimbox-materio\footer.php on line 157
[10-Mar-2026 14:35:20 Asia/Dhaka] PHP ERROR [2]: Undefined variable $totalDurationPage in D:\XAMPP\htdocs\eimbox-dashboard\eimbox-materio\core\package_checker.php on line 103
[10-Mar-2026 14:35:20 Asia/Dhaka] PHP ERROR [2]: Undefined variable $totalDurationAll in D:\XAMPP\htdocs\eimbox-dashboard\eimbox-materio\core\package_checker.php on line 104
[10-Mar-2026 14:35:20 Asia/Dhaka] PHP ERROR [2]: Undefined variable $totalRecordsPage in D:\XAMPP\htdocs\eimbox-dashboard\eimbox-materio\core\package_checker.php on line 105
[10-Mar-2026 14:35:20 Asia/Dhaka] PHP ERROR [2]: Undefined variable $monitorPanel in D:\XAMPP\htdocs\eimbox-dashboard\eimbox-materio\footer.php on line 157
[10-Mar-2026 14:36:25 Asia/Dhaka] PHP ERROR [2]: Undefined variable $totalDurationPage in D:\XAMPP\htdocs\eimbox-dashboard\eimbox-materio\core\package_checker.php on line 103
[10-Mar-2026 14:36:25 Asia/Dhaka] PHP ERROR [2]: Undefined variable $totalDurationAll in D:\XAMPP\htdocs\eimbox-dashboard\eimbox-materio\core\package_checker.php on line 104
[10-Mar-2026 14:36:25 Asia/Dhaka] PHP ERROR [2]: Undefined variable $totalRecordsPage in D:\XAMPP\htdocs\eimbox-dashboard\eimbox-materio\core\package_checker.php on line 105
[10-Mar-2026 14:36:25 Asia/Dhaka] PHP ERROR [2]: Undefined variable $monitorPanel in D:\XAMPP\htdocs\eimbox-dashboard\eimbox-materio\footer.php on line 157
[10-Mar-2026 14:40:31 Asia/Dhaka] PHP ERROR [2]: Undefined variable $totalDurationPage in D:\XAMPP\htdocs\eimbox-dashboard\eimbox-materio\core\package_checker.php on line 103
[10-Mar-2026 14:40:31 Asia/Dhaka] PHP ERROR [2]: Undefined variable $totalDurationAll in D:\XAMPP\htdocs\eimbox-dashboard\eimbox-materio\core\package_checker.php on line 104
[10-Mar-2026 14:40:31 Asia/Dhaka] PHP ERROR [2]: Undefined variable $totalRecordsPage in D:\XAMPP\htdocs\eimbox-dashboard\eimbox-materio\core\package_checker.php on line 105
[10-Mar-2026 14:40:31 Asia/Dhaka] PHP ERROR [2]: Undefined variable $monitorPanel in D:\XAMPP\htdocs\eimbox-dashboard\eimbox-materio\footer.php on line 157
[10-Mar-2026 14:40:43 Asia/Dhaka] PHP ERROR [2]: Undefined variable $totalDurationPage in D:\XAMPP\htdocs\eimbox-dashboard\eimbox-materio\core\package_checker.php on line 103
[10-Mar-2026 14:40:43 Asia/Dhaka] PHP ERROR [2]: Undefined variable $totalDurationAll in D:\XAMPP\htdocs\eimbox-dashboard\eimbox-materio\core\package_checker.php on line 104
[10-Mar-2026 14:40:43 Asia/Dhaka] PHP ERROR [2]: Undefined variable $totalRecordsPage in D:\XAMPP\htdocs\eimbox-dashboard\eimbox-materio\core\package_checker.php on line 105
[10-Mar-2026 14:40:43 Asia/Dhaka] PHP ERROR [8192]: htmlspecialchars(): Passing null to parameter #1 ($string) of type string is deprecated in D:\XAMPP\htdocs\eimbox-dashboard\eimbox-materio\header.php on line 268
[10-Mar-2026 14:40:43 Asia/Dhaka] PHP ERROR [8192]: htmlspecialchars(): Passing null to parameter #1 ($string) of type string is deprecated in D:\XAMPP\htdocs\eimbox-dashboard\eimbox-materio\header.php on line 269
[10-Mar-2026 14:40:43 Asia/Dhaka] PHP ERROR [8192]: htmlspecialchars(): Passing null to parameter #1 ($string) of type string is deprecated in D:\XAMPP\htdocs\eimbox-dashboard\eimbox-materio\header.php on line 268
[10-Mar-2026 14:40:43 Asia/Dhaka] PHP ERROR [2]: Undefined variable $selected in D:\XAMPP\htdocs\eimbox-dashboard\eimbox-materio\module-structure.php on line 163
[10-Mar-2026 14:40:44 Asia/Dhaka] PHP ERROR [2]: Undefined variable $monitorPanel in D:\XAMPP\htdocs\eimbox-dashboard\eimbox-materio\footer.php on line 157
[10-Mar-2026 14:53:29 Asia/Dhaka] PHP ERROR [2]: Undefined variable $totalDurationPage in D:\XAMPP\htdocs\eimbox-dashboard\eimbox-materio\core\package_checker.php on line 103
[10-Mar-2026 14:53:29 Asia/Dhaka] PHP ERROR [2]: Undefined variable $totalDurationAll in D:\XAMPP\htdocs\eimbox-dashboard\eimbox-materio\core\package_checker.php on line 104
[10-Mar-2026 14:53:29 Asia/Dhaka] PHP ERROR [2]: Undefined variable $totalRecordsPage in D:\XAMPP\htdocs\eimbox-dashboard\eimbox-materio\core\package_checker.php on line 105
[10-Mar-2026 14:54:36 Asia/Dhaka] PHP ERROR [2]: Undefined variable $totalDurationPage in D:\XAMPP\htdocs\eimbox-dashboard\eimbox-materio\core\package_checker.php on line 103
[10-Mar-2026 14:54:36 Asia/Dhaka] PHP ERROR [2]: Undefined variable $totalDurationAll in D:\XAMPP\htdocs\eimbox-dashboard\eimbox-materio\core\package_checker.php on line 104
[10-Mar-2026 14:54:36 Asia/Dhaka] PHP ERROR [2]: Undefined variable $totalRecordsPage in D:\XAMPP\htdocs\eimbox-dashboard\eimbox-materio\core\package_checker.php on line 105
[10-Mar-2026 14:54:44 Asia/Dhaka] PHP ERROR [2]: Undefined variable $totalDurationPage in D:\XAMPP\htdocs\eimbox-dashboard\eimbox-materio\core\package_checker.php on line 103
[10-Mar-2026 14:54:44 Asia/Dhaka] PHP ERROR [2]: Undefined variable $totalDurationAll in D:\XAMPP\htdocs\eimbox-dashboard\eimbox-materio\core\package_checker.php on line 104
[10-Mar-2026 14:54:44 Asia/Dhaka] PHP ERROR [2]: Undefined variable $totalRecordsPage in D:\XAMPP\htdocs\eimbox-dashboard\eimbox-materio\core\package_checker.php on line 105
[10-Mar-2026 14:55:29 Asia/Dhaka] PHP ERROR [2]: Undefined variable $totalDurationPage in D:\XAMPP\htdocs\eimbox-dashboard\eimbox-materio\core\package_checker.php on line 103
[10-Mar-2026 14:55:29 Asia/Dhaka] PHP ERROR [2]: Undefined variable $totalDurationAll in D:\XAMPP\htdocs\eimbox-dashboard\eimbox-materio\core\package_checker.php on line 104
[10-Mar-2026 14:55:29 Asia/Dhaka] PHP ERROR [2]: Undefined variable $totalRecordsPage in D:\XAMPP\htdocs\eimbox-dashboard\eimbox-materio\core\package_checker.php on line 105
[10-Mar-2026 14:55:39 Asia/Dhaka] PHP ERROR [2]: Undefined variable $totalDurationPage in D:\XAMPP\htdocs\eimbox-dashboard\eimbox-materio\core\package_checker.php on line 103
[10-Mar-2026 14:55:39 Asia/Dhaka] PHP ERROR [2]: Undefined variable $totalDurationAll in D:\XAMPP\htdocs\eimbox-dashboard\eimbox-materio\core\package_checker.php on line 104
[10-Mar-2026 14:55:39 Asia/Dhaka] PHP ERROR [2]: Undefined variable $totalRecordsPage in D:\XAMPP\htdocs\eimbox-dashboard\eimbox-materio\core\package_checker.php on line 105
[10-Mar-2026 14:55:39 Asia/Dhaka] PHP ERROR [2]: Undefined variable $monitorPanel in D:\XAMPP\htdocs\eimbox-dashboard\eimbox-materio\footer.php on line 157
[10-Mar-2026 14:55:44 Asia/Dhaka] PHP ERROR [2]: Undefined variable $totalDurationPage in D:\XAMPP\htdocs\eimbox-dashboard\eimbox-materio\core\package_checker.php on line 103
[10-Mar-2026 14:55:44 Asia/Dhaka] PHP ERROR [2]: Undefined variable $totalDurationAll in D:\XAMPP\htdocs\eimbox-dashboard\eimbox-materio\core\package_checker.php on line 104
[10-Mar-2026 14:55:44 Asia/Dhaka] PHP ERROR [2]: Undefined variable $totalRecordsPage in D:\XAMPP\htdocs\eimbox-dashboard\eimbox-materio\core\package_checker.php on line 105
[10-Mar-2026 14:57:49 Asia/Dhaka] PHP ERROR [2]: Undefined variable $totalDurationPage in D:\XAMPP\htdocs\eimbox-dashboard\eimbox-materio\core\package_checker.php on line 103
[10-Mar-2026 14:57:49 Asia/Dhaka] PHP ERROR [2]: Undefined variable $totalDurationAll in D:\XAMPP\htdocs\eimbox-dashboard\eimbox-materio\core\package_checker.php on line 104
[10-Mar-2026 14:57:49 Asia/Dhaka] PHP ERROR [2]: Undefined variable $totalRecordsPage in D:\XAMPP\htdocs\eimbox-dashboard\eimbox-materio\core\package_checker.php on line 105
[10-Mar-2026 14:59:06 Asia/Dhaka] PHP ERROR [2]: Undefined variable $totalDurationPage in D:\XAMPP\htdocs\eimbox-dashboard\eimbox-materio\core\package_checker.php on line 103
[10-Mar-2026 14:59:06 Asia/Dhaka] PHP ERROR [2]: Undefined variable $totalDurationAll in D:\XAMPP\htdocs\eimbox-dashboard\eimbox-materio\core\package_checker.php on line 104
[10-Mar-2026 14:59:06 Asia/Dhaka] PHP ERROR [2]: Undefined variable $totalRecordsPage in D:\XAMPP\htdocs\eimbox-dashboard\eimbox-materio\core\package_checker.php on line 105
[10-Mar-2026 14:59:49 Asia/Dhaka] PHP ERROR [2]: Undefined variable $totalDurationPage in D:\XAMPP\htdocs\eimbox-dashboard\eimbox-materio\core\package_checker.php on line 103
[10-Mar-2026 14:59:49 Asia/Dhaka] PHP ERROR [2]: Undefined variable $totalDurationAll in D:\XAMPP\htdocs\eimbox-dashboard\eimbox-materio\core\package_checker.php on line 104
[10-Mar-2026 14:59:49 Asia/Dhaka] PHP ERROR [2]: Undefined variable $totalRecordsPage in D:\XAMPP\htdocs\eimbox-dashboard\eimbox-materio\core\package_checker.php on line 105
[10-Mar-2026 15:00:05 Asia/Dhaka] PHP ERROR [2]: Undefined variable $totalDurationPage in D:\XAMPP\htdocs\eimbox-dashboard\eimbox-materio\core\package_checker.php on line 103
[10-Mar-2026 15:00:05 Asia/Dhaka] PHP ERROR [2]: Undefined variable $totalDurationAll in D:\XAMPP\htdocs\eimbox-dashboard\eimbox-materio\core\package_checker.php on line 104
[10-Mar-2026 15:00:05 Asia/Dhaka] PHP ERROR [2]: Undefined variable $totalRecordsPage in D:\XAMPP\htdocs\eimbox-dashboard\eimbox-materio\core\package_checker.php on line 105
[10-Mar-2026 15:00:29 Asia/Dhaka] PHP ERROR [2]: Undefined variable $totalDurationPage in D:\XAMPP\htdocs\eimbox-dashboard\eimbox-materio\core\package_checker.php on line 103
[10-Mar-2026 15:00:29 Asia/Dhaka] PHP ERROR [2]: Undefined variable $totalDurationAll in D:\XAMPP\htdocs\eimbox-dashboard\eimbox-materio\core\package_checker.php on line 104
[10-Mar-2026 15:00:29 Asia/Dhaka] PHP ERROR [2]: Undefined variable $totalRecordsPage in D:\XAMPP\htdocs\eimbox-dashboard\eimbox-materio\core\package_checker.php on line 105
[10-Mar-2026 15:01:07 Asia/Dhaka] PHP ERROR [2]: Undefined variable $totalDurationPage in D:\XAMPP\htdocs\eimbox-dashboard\eimbox-materio\core\package_checker.php on line 103
[10-Mar-2026 15:01:07 Asia/Dhaka] PHP ERROR [2]: Undefined variable $totalDurationAll in D:\XAMPP\htdocs\eimbox-dashboard\eimbox-materio\core\package_checker.php on line 104
[10-Mar-2026 15:01:07 Asia/Dhaka] PHP ERROR [2]: Undefined variable $totalRecordsPage in D:\XAMPP\htdocs\eimbox-dashboard\eimbox-materio\core\package_checker.php on line 105
[10-Mar-2026 15:01:07 Asia/Dhaka] PHP ERROR [2]: Undefined variable $monitorPanel in D:\XAMPP\htdocs\eimbox-dashboard\eimbox-materio\footer.php on line 157
[10-Mar-2026 15:01:41 Asia/Dhaka] PHP ERROR [2]: Undefined variable $totalDurationPage in D:\XAMPP\htdocs\eimbox-dashboard\eimbox-materio\core\package_checker.php on line 103
[10-Mar-2026 15:01:41 Asia/Dhaka] PHP ERROR [2]: Undefined variable $totalDurationAll in D:\XAMPP\htdocs\eimbox-dashboard\eimbox-materio\core\package_checker.php on line 104
[10-Mar-2026 15:01:41 Asia/Dhaka] PHP ERROR [2]: Undefined variable $totalRecordsPage in D:\XAMPP\htdocs\eimbox-dashboard\eimbox-materio\core\package_checker.php on line 105
[10-Mar-2026 15:01:41 Asia/Dhaka] PHP ERROR [2]: Undefined variable $monitorPanel in D:\XAMPP\htdocs\eimbox-dashboard\eimbox-materio\footer.php on line 157
[10-Mar-2026 15:02:32 Asia/Dhaka] PHP ERROR [2]: Undefined variable $totalDurationPage in D:\XAMPP\htdocs\eimbox-dashboard\eimbox-materio\core\package_checker.php on line 103
[10-Mar-2026 15:02:32 Asia/Dhaka] PHP ERROR [2]: Undefined variable $totalDurationAll in D:\XAMPP\htdocs\eimbox-dashboard\eimbox-materio\core\package_checker.php on line 104
[10-Mar-2026 15:02:32 Asia/Dhaka] PHP ERROR [2]: Undefined variable $totalRecordsPage in D:\XAMPP\htdocs\eimbox-dashboard\eimbox-materio\core\package_checker.php on line 105
[10-Mar-2026 15:02:32 Asia/Dhaka] PHP ERROR [2]: Undefined variable $monitorPanel in D:\XAMPP\htdocs\eimbox-dashboard\eimbox-materio\footer.php on line 157
[10-Mar-2026 15:02:45 Asia/Dhaka] PHP ERROR [2]: Undefined variable $totalDurationPage in D:\XAMPP\htdocs\eimbox-dashboard\eimbox-materio\core\package_checker.php on line 103
[10-Mar-2026 15:02:45 Asia/Dhaka] PHP ERROR [2]: Undefined variable $totalDurationAll in D:\XAMPP\htdocs\eimbox-dashboard\eimbox-materio\core\package_checker.php on line 104
[10-Mar-2026 15:02:45 Asia/Dhaka] PHP ERROR [2]: Undefined variable $totalRecordsPage in D:\XAMPP\htdocs\eimbox-dashboard\eimbox-materio\core\package_checker.php on line 105
[10-Mar-2026 15:02:45 Asia/Dhaka] PHP ERROR [2]: Undefined variable $monitorPanel in D:\XAMPP\htdocs\eimbox-dashboard\eimbox-materio\footer.php on line 157
[10-Mar-2026 15:08:43 Asia/Dhaka] PHP ERROR [2]: Undefined variable $totalDurationPage in D:\XAMPP\htdocs\eimbox-dashboard\eimbox-materio\core\package_checker.php on line 103
[10-Mar-2026 15:08:43 Asia/Dhaka] PHP ERROR [2]: Undefined variable $totalDurationAll in D:\XAMPP\htdocs\eimbox-dashboard\eimbox-materio\core\package_checker.php on line 104
[10-Mar-2026 15:08:43 Asia/Dhaka] PHP ERROR [2]: Undefined variable $totalRecordsPage in D:\XAMPP\htdocs\eimbox-dashboard\eimbox-materio\core\package_checker.php on line 105
[10-Mar-2026 15:08:43 Asia/Dhaka] PHP ERROR [2]: Undefined variable $monitorPanel in D:\XAMPP\htdocs\eimbox-dashboard\eimbox-materio\footer.php on line 157
[10-Mar-2026 15:09:23 Asia/Dhaka] PHP ERROR [2]: Undefined variable $totalDurationPage in D:\XAMPP\htdocs\eimbox-dashboard\eimbox-materio\core\package_checker.php on line 103
[10-Mar-2026 15:09:23 Asia/Dhaka] PHP ERROR [2]: Undefined variable $totalDurationAll in D:\XAMPP\htdocs\eimbox-dashboard\eimbox-materio\core\package_checker.php on line 104
[10-Mar-2026 15:09:23 Asia/Dhaka] PHP ERROR [2]: Undefined variable $totalRecordsPage in D:\XAMPP\htdocs\eimbox-dashboard\eimbox-materio\core\package_checker.php on line 105
[10-Mar-2026 15:09:23 Asia/Dhaka] PHP ERROR [2]: Undefined variable $monitorPanel in D:\XAMPP\htdocs\eimbox-dashboard\eimbox-materio\footer.php on line 157
[10-Mar-2026 15:11:45 Asia/Dhaka] PHP ERROR [2]: Undefined variable $totalDurationPage in D:\XAMPP\htdocs\eimbox-dashboard\eimbox-materio\core\package_checker.php on line 103
[10-Mar-2026 15:11:45 Asia/Dhaka] PHP ERROR [2]: Undefined variable $totalDurationAll in D:\XAMPP\htdocs\eimbox-dashboard\eimbox-materio\core\package_checker.php on line 104
[10-Mar-2026 15:11:45 Asia/Dhaka] PHP ERROR [2]: Undefined variable $totalRecordsPage in D:\XAMPP\htdocs\eimbox-dashboard\eimbox-materio\core\package_checker.php on line 105
[10-Mar-2026 15:11:45 Asia/Dhaka] Uncaught Exception: Unknown column 'syear' in 'field list' in D:\XAMPP\htdocs\eimbox-dashboard\eimbox-materio\core\db.php on line 19
[10-Mar-2026 15:12:16 Asia/Dhaka] PHP ERROR [2]: Undefined variable $totalDurationPage in D:\XAMPP\htdocs\eimbox-dashboard\eimbox-materio\core\package_checker.php on line 103
[10-Mar-2026 15:12:16 Asia/Dhaka] PHP ERROR [2]: Undefined variable $totalDurationAll in D:\XAMPP\htdocs\eimbox-dashboard\eimbox-materio\core\package_checker.php on line 104
[10-Mar-2026 15:12:16 Asia/Dhaka] PHP ERROR [2]: Undefined variable $totalRecordsPage in D:\XAMPP\htdocs\eimbox-dashboard\eimbox-materio\core\package_checker.php on line 105
[10-Mar-2026 15:12:16 Asia/Dhaka] Uncaught Exception: Unknown column 'syear' in 'field list' in D:\XAMPP\htdocs\eimbox-dashboard\eimbox-materio\core\db.php on line 19
[10-Mar-2026 15:13:29 Asia/Dhaka] PHP ERROR [2]: Undefined variable $totalDurationPage in D:\XAMPP\htdocs\eimbox-dashboard\eimbox-materio\core\package_checker.php on line 103
[10-Mar-2026 15:13:29 Asia/Dhaka] PHP ERROR [2]: Undefined variable $totalDurationAll in D:\XAMPP\htdocs\eimbox-dashboard\eimbox-materio\core\package_checker.php on line 104
[10-Mar-2026 15:13:29 Asia/Dhaka] PHP ERROR [2]: Undefined variable $totalRecordsPage in D:\XAMPP\htdocs\eimbox-dashboard\eimbox-materio\core\package_checker.php on line 105
[10-Mar-2026 15:13:29 Asia/Dhaka] Uncaught Exception: Unknown column 'syear' in 'field list' in D:\XAMPP\htdocs\eimbox-dashboard\eimbox-materio\core\db.php on line 19
[10-Mar-2026 15:13:37 Asia/Dhaka] PHP ERROR [2]: Undefined variable $totalDurationPage in D:\XAMPP\htdocs\eimbox-dashboard\eimbox-materio\core\package_checker.php on line 103
[10-Mar-2026 15:13:37 Asia/Dhaka] PHP ERROR [2]: Undefined variable $totalDurationAll in D:\XAMPP\htdocs\eimbox-dashboard\eimbox-materio\core\package_checker.php on line 104
[10-Mar-2026 15:13:37 Asia/Dhaka] PHP ERROR [2]: Undefined variable $totalRecordsPage in D:\XAMPP\htdocs\eimbox-dashboard\eimbox-materio\core\package_checker.php on line 105
[10-Mar-2026 15:13:37 Asia/Dhaka] Uncaught Exception: Unknown column 'syear' in 'field list' in D:\XAMPP\htdocs\eimbox-dashboard\eimbox-materio\core\db.php on line 19
[10-Mar-2026 15:14:19 Asia/Dhaka] PHP ERROR [2]: Undefined variable $totalDurationPage in D:\XAMPP\htdocs\eimbox-dashboard\eimbox-materio\core\package_checker.php on line 103
[10-Mar-2026 15:14:19 Asia/Dhaka] PHP ERROR [2]: Undefined variable $totalDurationAll in D:\XAMPP\htdocs\eimbox-dashboard\eimbox-materio\core\package_checker.php on line 104
[10-Mar-2026 15:14:19 Asia/Dhaka] PHP ERROR [2]: Undefined variable $totalRecordsPage in D:\XAMPP\htdocs\eimbox-dashboard\eimbox-materio\core\package_checker.php on line 105
[10-Mar-2026 15:14:19 Asia/Dhaka] Uncaught Exception: Unknown column 'syear' in 'field list' in D:\XAMPP\htdocs\eimbox-dashboard\eimbox-materio\core\db.php on line 19
[10-Mar-2026 15:15:02 Asia/Dhaka] PHP ERROR [2]: Undefined variable $totalDurationPage in D:\XAMPP\htdocs\eimbox-dashboard\eimbox-materio\core\package_checker.php on line 103
[10-Mar-2026 15:15:02 Asia/Dhaka] PHP ERROR [2]: Undefined variable $totalDurationAll in D:\XAMPP\htdocs\eimbox-dashboard\eimbox-materio\core\package_checker.php on line 104
[10-Mar-2026 15:15:02 Asia/Dhaka] PHP ERROR [2]: Undefined variable $totalRecordsPage in D:\XAMPP\htdocs\eimbox-dashboard\eimbox-materio\core\package_checker.php on line 105
[10-Mar-2026 15:15:02 Asia/Dhaka] Uncaught Exception: Unknown column 'syear' in 'field list' in D:\XAMPP\htdocs\eimbox-dashboard\eimbox-materio\core\db.php on line 19
[10-Mar-2026 15:15:20 Asia/Dhaka] PHP ERROR [2]: Undefined variable $totalDurationPage in D:\XAMPP\htdocs\eimbox-dashboard\eimbox-materio\core\package_checker.php on line 103
[10-Mar-2026 15:15:20 Asia/Dhaka] PHP ERROR [2]: Undefined variable $totalDurationAll in D:\XAMPP\htdocs\eimbox-dashboard\eimbox-materio\core\package_checker.php on line 104
[10-Mar-2026 15:15:20 Asia/Dhaka] PHP ERROR [2]: Undefined variable $totalRecordsPage in D:\XAMPP\htdocs\eimbox-dashboard\eimbox-materio\core\package_checker.php on line 105
[10-Mar-2026 15:15:20 Asia/Dhaka] PHP ERROR [2]: Undefined variable $monitorPanel in D:\XAMPP\htdocs\eimbox-dashboard\eimbox-materio\footer.php on line 157
[10-Mar-2026 15:16:03 Asia/Dhaka] PHP ERROR [2]: Undefined variable $totalDurationPage in D:\XAMPP\htdocs\eimbox-dashboard\eimbox-materio\core\package_checker.php on line 103
[10-Mar-2026 15:16:03 Asia/Dhaka] PHP ERROR [2]: Undefined variable $totalDurationAll in D:\XAMPP\htdocs\eimbox-dashboard\eimbox-materio\core\package_checker.php on line 104
[10-Mar-2026 15:16:03 Asia/Dhaka] PHP ERROR [2]: Undefined variable $totalRecordsPage in D:\XAMPP\htdocs\eimbox-dashboard\eimbox-materio\core\package_checker.php on line 105
[10-Mar-2026 15:16:03 Asia/Dhaka] PHP ERROR [2]: Undefined variable $monitorPanel in D:\XAMPP\htdocs\eimbox-dashboard\eimbox-materio\footer.php on line 157
[10-Mar-2026 15:16:09 Asia/Dhaka] PHP ERROR [2]: Undefined variable $totalDurationPage in D:\XAMPP\htdocs\eimbox-dashboard\eimbox-materio\core\package_checker.php on line 103
[10-Mar-2026 15:16:09 Asia/Dhaka] PHP ERROR [2]: Undefined variable $totalDurationAll in D:\XAMPP\htdocs\eimbox-dashboard\eimbox-materio\core\package_checker.php on line 104
[10-Mar-2026 15:16:09 Asia/Dhaka] PHP ERROR [2]: Undefined variable $totalRecordsPage in D:\XAMPP\htdocs\eimbox-dashboard\eimbox-materio\core\package_checker.php on line 105
[10-Mar-2026 15:16:09 Asia/Dhaka] Uncaught Exception: Unknown column 'syear' in 'field list' in D:\XAMPP\htdocs\eimbox-dashboard\eimbox-materio\core\db.php on line 19
[10-Mar-2026 15:16:23 Asia/Dhaka] PHP ERROR [2]: Undefined variable $totalDurationPage in D:\XAMPP\htdocs\eimbox-dashboard\eimbox-materio\core\package_checker.php on line 103
[10-Mar-2026 15:16:23 Asia/Dhaka] PHP ERROR [2]: Undefined variable $totalDurationAll in D:\XAMPP\htdocs\eimbox-dashboard\eimbox-materio\core\package_checker.php on line 104
[10-Mar-2026 15:16:23 Asia/Dhaka] PHP ERROR [2]: Undefined variable $totalRecordsPage in D:\XAMPP\htdocs\eimbox-dashboard\eimbox-materio\core\package_checker.php on line 105
[10-Mar-2026 15:16:23 Asia/Dhaka] PHP ERROR [2]: Undefined variable $monitorPanel in D:\XAMPP\htdocs\eimbox-dashboard\eimbox-materio\footer.php on line 157
[10-Mar-2026 15:17:01 Asia/Dhaka] PHP ERROR [2]: Undefined variable $totalDurationPage in D:\XAMPP\htdocs\eimbox-dashboard\eimbox-materio\core\package_checker.php on line 103
[10-Mar-2026 15:17:01 Asia/Dhaka] PHP ERROR [2]: Undefined variable $totalDurationAll in D:\XAMPP\htdocs\eimbox-dashboard\eimbox-materio\core\package_checker.php on line 104
[10-Mar-2026 15:17:01 Asia/Dhaka] PHP ERROR [2]: Undefined variable $totalRecordsPage in D:\XAMPP\htdocs\eimbox-dashboard\eimbox-materio\core\package_checker.php on line 105
[10-Mar-2026 15:17:01 Asia/Dhaka] PHP ERROR [2]: Undefined variable $monitorPanel in D:\XAMPP\htdocs\eimbox-dashboard\eimbox-materio\footer.php on line 157
[10-Mar-2026 15:17:19 Asia/Dhaka] PHP ERROR [2]: Undefined variable $totalDurationPage in D:\XAMPP\htdocs\eimbox-dashboard\eimbox-materio\core\package_checker.php on line 103
[10-Mar-2026 15:17:19 Asia/Dhaka] PHP ERROR [2]: Undefined variable $totalDurationAll in D:\XAMPP\htdocs\eimbox-dashboard\eimbox-materio\core\package_checker.php on line 104
[10-Mar-2026 15:17:19 Asia/Dhaka] PHP ERROR [2]: Undefined variable $totalRecordsPage in D:\XAMPP\htdocs\eimbox-dashboard\eimbox-materio\core\package_checker.php on line 105
[10-Mar-2026 15:17:19 Asia/Dhaka] PHP ERROR [2]: Undefined variable $monitorPanel in D:\XAMPP\htdocs\eimbox-dashboard\eimbox-materio\footer.php on line 157
[10-Mar-2026 15:17:34 Asia/Dhaka] PHP ERROR [2]: Undefined variable $totalDurationPage in D:\XAMPP\htdocs\eimbox-dashboard\eimbox-materio\core\package_checker.php on line 103
[10-Mar-2026 15:17:34 Asia/Dhaka] PHP ERROR [2]: Undefined variable $totalDurationAll in D:\XAMPP\htdocs\eimbox-dashboard\eimbox-materio\core\package_checker.php on line 104
[10-Mar-2026 15:17:34 Asia/Dhaka] PHP ERROR [2]: Undefined variable $totalRecordsPage in D:\XAMPP\htdocs\eimbox-dashboard\eimbox-materio\core\package_checker.php on line 105
[10-Mar-2026 15:17:34 Asia/Dhaka] PHP ERROR [2]: Undefined variable $monitorPanel in D:\XAMPP\htdocs\eimbox-dashboard\eimbox-materio\footer.php on line 157
[10-Mar-2026 15:18:05 Asia/Dhaka] PHP ERROR [2]: Undefined variable $totalDurationPage in D:\XAMPP\htdocs\eimbox-dashboard\eimbox-materio\core\package_checker.php on line 103
[10-Mar-2026 15:18:05 Asia/Dhaka] PHP ERROR [2]: Undefined variable $totalDurationAll in D:\XAMPP\htdocs\eimbox-dashboard\eimbox-materio\core\package_checker.php on line 104
[10-Mar-2026 15:18:05 Asia/Dhaka] PHP ERROR [2]: Undefined variable $totalRecordsPage in D:\XAMPP\htdocs\eimbox-dashboard\eimbox-materio\core\package_checker.php on line 105
[10-Mar-2026 15:18:05 Asia/Dhaka] PHP ERROR [2]: Undefined variable $monitorPanel in D:\XAMPP\htdocs\eimbox-dashboard\eimbox-materio\footer.php on line 157
[10-Mar-2026 15:19:48 Asia/Dhaka] PHP ERROR [2]: Undefined variable $totalDurationPage in D:\XAMPP\htdocs\eimbox-dashboard\eimbox-materio\core\package_checker.php on line 103
[10-Mar-2026 15:19:48 Asia/Dhaka] PHP ERROR [2]: Undefined variable $totalDurationAll in D:\XAMPP\htdocs\eimbox-dashboard\eimbox-materio\core\package_checker.php on line 104
[10-Mar-2026 15:19:48 Asia/Dhaka] PHP ERROR [2]: Undefined variable $totalRecordsPage in D:\XAMPP\htdocs\eimbox-dashboard\eimbox-materio\core\package_checker.php on line 105
[10-Mar-2026 15:19:48 Asia/Dhaka] PHP ERROR [2]: Undefined variable $monitorPanel in D:\XAMPP\htdocs\eimbox-dashboard\eimbox-materio\footer.php on line 157
[10-Mar-2026 15:22:20 Asia/Dhaka] PHP ERROR [2]: Undefined variable $totalDurationPage in D:\XAMPP\htdocs\eimbox-dashboard\eimbox-materio\core\package_checker.php on line 103
[10-Mar-2026 15:22:20 Asia/Dhaka] PHP ERROR [2]: Undefined variable $totalDurationAll in D:\XAMPP\htdocs\eimbox-dashboard\eimbox-materio\core\package_checker.php on line 104
[10-Mar-2026 15:22:20 Asia/Dhaka] PHP ERROR [2]: Undefined variable $totalRecordsPage in D:\XAMPP\htdocs\eimbox-dashboard\eimbox-materio\core\package_checker.php on line 105
[10-Mar-2026 15:22:20 Asia/Dhaka] PHP ERROR [2]: Undefined variable $monitorPanel in D:\XAMPP\htdocs\eimbox-dashboard\eimbox-materio\footer.php on line 157
[10-Mar-2026 15:26:20 Asia/Dhaka] PHP ERROR [2]: Undefined variable $totalDurationPage in D:\XAMPP\htdocs\eimbox-dashboard\eimbox-materio\core\package_checker.php on line 103
[10-Mar-2026 15:26:20 Asia/Dhaka] PHP ERROR [2]: Undefined variable $totalDurationAll in D:\XAMPP\htdocs\eimbox-dashboard\eimbox-materio\core\package_checker.php on line 104
[10-Mar-2026 15:26:20 Asia/Dhaka] PHP ERROR [2]: Undefined variable $totalRecordsPage in D:\XAMPP\htdocs\eimbox-dashboard\eimbox-materio\core\package_checker.php on line 105
[10-Mar-2026 15:26:20 Asia/Dhaka] PHP ERROR [2]: Undefined variable $monitorPanel in D:\XAMPP\htdocs\eimbox-dashboard\eimbox-materio\footer.php on line 157
[10-Mar-2026 15:26:36 Asia/Dhaka] PHP ERROR [2]: Undefined variable $totalDurationPage in D:\XAMPP\htdocs\eimbox-dashboard\eimbox-materio\core\package_checker.php on line 103
[10-Mar-2026 15:26:36 Asia/Dhaka] PHP ERROR [2]: Undefined variable $totalDurationAll in D:\XAMPP\htdocs\eimbox-dashboard\eimbox-materio\core\package_checker.php on line 104
[10-Mar-2026 15:26:36 Asia/Dhaka] PHP ERROR [2]: Undefined variable $totalRecordsPage in D:\XAMPP\htdocs\eimbox-dashboard\eimbox-materio\core\package_checker.php on line 105
[10-Mar-2026 15:26:36 Asia/Dhaka] PHP ERROR [2]: Undefined variable $monitorPanel in D:\XAMPP\htdocs\eimbox-dashboard\eimbox-materio\footer.php on line 157
[10-Mar-2026 15:26:44 Asia/Dhaka] PHP ERROR [2]: Undefined variable $totalDurationPage in D:\XAMPP\htdocs\eimbox-dashboard\eimbox-materio\core\package_checker.php on line 103
[10-Mar-2026 15:26:44 Asia/Dhaka] PHP ERROR [2]: Undefined variable $totalDurationAll in D:\XAMPP\htdocs\eimbox-dashboard\eimbox-materio\core\package_checker.php on line 104
[10-Mar-2026 15:26:44 Asia/Dhaka] PHP ERROR [2]: Undefined variable $totalRecordsPage in D:\XAMPP\htdocs\eimbox-dashboard\eimbox-materio\core\package_checker.php on line 105
[10-Mar-2026 15:26:44 Asia/Dhaka] PHP ERROR [2]: Undefined variable $monitorPanel in D:\XAMPP\htdocs\eimbox-dashboard\eimbox-materio\footer.php on line 157
[10-Mar-2026 15:27:10 Asia/Dhaka] PHP ERROR [2]: Undefined variable $totalDurationPage in D:\XAMPP\htdocs\eimbox-dashboard\eimbox-materio\core\package_checker.php on line 103
[10-Mar-2026 15:27:10 Asia/Dhaka] PHP ERROR [2]: Undefined variable $totalDurationAll in D:\XAMPP\htdocs\eimbox-dashboard\eimbox-materio\core\package_checker.php on line 104
[10-Mar-2026 15:27:10 Asia/Dhaka] PHP ERROR [2]: Undefined variable $totalRecordsPage in D:\XAMPP\htdocs\eimbox-dashboard\eimbox-materio\core\package_checker.php on line 105
[10-Mar-2026 15:27:10 Asia/Dhaka] PHP ERROR [2]: Undefined variable $monitorPanel in D:\XAMPP\htdocs\eimbox-dashboard\eimbox-materio\footer.php on line 157
[10-Mar-2026 15:27:47 Asia/Dhaka] PHP ERROR [2]: Undefined variable $totalDurationPage in D:\XAMPP\htdocs\eimbox-dashboard\eimbox-materio\core\package_checker.php on line 103
[10-Mar-2026 15:27:47 Asia/Dhaka] PHP ERROR [2]: Undefined variable $totalDurationAll in D:\XAMPP\htdocs\eimbox-dashboard\eimbox-materio\core\package_checker.php on line 104
[10-Mar-2026 15:27:47 Asia/Dhaka] PHP ERROR [2]: Undefined variable $totalRecordsPage in D:\XAMPP\htdocs\eimbox-dashboard\eimbox-materio\core\package_checker.php on line 105
[10-Mar-2026 15:27:47 Asia/Dhaka] PHP ERROR [2]: Undefined variable $monitorPanel in D:\XAMPP\htdocs\eimbox-dashboard\eimbox-materio\footer.php on line 157
[10-Mar-2026 15:27:57 Asia/Dhaka] PHP ERROR [2]: Undefined variable $totalDurationPage in D:\XAMPP\htdocs\eimbox-dashboard\eimbox-materio\core\package_checker.php on line 103
[10-Mar-2026 15:27:57 Asia/Dhaka] PHP ERROR [2]: Undefined variable $totalDurationAll in D:\XAMPP\htdocs\eimbox-dashboard\eimbox-materio\core\package_checker.php on line 104
[10-Mar-2026 15:27:57 Asia/Dhaka] PHP ERROR [2]: Undefined variable $totalRecordsPage in D:\XAMPP\htdocs\eimbox-dashboard\eimbox-materio\core\package_checker.php on line 105
[10-Mar-2026 15:27:57 Asia/Dhaka] PHP ERROR [2]: Undefined variable $monitorPanel in D:\XAMPP\htdocs\eimbox-dashboard\eimbox-materio\footer.php on line 157
[10-Mar-2026 15:28:03 Asia/Dhaka] PHP ERROR [2]: Undefined variable $totalDurationPage in D:\XAMPP\htdocs\eimbox-dashboard\eimbox-materio\core\package_checker.php on line 103
[10-Mar-2026 15:28:03 Asia/Dhaka] PHP ERROR [2]: Undefined variable $totalDurationAll in D:\XAMPP\htdocs\eimbox-dashboard\eimbox-materio\core\package_checker.php on line 104
[10-Mar-2026 15:28:03 Asia/Dhaka] PHP ERROR [2]: Undefined variable $totalRecordsPage in D:\XAMPP\htdocs\eimbox-dashboard\eimbox-materio\core\package_checker.php on line 105
[10-Mar-2026 15:28:03 Asia/Dhaka] PHP ERROR [2]: Undefined variable $monitorPanel in D:\XAMPP\htdocs\eimbox-dashboard\eimbox-materio\footer.php on line 157
[10-Mar-2026 15:30:35 Asia/Dhaka] PHP ERROR [2]: Undefined variable $totalDurationPage in D:\XAMPP\htdocs\eimbox-dashboard\eimbox-materio\core\package_checker.php on line 103
[10-Mar-2026 15:30:35 Asia/Dhaka] PHP ERROR [2]: Undefined variable $totalDurationAll in D:\XAMPP\htdocs\eimbox-dashboard\eimbox-materio\core\package_checker.php on line 104
[10-Mar-2026 15:30:35 Asia/Dhaka] PHP ERROR [2]: Undefined variable $totalRecordsPage in D:\XAMPP\htdocs\eimbox-dashboard\eimbox-materio\core\package_checker.php on line 105
[10-Mar-2026 15:30:35 Asia/Dhaka] PHP ERROR [2]: Undefined variable $monitorPanel in D:\XAMPP\htdocs\eimbox-dashboard\eimbox-materio\footer.php on line 157
[10-Mar-2026 15:30:45 Asia/Dhaka] PHP ERROR [2]: Undefined variable $totalDurationPage in D:\XAMPP\htdocs\eimbox-dashboard\eimbox-materio\core\package_checker.php on line 103
[10-Mar-2026 15:30:45 Asia/Dhaka] PHP ERROR [2]: Undefined variable $totalDurationAll in D:\XAMPP\htdocs\eimbox-dashboard\eimbox-materio\core\package_checker.php on line 104
[10-Mar-2026 15:30:45 Asia/Dhaka] PHP ERROR [2]: Undefined variable $totalRecordsPage in D:\XAMPP\htdocs\eimbox-dashboard\eimbox-materio\core\package_checker.php on line 105
[10-Mar-2026 15:30:45 Asia/Dhaka] PHP ERROR [2]: Undefined variable $monitorPanel in D:\XAMPP\htdocs\eimbox-dashboard\eimbox-materio\footer.php on line 157
[10-Mar-2026 15:32:57 Asia/Dhaka] PHP ERROR [2]: Undefined variable $totalDurationPage in D:\XAMPP\htdocs\eimbox-dashboard\eimbox-materio\core\package_checker.php on line 103
[10-Mar-2026 15:32:57 Asia/Dhaka] PHP ERROR [2]: Undefined variable $totalDurationAll in D:\XAMPP\htdocs\eimbox-dashboard\eimbox-materio\core\package_checker.php on line 104
[10-Mar-2026 15:32:57 Asia/Dhaka] PHP ERROR [2]: Undefined variable $totalRecordsPage in D:\XAMPP\htdocs\eimbox-dashboard\eimbox-materio\core\package_checker.php on line 105
[10-Mar-2026 15:32:57 Asia/Dhaka] PHP ERROR [2]: Undefined variable $monitorPanel in D:\XAMPP\htdocs\eimbox-dashboard\eimbox-materio\footer.php on line 157
[10-Mar-2026 15:34:18 Asia/Dhaka] PHP ERROR [2]: Undefined variable $totalDurationPage in D:\XAMPP\htdocs\eimbox-dashboard\eimbox-materio\core\package_checker.php on line 103
[10-Mar-2026 15:34:18 Asia/Dhaka] PHP ERROR [2]: Undefined variable $totalDurationAll in D:\XAMPP\htdocs\eimbox-dashboard\eimbox-materio\core\package_checker.php on line 104
[10-Mar-2026 15:34:18 Asia/Dhaka] PHP ERROR [2]: Undefined variable $totalRecordsPage in D:\XAMPP\htdocs\eimbox-dashboard\eimbox-materio\core\package_checker.php on line 105
[10-Mar-2026 15:34:18 Asia/Dhaka] PHP ERROR [2]: Undefined variable $monitorPanel in D:\XAMPP\htdocs\eimbox-dashboard\eimbox-materio\footer.php on line 157
[10-Mar-2026 16:03:43 Asia/Dhaka] PHP ERROR [2]: Undefined variable $totalDurationPage in D:\XAMPP\htdocs\eimbox-dashboard\eimbox-materio\core\package_checker.php on line 103
[10-Mar-2026 16:03:43 Asia/Dhaka] PHP ERROR [2]: Undefined variable $totalDurationAll in D:\XAMPP\htdocs\eimbox-dashboard\eimbox-materio\core\package_checker.php on line 104
[10-Mar-2026 16:03:43 Asia/Dhaka] PHP ERROR [2]: Undefined variable $totalRecordsPage in D:\XAMPP\htdocs\eimbox-dashboard\eimbox-materio\core\package_checker.php on line 105
[10-Mar-2026 16:03:43 Asia/Dhaka] PHP ERROR [2]: Undefined variable $monitorPanel in D:\XAMPP\htdocs\eimbox-dashboard\eimbox-materio\footer.php on line 157
[10-Mar-2026 16:04:10 Asia/Dhaka] PHP ERROR [2]: Undefined variable $totalDurationPage in D:\XAMPP\htdocs\eimbox-dashboard\eimbox-materio\core\package_checker.php on line 103
[10-Mar-2026 16:04:10 Asia/Dhaka] PHP ERROR [2]: Undefined variable $totalDurationAll in D:\XAMPP\htdocs\eimbox-dashboard\eimbox-materio\core\package_checker.php on line 104
[10-Mar-2026 16:04:10 Asia/Dhaka] PHP ERROR [2]: Undefined variable $totalRecordsPage in D:\XAMPP\htdocs\eimbox-dashboard\eimbox-materio\core\package_checker.php on line 105
[10-Mar-2026 16:04:10 Asia/Dhaka] PHP ERROR [2]: Undefined variable $monitorPanel in D:\XAMPP\htdocs\eimbox-dashboard\eimbox-materio\footer.php on line 157
[10-Mar-2026 16:04:19 Asia/Dhaka] PHP ERROR [2]: Undefined variable $totalDurationPage in D:\XAMPP\htdocs\eimbox-dashboard\eimbox-materio\core\package_checker.php on line 103
[10-Mar-2026 16:04:19 Asia/Dhaka] PHP ERROR [2]: Undefined variable $totalDurationAll in D:\XAMPP\htdocs\eimbox-dashboard\eimbox-materio\core\package_checker.php on line 104
[10-Mar-2026 16:04:19 Asia/Dhaka] PHP ERROR [2]: Undefined variable $totalRecordsPage in D:\XAMPP\htdocs\eimbox-dashboard\eimbox-materio\core\package_checker.php on line 105
[10-Mar-2026 16:04:19 Asia/Dhaka] PHP ERROR [2]: Cannot modify header information - headers already sent by (output started at D:\XAMPP\htdocs\eimbox-dashboard\eimbox-materio\header.php:6) in D:\XAMPP\htdocs\eimbox-dashboard\eimbox-materio\enroll-students.php on line 6
[10-Mar-2026 16:04:20 Asia/Dhaka] PHP ERROR [2]: Undefined variable $monitorPanel in D:\XAMPP\htdocs\eimbox-dashboard\eimbox-materio\footer.php on line 157
[10-Mar-2026 17:54:46 Asia/Dhaka] PHP ERROR [2]: Undefined variable $totalDurationPage in D:\XAMPP\htdocs\eimbox-dashboard\eimbox-materio\core\package_checker.php on line 103
[10-Mar-2026 17:54:46 Asia/Dhaka] PHP ERROR [2]: Undefined variable $totalDurationAll in D:\XAMPP\htdocs\eimbox-dashboard\eimbox-materio\core\package_checker.php on line 104
[10-Mar-2026 17:54:46 Asia/Dhaka] PHP ERROR [2]: Undefined variable $totalRecordsPage in D:\XAMPP\htdocs\eimbox-dashboard\eimbox-materio\core\package_checker.php on line 105
[10-Mar-2026 17:54:46 Asia/Dhaka] PHP ERROR [2]: Undefined variable $monitorPanel in D:\XAMPP\htdocs\eimbox-dashboard\eimbox-materio\footer.php on line 157
[10-Mar-2026 18:42:35 Asia/Dhaka] PHP ERROR [2]: Undefined variable $totalDurationPage in D:\XAMPP\htdocs\eimbox-dashboard\eimbox-materio\core\package_checker.php on line 103
[10-Mar-2026 18:42:35 Asia/Dhaka] PHP ERROR [2]: Undefined variable $totalDurationAll in D:\XAMPP\htdocs\eimbox-dashboard\eimbox-materio\core\package_checker.php on line 104
[10-Mar-2026 18:42:35 Asia/Dhaka] PHP ERROR [2]: Undefined variable $totalRecordsPage in D:\XAMPP\htdocs\eimbox-dashboard\eimbox-materio\core\package_checker.php on line 105
[10-Mar-2026 18:42:35 Asia/Dhaka] PHP ERROR [2]: Cannot modify header information - headers already sent by (output started at D:\XAMPP\htdocs\eimbox-dashboard\eimbox-materio\header.php:6) in D:\XAMPP\htdocs\eimbox-dashboard\eimbox-materio\enroll-students.php on line 6
[10-Mar-2026 18:42:35 Asia/Dhaka] PHP ERROR [2]: Undefined variable $monitorPanel in D:\XAMPP\htdocs\eimbox-dashboard\eimbox-materio\footer.php on line 157
[10-Mar-2026 18:43:23 Asia/Dhaka] PHP ERROR [2]: Undefined variable $totalDurationPage in D:\XAMPP\htdocs\eimbox-dashboard\eimbox-materio\core\package_checker.php on line 103
[10-Mar-2026 18:43:23 Asia/Dhaka] PHP ERROR [2]: Undefined variable $totalDurationAll in D:\XAMPP\htdocs\eimbox-dashboard\eimbox-materio\core\package_checker.php on line 104
[10-Mar-2026 18:43:23 Asia/Dhaka] PHP ERROR [2]: Undefined variable $totalRecordsPage in D:\XAMPP\htdocs\eimbox-dashboard\eimbox-materio\core\package_checker.php on line 105
[10-Mar-2026 18:43:23 Asia/Dhaka] PHP ERROR [2]: Undefined variable $monitorPanel in D:\XAMPP\htdocs\eimbox-dashboard\eimbox-materio\footer.php on line 157
[10-Mar-2026 18:44:36 Asia/Dhaka] PHP ERROR [2]: Undefined variable $totalDurationPage in D:\XAMPP\htdocs\eimbox-dashboard\eimbox-materio\core\package_checker.php on line 103
[10-Mar-2026 18:44:36 Asia/Dhaka] PHP ERROR [2]: Undefined variable $totalDurationAll in D:\XAMPP\htdocs\eimbox-dashboard\eimbox-materio\core\package_checker.php on line 104
[10-Mar-2026 18:44:36 Asia/Dhaka] PHP ERROR [2]: Undefined variable $totalRecordsPage in D:\XAMPP\htdocs\eimbox-dashboard\eimbox-materio\core\package_checker.php on line 105
[10-Mar-2026 18:44:36 Asia/Dhaka] PHP ERROR [2]: Undefined variable $monitorPanel in D:\XAMPP\htdocs\eimbox-dashboard\eimbox-materio\footer.php on line 157
[10-Mar-2026 18:45:54 Asia/Dhaka] PHP ERROR [2]: Undefined variable $totalDurationPage in D:\XAMPP\htdocs\eimbox-dashboard\eimbox-materio\core\package_checker.php on line 103
[10-Mar-2026 18:45:54 Asia/Dhaka] PHP ERROR [2]: Undefined variable $totalDurationAll in D:\XAMPP\htdocs\eimbox-dashboard\eimbox-materio\core\package_checker.php on line 104
[10-Mar-2026 18:45:54 Asia/Dhaka] PHP ERROR [2]: Undefined variable $totalRecordsPage in D:\XAMPP\htdocs\eimbox-dashboard\eimbox-materio\core\package_checker.php on line 105
[10-Mar-2026 18:45:54 Asia/Dhaka] PHP ERROR [2]: Cannot modify header information - headers already sent by (output started at D:\XAMPP\htdocs\eimbox-dashboard\eimbox-materio\header.php:6) in D:\XAMPP\htdocs\eimbox-dashboard\eimbox-materio\enroll-students.php on line 6
[10-Mar-2026 18:45:54 Asia/Dhaka] PHP ERROR [2]: Undefined variable $monitorPanel in D:\XAMPP\htdocs\eimbox-dashboard\eimbox-materio\footer.php on line 157
[10-Mar-2026 18:48:54 Asia/Dhaka] PHP ERROR [2]: Undefined variable $totalDurationPage in D:\XAMPP\htdocs\eimbox-dashboard\eimbox-materio\core\package_checker.php on line 103
[10-Mar-2026 18:48:54 Asia/Dhaka] PHP ERROR [2]: Undefined variable $totalDurationAll in D:\XAMPP\htdocs\eimbox-dashboard\eimbox-materio\core\package_checker.php on line 104
[10-Mar-2026 18:48:54 Asia/Dhaka] PHP ERROR [2]: Undefined variable $totalRecordsPage in D:\XAMPP\htdocs\eimbox-dashboard\eimbox-materio\core\package_checker.php on line 105
[10-Mar-2026 18:48:54 Asia/Dhaka] PHP ERROR [2]: Cannot modify header information - headers already sent by (output started at D:\XAMPP\htdocs\eimbox-dashboard\eimbox-materio\header.php:6) in D:\XAMPP\htdocs\eimbox-dashboard\eimbox-materio\enroll-students.php on line 6
[10-Mar-2026 18:48:55 Asia/Dhaka] PHP ERROR [2]: Undefined variable $monitorPanel in D:\XAMPP\htdocs\eimbox-dashboard\eimbox-materio\footer.php on line 157
[10-Mar-2026 18:50:41 Asia/Dhaka] PHP ERROR [2]: Undefined variable $totalDurationPage in D:\XAMPP\htdocs\eimbox-dashboard\eimbox-materio\core\package_checker.php on line 103
[10-Mar-2026 18:50:41 Asia/Dhaka] PHP ERROR [2]: Undefined variable $totalDurationAll in D:\XAMPP\htdocs\eimbox-dashboard\eimbox-materio\core\package_checker.php on line 104
[10-Mar-2026 18:50:41 Asia/Dhaka] PHP ERROR [2]: Undefined variable $totalRecordsPage in D:\XAMPP\htdocs\eimbox-dashboard\eimbox-materio\core\package_checker.php on line 105
[10-Mar-2026 18:50:41 Asia/Dhaka] PHP ERROR [2]: Undefined variable $monitorPanel in D:\XAMPP\htdocs\eimbox-dashboard\eimbox-materio\footer.php on line 157
[10-Mar-2026 18:51:07 Asia/Dhaka] PHP ERROR [2]: Undefined variable $totalDurationPage in D:\XAMPP\htdocs\eimbox-dashboard\eimbox-materio\core\package_checker.php on line 103
[10-Mar-2026 18:51:07 Asia/Dhaka] PHP ERROR [2]: Undefined variable $totalDurationAll in D:\XAMPP\htdocs\eimbox-dashboard\eimbox-materio\core\package_checker.php on line 104
[10-Mar-2026 18:51:07 Asia/Dhaka] PHP ERROR [2]: Undefined variable $totalRecordsPage in D:\XAMPP\htdocs\eimbox-dashboard\eimbox-materio\core\package_checker.php on line 105
[10-Mar-2026 18:51:07 Asia/Dhaka] PHP ERROR [2]: Undefined variable $monitorPanel in D:\XAMPP\htdocs\eimbox-dashboard\eimbox-materio\footer.php on line 157
[10-Mar-2026 18:51:24 Asia/Dhaka] Uncaught Exception: Incorrect integer value: '' for column 'obj' at row 1 in D:\XAMPP\htdocs\eimbox-dashboard\eimbox-materio\result\save-stmark.php on line 101
[10-Mar-2026 18:51:38 Asia/Dhaka] Uncaught Exception: Incorrect integer value: '' for column 'obj' at row 1 in D:\XAMPP\htdocs\eimbox-dashboard\eimbox-materio\result\save-stmark.php on line 101
[10-Mar-2026 18:51:42 Asia/Dhaka] Uncaught Exception: Incorrect integer value: '' for column 'obj' at row 1 in D:\XAMPP\htdocs\eimbox-dashboard\eimbox-materio\result\save-stmark.php on line 101
[10-Mar-2026 18:52:58 Asia/Dhaka] PHP ERROR [2]: Undefined array key "ct" in D:\XAMPP\htdocs\eimbox-dashboard\eimbox-materio\result\save-stmark.php on line 16
[10-Mar-2026 18:52:58 Asia/Dhaka] PHP ERROR [2]: Undefined array key "mt" in D:\XAMPP\htdocs\eimbox-dashboard\eimbox-materio\result\save-stmark.php on line 17
[10-Mar-2026 18:52:58 Asia/Dhaka] PHP ERROR [2]: Undefined array key "pra" in D:\XAMPP\htdocs\eimbox-dashboard\eimbox-materio\result\save-stmark.php on line 20
[10-Mar-2026 18:52:58 Asia/Dhaka] PHP ERROR [2]: Undefined array key "ca" in D:\XAMPP\htdocs\eimbox-dashboard\eimbox-materio\result\save-stmark.php on line 21
[10-Mar-2026 18:53:00 Asia/Dhaka] PHP ERROR [2]: Undefined array key "ct" in D:\XAMPP\htdocs\eimbox-dashboard\eimbox-materio\result\save-stmark.php on line 16
[10-Mar-2026 18:53:00 Asia/Dhaka] PHP ERROR [2]: Undefined array key "mt" in D:\XAMPP\htdocs\eimbox-dashboard\eimbox-materio\result\save-stmark.php on line 17
[10-Mar-2026 18:53:00 Asia/Dhaka] PHP ERROR [2]: Undefined array key "pra" in D:\XAMPP\htdocs\eimbox-dashboard\eimbox-materio\result\save-stmark.php on line 20
[10-Mar-2026 18:53:00 Asia/Dhaka] PHP ERROR [2]: Undefined array key "ca" in D:\XAMPP\htdocs\eimbox-dashboard\eimbox-materio\result\save-stmark.php on line 21
[10-Mar-2026 18:53:24 Asia/Dhaka] PHP ERROR [2]: Undefined array key "ct" in D:\XAMPP\htdocs\eimbox-dashboard\eimbox-materio\result\save-stmark.php on line 16
[10-Mar-2026 18:53:24 Asia/Dhaka] PHP ERROR [2]: Undefined array key "mt" in D:\XAMPP\htdocs\eimbox-dashboard\eimbox-materio\result\save-stmark.php on line 17
[10-Mar-2026 18:53:24 Asia/Dhaka] PHP ERROR [2]: Undefined array key "pra" in D:\XAMPP\htdocs\eimbox-dashboard\eimbox-materio\result\save-stmark.php on line 20
[10-Mar-2026 18:53:24 Asia/Dhaka] PHP ERROR [2]: Undefined array key "ca" in D:\XAMPP\htdocs\eimbox-dashboard\eimbox-materio\result\save-stmark.php on line 21
[10-Mar-2026 18:53:34 Asia/Dhaka] PHP ERROR [2]: Undefined array key "ct" in D:\XAMPP\htdocs\eimbox-dashboard\eimbox-materio\result\save-stmark.php on line 16
[10-Mar-2026 18:53:34 Asia/Dhaka] PHP ERROR [2]: Undefined array key "mt" in D:\XAMPP\htdocs\eimbox-dashboard\eimbox-materio\result\save-stmark.php on line 17
[10-Mar-2026 18:53:34 Asia/Dhaka] PHP ERROR [2]: Undefined array key "pra" in D:\XAMPP\htdocs\eimbox-dashboard\eimbox-materio\result\save-stmark.php on line 20
[10-Mar-2026 18:53:34 Asia/Dhaka] PHP ERROR [2]: Undefined array key "ca" in D:\XAMPP\htdocs\eimbox-dashboard\eimbox-materio\result\save-stmark.php on line 21
[10-Mar-2026 18:53:37 Asia/Dhaka] PHP ERROR [2]: Undefined array key "ct" in D:\XAMPP\htdocs\eimbox-dashboard\eimbox-materio\result\save-stmark.php on line 16
[10-Mar-2026 18:53:37 Asia/Dhaka] PHP ERROR [2]: Undefined array key "mt" in D:\XAMPP\htdocs\eimbox-dashboard\eimbox-materio\result\save-stmark.php on line 17
[10-Mar-2026 18:53:37 Asia/Dhaka] PHP ERROR [2]: Undefined array key "pra" in D:\XAMPP\htdocs\eimbox-dashboard\eimbox-materio\result\save-stmark.php on line 20
[10-Mar-2026 18:53:37 Asia/Dhaka] PHP ERROR [2]: Undefined array key "ca" in D:\XAMPP\htdocs\eimbox-dashboard\eimbox-materio\result\save-stmark.php on line 21
[10-Mar-2026 18:53:48 Asia/Dhaka] PHP ERROR [2]: Undefined array key "ct" in D:\XAMPP\htdocs\eimbox-dashboard\eimbox-materio\result\save-stmark.php on line 16
[10-Mar-2026 18:53:48 Asia/Dhaka] PHP ERROR [2]: Undefined array key "mt" in D:\XAMPP\htdocs\eimbox-dashboard\eimbox-materio\result\save-stmark.php on line 17
[10-Mar-2026 18:53:48 Asia/Dhaka] PHP ERROR [2]: Undefined array key "pra" in D:\XAMPP\htdocs\eimbox-dashboard\eimbox-materio\result\save-stmark.php on line 20
[10-Mar-2026 18:53:48 Asia/Dhaka] PHP ERROR [2]: Undefined array key "ca" in D:\XAMPP\htdocs\eimbox-dashboard\eimbox-materio\result\save-stmark.php on line 21
[10-Mar-2026 18:53:50 Asia/Dhaka] PHP ERROR [2]: Undefined array key "ct" in D:\XAMPP\htdocs\eimbox-dashboard\eimbox-materio\result\save-stmark.php on line 16
[10-Mar-2026 18:53:50 Asia/Dhaka] PHP ERROR [2]: Undefined array key "mt" in D:\XAMPP\htdocs\eimbox-dashboard\eimbox-materio\result\save-stmark.php on line 17
[10-Mar-2026 18:53:50 Asia/Dhaka] PHP ERROR [2]: Undefined array key "pra" in D:\XAMPP\htdocs\eimbox-dashboard\eimbox-materio\result\save-stmark.php on line 20
[10-Mar-2026 18:53:50 Asia/Dhaka] PHP ERROR [2]: Undefined array key "ca" in D:\XAMPP\htdocs\eimbox-dashboard\eimbox-materio\result\save-stmark.php on line 21
[10-Mar-2026 18:53:58 Asia/Dhaka] PHP ERROR [2]: Undefined array key "ct" in D:\XAMPP\htdocs\eimbox-dashboard\eimbox-materio\result\save-stmark.php on line 16
[10-Mar-2026 18:53:58 Asia/Dhaka] PHP ERROR [2]: Undefined array key "mt" in D:\XAMPP\htdocs\eimbox-dashboard\eimbox-materio\result\save-stmark.php on line 17
[10-Mar-2026 18:53:58 Asia/Dhaka] PHP ERROR [2]: Undefined array key "pra" in D:\XAMPP\htdocs\eimbox-dashboard\eimbox-materio\result\save-stmark.php on line 20
[10-Mar-2026 18:53:58 Asia/Dhaka] PHP ERROR [2]: Undefined array key "ca" in D:\XAMPP\htdocs\eimbox-dashboard\eimbox-materio\result\save-stmark.php on line 21
[10-Mar-2026 18:54:00 Asia/Dhaka] PHP ERROR [2]: Undefined array key "ct" in D:\XAMPP\htdocs\eimbox-dashboard\eimbox-materio\result\save-stmark.php on line 16
[10-Mar-2026 18:54:00 Asia/Dhaka] PHP ERROR [2]: Undefined array key "mt" in D:\XAMPP\htdocs\eimbox-dashboard\eimbox-materio\result\save-stmark.php on line 17
[10-Mar-2026 18:54:00 Asia/Dhaka] PHP ERROR [2]: Undefined array key "pra" in D:\XAMPP\htdocs\eimbox-dashboard\eimbox-materio\result\save-stmark.php on line 20
[10-Mar-2026 18:54:00 Asia/Dhaka] PHP ERROR [2]: Undefined array key "ca" in D:\XAMPP\htdocs\eimbox-dashboard\eimbox-materio\result\save-stmark.php on line 21
[10-Mar-2026 18:54:04 Asia/Dhaka] PHP ERROR [2]: Undefined array key "ct" in D:\XAMPP\htdocs\eimbox-dashboard\eimbox-materio\result\save-stmark.php on line 16
[10-Mar-2026 18:54:04 Asia/Dhaka] PHP ERROR [2]: Undefined array key "mt" in D:\XAMPP\htdocs\eimbox-dashboard\eimbox-materio\result\save-stmark.php on line 17
[10-Mar-2026 18:54:04 Asia/Dhaka] PHP ERROR [2]: Undefined array key "pra" in D:\XAMPP\htdocs\eimbox-dashboard\eimbox-materio\result\save-stmark.php on line 20
[10-Mar-2026 18:54:04 Asia/Dhaka] PHP ERROR [2]: Undefined array key "ca" in D:\XAMPP\htdocs\eimbox-dashboard\eimbox-materio\result\save-stmark.php on line 21
[10-Mar-2026 18:54:09 Asia/Dhaka] PHP ERROR [2]: Undefined array key "ct" in D:\XAMPP\htdocs\eimbox-dashboard\eimbox-materio\result\save-stmark.php on line 16
[10-Mar-2026 18:54:09 Asia/Dhaka] PHP ERROR [2]: Undefined array key "mt" in D:\XAMPP\htdocs\eimbox-dashboard\eimbox-materio\result\save-stmark.php on line 17
[10-Mar-2026 18:54:09 Asia/Dhaka] PHP ERROR [2]: Undefined array key "pra" in D:\XAMPP\htdocs\eimbox-dashboard\eimbox-materio\result\save-stmark.php on line 20
[10-Mar-2026 18:54:09 Asia/Dhaka] PHP ERROR [2]: Undefined array key "ca" in D:\XAMPP\htdocs\eimbox-dashboard\eimbox-materio\result\save-stmark.php on line 21
[10-Mar-2026 18:54:13 Asia/Dhaka] PHP ERROR [2]: Undefined array key "ct" in D:\XAMPP\htdocs\eimbox-dashboard\eimbox-materio\result\save-stmark.php on line 16
[10-Mar-2026 18:54:13 Asia/Dhaka] PHP ERROR [2]: Undefined array key "mt" in D:\XAMPP\htdocs\eimbox-dashboard\eimbox-materio\result\save-stmark.php on line 17
[10-Mar-2026 18:54:13 Asia/Dhaka] PHP ERROR [2]: Undefined array key "pra" in D:\XAMPP\htdocs\eimbox-dashboard\eimbox-materio\result\save-stmark.php on line 20
[10-Mar-2026 18:54:13 Asia/Dhaka] PHP ERROR [2]: Undefined array key "ca" in D:\XAMPP\htdocs\eimbox-dashboard\eimbox-materio\result\save-stmark.php on line 21
[10-Mar-2026 18:55:46 Asia/Dhaka] PHP ERROR [2]: Undefined variable $totalDurationPage in D:\XAMPP\htdocs\eimbox-dashboard\eimbox-materio\core\package_checker.php on line 103
[10-Mar-2026 18:55:46 Asia/Dhaka] PHP ERROR [2]: Undefined variable $totalDurationAll in D:\XAMPP\htdocs\eimbox-dashboard\eimbox-materio\core\package_checker.php on line 104
[10-Mar-2026 18:55:46 Asia/Dhaka] PHP ERROR [2]: Undefined variable $totalRecordsPage in D:\XAMPP\htdocs\eimbox-dashboard\eimbox-materio\core\package_checker.php on line 105
[10-Mar-2026 18:55:46 Asia/Dhaka] PHP ERROR [2]: Undefined variable $monitorPanel in D:\XAMPP\htdocs\eimbox-dashboard\eimbox-materio\footer.php on line 157
[10-Mar-2026 18:55:56 Asia/Dhaka] PHP ERROR [2]: Undefined variable $totalDurationPage in D:\XAMPP\htdocs\eimbox-dashboard\eimbox-materio\core\package_checker.php on line 103
[10-Mar-2026 18:55:56 Asia/Dhaka] PHP ERROR [2]: Undefined variable $totalDurationAll in D:\XAMPP\htdocs\eimbox-dashboard\eimbox-materio\core\package_checker.php on line 104
[10-Mar-2026 18:55:56 Asia/Dhaka] PHP ERROR [2]: Undefined variable $totalRecordsPage in D:\XAMPP\htdocs\eimbox-dashboard\eimbox-materio\core\package_checker.php on line 105
[10-Mar-2026 18:55:56 Asia/Dhaka] PHP ERROR [2]: Undefined variable $monitorPanel in D:\XAMPP\htdocs\eimbox-dashboard\eimbox-materio\footer.php on line 157
[10-Mar-2026 19:00:55 Asia/Dhaka] PHP ERROR [2]: Undefined variable $totalDurationPage in D:\XAMPP\htdocs\eimbox-dashboard\eimbox-materio\core\package_checker.php on line 103
[10-Mar-2026 19:00:55 Asia/Dhaka] PHP ERROR [2]: Undefined variable $totalDurationAll in D:\XAMPP\htdocs\eimbox-dashboard\eimbox-materio\core\package_checker.php on line 104
[10-Mar-2026 19:00:55 Asia/Dhaka] PHP ERROR [2]: Undefined variable $totalRecordsPage in D:\XAMPP\htdocs\eimbox-dashboard\eimbox-materio\core\package_checker.php on line 105
[10-Mar-2026 19:00:55 Asia/Dhaka] PHP ERROR [2]: Undefined variable $monitorPanel in D:\XAMPP\htdocs\eimbox-dashboard\eimbox-materio\footer.php on line 157
[10-Mar-2026 19:01:39 Asia/Dhaka] PHP ERROR [2]: Undefined variable $totalDurationPage in D:\XAMPP\htdocs\eimbox-dashboard\eimbox-materio\core\package_checker.php on line 103
[10-Mar-2026 19:01:39 Asia/Dhaka] PHP ERROR [2]: Undefined variable $totalDurationAll in D:\XAMPP\htdocs\eimbox-dashboard\eimbox-materio\core\package_checker.php on line 104
[10-Mar-2026 19:01:39 Asia/Dhaka] PHP ERROR [2]: Undefined variable $totalRecordsPage in D:\XAMPP\htdocs\eimbox-dashboard\eimbox-materio\core\package_checker.php on line 105
[10-Mar-2026 19:01:39 Asia/Dhaka] PHP ERROR [2]: Undefined variable $monitorPanel in D:\XAMPP\htdocs\eimbox-dashboard\eimbox-materio\footer.php on line 157
[10-Mar-2026 19:02:18 Asia/Dhaka] PHP ERROR [2]: Undefined variable $totalDurationPage in D:\XAMPP\htdocs\eimbox-dashboard\eimbox-materio\core\package_checker.php on line 103
[10-Mar-2026 19:02:18 Asia/Dhaka] PHP ERROR [2]: Undefined variable $totalDurationAll in D:\XAMPP\htdocs\eimbox-dashboard\eimbox-materio\core\package_checker.php on line 104
[10-Mar-2026 19:02:18 Asia/Dhaka] PHP ERROR [2]: Undefined variable $totalRecordsPage in D:\XAMPP\htdocs\eimbox-dashboard\eimbox-materio\core\package_checker.php on line 105
[10-Mar-2026 19:02:18 Asia/Dhaka] PHP ERROR [2]: Undefined variable $monitorPanel in D:\XAMPP\htdocs\eimbox-dashboard\eimbox-materio\footer.php on line 157
[10-Mar-2026 19:02:30 Asia/Dhaka] PHP ERROR [2]: Undefined variable $totalDurationPage in D:\XAMPP\htdocs\eimbox-dashboard\eimbox-materio\core\package_checker.php on line 69
[10-Mar-2026 19:02:30 Asia/Dhaka] PHP ERROR [2]: Undefined variable $totalDurationAll in D:\XAMPP\htdocs\eimbox-dashboard\eimbox-materio\core\package_checker.php on line 69
[10-Mar-2026 19:02:30 Asia/Dhaka] PHP ERROR [2]: Undefined variable $totalRecordsPage in D:\XAMPP\htdocs\eimbox-dashboard\eimbox-materio\core\package_checker.php on line 69
[10-Mar-2026 19:02:30 Asia/Dhaka] PHP ERROR [2]: Undefined variable $totalDurationPage in D:\XAMPP\htdocs\eimbox-dashboard\eimbox-materio\core\package_checker.php on line 103
[10-Mar-2026 19:02:30 Asia/Dhaka] PHP ERROR [2]: Undefined variable $totalDurationAll in D:\XAMPP\htdocs\eimbox-dashboard\eimbox-materio\core\package_checker.php on line 104
[10-Mar-2026 19:02:30 Asia/Dhaka] PHP ERROR [2]: Undefined variable $totalRecordsPage in D:\XAMPP\htdocs\eimbox-dashboard\eimbox-materio\core\package_checker.php on line 105
[10-Mar-2026 19:02:30 Asia/Dhaka] PHP ERROR [2]: Undefined variable $monitorPanel in D:\XAMPP\htdocs\eimbox-dashboard\eimbox-materio\footer.php on line 157
[10-Mar-2026 19:03:18 Asia/Dhaka] PHP ERROR [2]: Undefined variable $totalDurationPage in D:\XAMPP\htdocs\eimbox-dashboard\eimbox-materio\core\package_checker.php on line 69
[10-Mar-2026 19:03:18 Asia/Dhaka] PHP ERROR [2]: Undefined variable $totalDurationAll in D:\XAMPP\htdocs\eimbox-dashboard\eimbox-materio\core\package_checker.php on line 69
[10-Mar-2026 19:03:18 Asia/Dhaka] PHP ERROR [2]: Undefined variable $totalRecordsPage in D:\XAMPP\htdocs\eimbox-dashboard\eimbox-materio\core\package_checker.php on line 69
[10-Mar-2026 19:03:18 Asia/Dhaka] PHP ERROR [2]: Undefined variable $totalDurationPage in D:\XAMPP\htdocs\eimbox-dashboard\eimbox-materio\core\package_checker.php on line 103
[10-Mar-2026 19:03:18 Asia/Dhaka] PHP ERROR [2]: Undefined variable $totalDurationAll in D:\XAMPP\htdocs\eimbox-dashboard\eimbox-materio\core\package_checker.php on line 104
[10-Mar-2026 19:03:18 Asia/Dhaka] PHP ERROR [2]: Undefined variable $totalRecordsPage in D:\XAMPP\htdocs\eimbox-dashboard\eimbox-materio\core\package_checker.php on line 105
[10-Mar-2026 19:03:18 Asia/Dhaka] PHP ERROR [2]: Undefined variable $monitorPanel in D:\XAMPP\htdocs\eimbox-dashboard\eimbox-materio\footer.php on line 157
[10-Mar-2026 19:04:42 Asia/Dhaka] PHP ERROR [2]: Undefined variable $totalDurationPage in D:\XAMPP\htdocs\eimbox-dashboard\eimbox-materio\core\package_checker.php on line 103
[10-Mar-2026 19:04:42 Asia/Dhaka] PHP ERROR [2]: Undefined variable $totalDurationAll in D:\XAMPP\htdocs\eimbox-dashboard\eimbox-materio\core\package_checker.php on line 104
[10-Mar-2026 19:04:42 Asia/Dhaka] PHP ERROR [2]: Undefined variable $totalRecordsPage in D:\XAMPP\htdocs\eimbox-dashboard\eimbox-materio\core\package_checker.php on line 105
[10-Mar-2026 19:04:42 Asia/Dhaka] PHP ERROR [2]: Undefined variable $monitorPanel in D:\XAMPP\htdocs\eimbox-dashboard\eimbox-materio\footer.php on line 157
[10-Mar-2026 19:05:28 Asia/Dhaka] PHP ERROR [2]: Undefined variable $totalDurationPage in D:\XAMPP\htdocs\eimbox-dashboard\eimbox-materio\core\package_checker.php on line 103
[10-Mar-2026 19:05:28 Asia/Dhaka] PHP ERROR [2]: Undefined variable $totalDurationAll in D:\XAMPP\htdocs\eimbox-dashboard\eimbox-materio\core\package_checker.php on line 104
[10-Mar-2026 19:05:28 Asia/Dhaka] PHP ERROR [2]: Undefined variable $totalRecordsPage in D:\XAMPP\htdocs\eimbox-dashboard\eimbox-materio\core\package_checker.php on line 105
[10-Mar-2026 19:05:28 Asia/Dhaka] PHP ERROR [2]: Undefined variable $monitorPanel in D:\XAMPP\htdocs\eimbox-dashboard\eimbox-materio\footer.php on line 157
[10-Mar-2026 19:06:48 Asia/Dhaka] PHP ERROR [2]: Undefined variable $totalDurationPage in D:\XAMPP\htdocs\eimbox-dashboard\eimbox-materio\core\package_checker.php on line 103
[10-Mar-2026 19:06:48 Asia/Dhaka] PHP ERROR [2]: Undefined variable $totalDurationAll in D:\XAMPP\htdocs\eimbox-dashboard\eimbox-materio\core\package_checker.php on line 104
[10-Mar-2026 19:06:48 Asia/Dhaka] PHP ERROR [2]: Undefined variable $totalRecordsPage in D:\XAMPP\htdocs\eimbox-dashboard\eimbox-materio\core\package_checker.php on line 105
[10-Mar-2026 19:06:48 Asia/Dhaka] PHP ERROR [2]: Undefined variable $monitorPanel in D:\XAMPP\htdocs\eimbox-dashboard\eimbox-materio\footer.php on line 157
[10-Mar-2026 19:09:26 Asia/Dhaka] PHP ERROR [2]: Undefined variable $totalDurationPage in D:\XAMPP\htdocs\eimbox-dashboard\eimbox-materio\core\package_checker.php on line 103
[10-Mar-2026 19:09:26 Asia/Dhaka] PHP ERROR [2]: Undefined variable $totalDurationAll in D:\XAMPP\htdocs\eimbox-dashboard\eimbox-materio\core\package_checker.php on line 104
[10-Mar-2026 19:09:26 Asia/Dhaka] PHP ERROR [2]: Undefined variable $totalRecordsPage in D:\XAMPP\htdocs\eimbox-dashboard\eimbox-materio\core\package_checker.php on line 105
[10-Mar-2026 19:09:26 Asia/Dhaka] PHP ERROR [2]: Undefined variable $monitorPanel in D:\XAMPP\htdocs\eimbox-dashboard\eimbox-materio\footer.php on line 157
[10-Mar-2026 19:10:37 Asia/Dhaka] PHP ERROR [2]: Undefined variable $totalDurationPage in D:\XAMPP\htdocs\eimbox-dashboard\eimbox-materio\core\package_checker.php on line 103
[10-Mar-2026 19:10:37 Asia/Dhaka] PHP ERROR [2]: Undefined variable $totalDurationAll in D:\XAMPP\htdocs\eimbox-dashboard\eimbox-materio\core\package_checker.php on line 104
[10-Mar-2026 19:10:37 Asia/Dhaka] PHP ERROR [2]: Undefined variable $totalRecordsPage in D:\XAMPP\htdocs\eimbox-dashboard\eimbox-materio\core\package_checker.php on line 105
[10-Mar-2026 19:10:37 Asia/Dhaka] PHP ERROR [2]: Undefined variable $monitorPanel in D:\XAMPP\htdocs\eimbox-dashboard\eimbox-materio\footer.php on line 157
[10-Mar-2026 19:11:16 Asia/Dhaka] PHP ERROR [2]: Undefined variable $totalDurationPage in D:\XAMPP\htdocs\eimbox-dashboard\eimbox-materio\core\package_checker.php on line 103
[10-Mar-2026 19:11:16 Asia/Dhaka] PHP ERROR [2]: Undefined variable $totalDurationAll in D:\XAMPP\htdocs\eimbox-dashboard\eimbox-materio\core\package_checker.php on line 104
[10-Mar-2026 19:11:16 Asia/Dhaka] PHP ERROR [2]: Undefined variable $totalRecordsPage in D:\XAMPP\htdocs\eimbox-dashboard\eimbox-materio\core\package_checker.php on line 105
[10-Mar-2026 19:11:16 Asia/Dhaka] PHP ERROR [2]: Undefined variable $monitorPanel in D:\XAMPP\htdocs\eimbox-dashboard\eimbox-materio\footer.php on line 157
[10-Mar-2026 19:14:10 Asia/Dhaka] PHP ERROR [2]: Undefined variable $totalDurationPage in D:\XAMPP\htdocs\eimbox-dashboard\eimbox-materio\core\package_checker.php on line 103
[10-Mar-2026 19:14:10 Asia/Dhaka] PHP ERROR [2]: Undefined variable $totalDurationAll in D:\XAMPP\htdocs\eimbox-dashboard\eimbox-materio\core\package_checker.php on line 104
[10-Mar-2026 19:14:10 Asia/Dhaka] PHP ERROR [2]: Undefined variable $totalRecordsPage in D:\XAMPP\htdocs\eimbox-dashboard\eimbox-materio\core\package_checker.php on line 105
[10-Mar-2026 19:14:10 Asia/Dhaka] PHP ERROR [2]: Undefined variable $monitorPanel in D:\XAMPP\htdocs\eimbox-dashboard\eimbox-materio\footer.php on line 157
[10-Mar-2026 19:17:18 Asia/Dhaka] PHP ERROR [2]: Undefined variable $totalDurationPage in D:\XAMPP\htdocs\eimbox-dashboard\eimbox-materio\core\package_checker.php on line 103
[10-Mar-2026 19:17:18 Asia/Dhaka] PHP ERROR [2]: Undefined variable $totalDurationAll in D:\XAMPP\htdocs\eimbox-dashboard\eimbox-materio\core\package_checker.php on line 104
[10-Mar-2026 19:17:18 Asia/Dhaka] PHP ERROR [2]: Undefined variable $totalRecordsPage in D:\XAMPP\htdocs\eimbox-dashboard\eimbox-materio\core\package_checker.php on line 105
[10-Mar-2026 19:17:18 Asia/Dhaka] PHP ERROR [2]: Undefined variable $monitorPanel in D:\XAMPP\htdocs\eimbox-dashboard\eimbox-materio\footer.php on line 157
[10-Mar-2026 19:20:03 Asia/Dhaka] PHP ERROR [2]: Undefined variable $totalDurationPage in D:\XAMPP\htdocs\eimbox-dashboard\eimbox-materio\core\package_checker.php on line 103
[10-Mar-2026 19:20:03 Asia/Dhaka] PHP ERROR [2]: Undefined variable $totalDurationAll in D:\XAMPP\htdocs\eimbox-dashboard\eimbox-materio\core\package_checker.php on line 104
[10-Mar-2026 19:20:03 Asia/Dhaka] PHP ERROR [2]: Undefined variable $totalRecordsPage in D:\XAMPP\htdocs\eimbox-dashboard\eimbox-materio\core\package_checker.php on line 105
[10-Mar-2026 19:20:03 Asia/Dhaka] PHP ERROR [2]: Undefined variable $monitorPanel in D:\XAMPP\htdocs\eimbox-dashboard\eimbox-materio\footer.php on line 157
[10-Mar-2026 19:20:28 Asia/Dhaka] PHP ERROR [2]: Undefined variable $totalDurationPage in D:\XAMPP\htdocs\eimbox-dashboard\eimbox-materio\core\package_checker.php on line 103
[10-Mar-2026 19:20:28 Asia/Dhaka] PHP ERROR [2]: Undefined variable $totalDurationAll in D:\XAMPP\htdocs\eimbox-dashboard\eimbox-materio\core\package_checker.php on line 104
[10-Mar-2026 19:20:28 Asia/Dhaka] PHP ERROR [2]: Undefined variable $totalRecordsPage in D:\XAMPP\htdocs\eimbox-dashboard\eimbox-materio\core\package_checker.php on line 105
[10-Mar-2026 19:20:28 Asia/Dhaka] PHP ERROR [2]: Undefined variable $monitorPanel in D:\XAMPP\htdocs\eimbox-dashboard\eimbox-materio\footer.php on line 157